"variable","time_ma","n_cell","resolution","source_path","long_name","unit","source","method","role","source_resolution","output_resolution","aggregation_method"
"MAT_pohl_C",540,4050,"4 degree lon/lat; lon centers -178..178; lat centers -88..88","C:/Users/Google/Documents/HMSC-HIST/Phanerozoic_Environment_540_0Ma_5Myr_4deg_landharmonized_v2/08_rds_export/Phanerozoic_Environment_540_0Ma_5Myr_Level2_4deg_landharmonized_v2_compact_float32.rds","Annual mean surface temperature","degree_C","Pohl et al. 2022, land-harmonized to PALEOMAP PaleoDEM","Pohl monthly-derived climate variables from the original Level 2 workflow, land-harmonized to the PALEOMAP PaleoDEM land mask. Missing Pohl values on PALEOMAP land were filled from the nearest finite PALEOMAP-land Pohl cell using spherical-coordinate nearest-neighbour search; for continuous variables only, the filled cells were then smoothed with a 3 by 3 local mean while original finite cells were left unchanged. Ocean cells were masked to NA for terrestrial ecology use. Fill counts are recorded in land_harmonization_gapfill_audit.csv. Four-degree product: area-weighted mean of finite source 1 degree cells.","Level2 gridded","1 degree Level 2 land-harmonized V2 product","4 degree","area-weighted mean of finite source 1 degree cells"
"MAT_pohl_C",535,4050,"4 degree lon/lat; lon centers -178..178; lat centers -88..88","C:/Users/Google/Documents/HMSC-HIST/Phanerozoic_Environment_540_0Ma_5Myr_4deg_landharmonized_v2/08_rds_export/Phanerozoic_Environment_540_0Ma_5Myr_Level2_4deg_landharmonized_v2_compact_float32.rds","Annual mean surface temperature","degree_C","Pohl et al. 2022, land-harmonized to PALEOMAP PaleoDEM","Pohl monthly-derived climate variables from the original Level 2 workflow, land-harmonized to the PALEOMAP PaleoDEM land mask. Missing Pohl values on PALEOMAP land were filled from the nearest finite PALEOMAP-land Pohl cell using spherical-coordinate nearest-neighbour search; for continuous variables only, the filled cells were then smoothed with a 3 by 3 local mean while original finite cells were left unchanged. Ocean cells were masked to NA for terrestrial ecology use. Fill counts are recorded in land_harmonization_gapfill_audit.csv. Four-degree product: area-weighted mean of finite source 1 degree cells.","Level2 gridded","1 degree Level 2 land-harmonized V2 product","4 degree","area-weighted mean of finite source 1 degree cells"
"MAT_pohl_C",530,4050,"4 degree lon/lat; lon centers -178..178; lat centers -88..88","C:/Users/Google/Documents/HMSC-HIST/Phanerozoic_Environment_540_0Ma_5Myr_4deg_landharmonized_v2/08_rds_export/Phanerozoic_Environment_540_0Ma_5Myr_Level2_4deg_landharmonized_v2_compact_float32.rds","Annual mean surface temperature","degree_C","Pohl et al. 2022, land-harmonized to PALEOMAP PaleoDEM","Pohl monthly-derived climate variables from the original Level 2 workflow, land-harmonized to the PALEOMAP PaleoDEM land mask. Missing Pohl values on PALEOMAP land were filled from the nearest finite PALEOMAP-land Pohl cell using spherical-coordinate nearest-neighbour search; for continuous variables only, the filled cells were then smoothed with a 3 by 3 local mean while original finite cells were left unchanged. Ocean cells were masked to NA for terrestrial ecology use. Fill counts are recorded in land_harmonization_gapfill_audit.csv. Four-degree product: area-weighted mean of finite source 1 degree cells.","Level2 gridded","1 degree Level 2 land-harmonized V2 product","4 degree","area-weighted mean of finite source 1 degree cells"
"MAT_pohl_C",525,4050,"4 degree lon/lat; lon centers -178..178; lat centers -88..88","C:/Users/Google/Documents/HMSC-HIST/Phanerozoic_Environment_540_0Ma_5Myr_4deg_landharmonized_v2/08_rds_export/Phanerozoic_Environment_540_0Ma_5Myr_Level2_4deg_landharmonized_v2_compact_float32.rds","Annual mean surface temperature","degree_C","Pohl et al. 2022, land-harmonized to PALEOMAP PaleoDEM","Pohl monthly-derived climate variables from the original Level 2 workflow, land-harmonized to the PALEOMAP PaleoDEM land mask. Missing Pohl values on PALEOMAP land were filled from the nearest finite PALEOMAP-land Pohl cell using spherical-coordinate nearest-neighbour search; for continuous variables only, the filled cells were then smoothed with a 3 by 3 local mean while original finite cells were left unchanged. Ocean cells were masked to NA for terrestrial ecology use. Fill counts are recorded in land_harmonization_gapfill_audit.csv. Four-degree product: area-weighted mean of finite source 1 degree cells.","Level2 gridded","1 degree Level 2 land-harmonized V2 product","4 degree","area-weighted mean of finite source 1 degree cells"
"MAT_pohl_C",520,4050,"4 degree lon/lat; lon centers -178..178; lat centers -88..88","C:/Users/Google/Documents/HMSC-HIST/Phanerozoic_Environment_540_0Ma_5Myr_4deg_landharmonized_v2/08_rds_export/Phanerozoic_Environment_540_0Ma_5Myr_Level2_4deg_landharmonized_v2_compact_float32.rds","Annual mean surface temperature","degree_C","Pohl et al. 2022, land-harmonized to PALEOMAP PaleoDEM","Pohl monthly-derived climate variables from the original Level 2 workflow, land-harmonized to the PALEOMAP PaleoDEM land mask. Missing Pohl values on PALEOMAP land were filled from the nearest finite PALEOMAP-land Pohl cell using spherical-coordinate nearest-neighbour search; for continuous variables only, the filled cells were then smoothed with a 3 by 3 local mean while original finite cells were left unchanged. Ocean cells were masked to NA for terrestrial ecology use. Fill counts are recorded in land_harmonization_gapfill_audit.csv. Four-degree product: area-weighted mean of finite source 1 degree cells.","Level2 gridded","1 degree Level 2 land-harmonized V2 product","4 degree","area-weighted mean of finite source 1 degree cells"
"MAT_pohl_C",515,4050,"4 degree lon/lat; lon centers -178..178; lat centers -88..88","C:/Users/Google/Documents/HMSC-HIST/Phanerozoic_Environment_540_0Ma_5Myr_4deg_landharmonized_v2/08_rds_export/Phanerozoic_Environment_540_0Ma_5Myr_Level2_4deg_landharmonized_v2_compact_float32.rds","Annual mean surface temperature","degree_C","Pohl et al. 2022, land-harmonized to PALEOMAP PaleoDEM","Pohl monthly-derived climate variables from the original Level 2 workflow, land-harmonized to the PALEOMAP PaleoDEM land mask. Missing Pohl values on PALEOMAP land were filled from the nearest finite PALEOMAP-land Pohl cell using spherical-coordinate nearest-neighbour search; for continuous variables only, the filled cells were then smoothed with a 3 by 3 local mean while original finite cells were left unchanged. Ocean cells were masked to NA for terrestrial ecology use. Fill counts are recorded in land_harmonization_gapfill_audit.csv. Four-degree product: area-weighted mean of finite source 1 degree cells.","Level2 gridded","1 degree Level 2 land-harmonized V2 product","4 degree","area-weighted mean of finite source 1 degree cells"
"MAT_pohl_C",510,4050,"4 degree lon/lat; lon centers -178..178; lat centers -88..88","C:/Users/Google/Documents/HMSC-HIST/Phanerozoic_Environment_540_0Ma_5Myr_4deg_landharmonized_v2/08_rds_export/Phanerozoic_Environment_540_0Ma_5Myr_Level2_4deg_landharmonized_v2_compact_float32.rds","Annual mean surface temperature","degree_C","Pohl et al. 2022, land-harmonized to PALEOMAP PaleoDEM","Pohl monthly-derived climate variables from the original Level 2 workflow, land-harmonized to the PALEOMAP PaleoDEM land mask. Missing Pohl values on PALEOMAP land were filled from the nearest finite PALEOMAP-land Pohl cell using spherical-coordinate nearest-neighbour search; for continuous variables only, the filled cells were then smoothed with a 3 by 3 local mean while original finite cells were left unchanged. Ocean cells were masked to NA for terrestrial ecology use. Fill counts are recorded in land_harmonization_gapfill_audit.csv. Four-degree product: area-weighted mean of finite source 1 degree cells.","Level2 gridded","1 degree Level 2 land-harmonized V2 product","4 degree","area-weighted mean of finite source 1 degree cells"
"MAT_pohl_C",505,4050,"4 degree lon/lat; lon centers -178..178; lat centers -88..88","C:/Users/Google/Documents/HMSC-HIST/Phanerozoic_Environment_540_0Ma_5Myr_4deg_landharmonized_v2/08_rds_export/Phanerozoic_Environment_540_0Ma_5Myr_Level2_4deg_landharmonized_v2_compact_float32.rds","Annual mean surface temperature","degree_C","Pohl et al. 2022, land-harmonized to PALEOMAP PaleoDEM","Pohl monthly-derived climate variables from the original Level 2 workflow, land-harmonized to the PALEOMAP PaleoDEM land mask. Missing Pohl values on PALEOMAP land were filled from the nearest finite PALEOMAP-land Pohl cell using spherical-coordinate nearest-neighbour search; for continuous variables only, the filled cells were then smoothed with a 3 by 3 local mean while original finite cells were left unchanged. Ocean cells were masked to NA for terrestrial ecology use. Fill counts are recorded in land_harmonization_gapfill_audit.csv. Four-degree product: area-weighted mean of finite source 1 degree cells.","Level2 gridded","1 degree Level 2 land-harmonized V2 product","4 degree","area-weighted mean of finite source 1 degree cells"
"MAT_pohl_C",500,4050,"4 degree lon/lat; lon centers -178..178; lat centers -88..88","C:/Users/Google/Documents/HMSC-HIST/Phanerozoic_Environment_540_0Ma_5Myr_4deg_landharmonized_v2/08_rds_export/Phanerozoic_Environment_540_0Ma_5Myr_Level2_4deg_landharmonized_v2_compact_float32.rds","Annual mean surface temperature","degree_C","Pohl et al. 2022, land-harmonized to PALEOMAP PaleoDEM","Pohl monthly-derived climate variables from the original Level 2 workflow, land-harmonized to the PALEOMAP PaleoDEM land mask. Missing Pohl values on PALEOMAP land were filled from the nearest finite PALEOMAP-land Pohl cell using spherical-coordinate nearest-neighbour search; for continuous variables only, the filled cells were then smoothed with a 3 by 3 local mean while original finite cells were left unchanged. Ocean cells were masked to NA for terrestrial ecology use. Fill counts are recorded in land_harmonization_gapfill_audit.csv. Four-degree product: area-weighted mean of finite source 1 degree cells.","Level2 gridded","1 degree Level 2 land-harmonized V2 product","4 degree","area-weighted mean of finite source 1 degree cells"
"MAT_pohl_C",495,4050,"4 degree lon/lat; lon centers -178..178; lat centers -88..88","C:/Users/Google/Documents/HMSC-HIST/Phanerozoic_Environment_540_0Ma_5Myr_4deg_landharmonized_v2/08_rds_export/Phanerozoic_Environment_540_0Ma_5Myr_Level2_4deg_landharmonized_v2_compact_float32.rds","Annual mean surface temperature","degree_C","Pohl et al. 2022, land-harmonized to PALEOMAP PaleoDEM","Pohl monthly-derived climate variables from the original Level 2 workflow, land-harmonized to the PALEOMAP PaleoDEM land mask. Missing Pohl values on PALEOMAP land were filled from the nearest finite PALEOMAP-land Pohl cell using spherical-coordinate nearest-neighbour search; for continuous variables only, the filled cells were then smoothed with a 3 by 3 local mean while original finite cells were left unchanged. Ocean cells were masked to NA for terrestrial ecology use. Fill counts are recorded in land_harmonization_gapfill_audit.csv. Four-degree product: area-weighted mean of finite source 1 degree cells.","Level2 gridded","1 degree Level 2 land-harmonized V2 product","4 degree","area-weighted mean of finite source 1 degree cells"
"MAT_pohl_C",490,4050,"4 degree lon/lat; lon centers -178..178; lat centers -88..88","C:/Users/Google/Documents/HMSC-HIST/Phanerozoic_Environment_540_0Ma_5Myr_4deg_landharmonized_v2/08_rds_export/Phanerozoic_Environment_540_0Ma_5Myr_Level2_4deg_landharmonized_v2_compact_float32.rds","Annual mean surface temperature","degree_C","Pohl et al. 2022, land-harmonized to PALEOMAP PaleoDEM","Pohl monthly-derived climate variables from the original Level 2 workflow, land-harmonized to the PALEOMAP PaleoDEM land mask. Missing Pohl values on PALEOMAP land were filled from the nearest finite PALEOMAP-land Pohl cell using spherical-coordinate nearest-neighbour search; for continuous variables only, the filled cells were then smoothed with a 3 by 3 local mean while original finite cells were left unchanged. Ocean cells were masked to NA for terrestrial ecology use. Fill counts are recorded in land_harmonization_gapfill_audit.csv. Four-degree product: area-weighted mean of finite source 1 degree cells.","Level2 gridded","1 degree Level 2 land-harmonized V2 product","4 degree","area-weighted mean of finite source 1 degree cells"
"MAT_pohl_C",485,4050,"4 degree lon/lat; lon centers -178..178; lat centers -88..88","C:/Users/Google/Documents/HMSC-HIST/Phanerozoic_Environment_540_0Ma_5Myr_4deg_landharmonized_v2/08_rds_export/Phanerozoic_Environment_540_0Ma_5Myr_Level2_4deg_landharmonized_v2_compact_float32.rds","Annual mean surface temperature","degree_C","Pohl et al. 2022, land-harmonized to PALEOMAP PaleoDEM","Pohl monthly-derived climate variables from the original Level 2 workflow, land-harmonized to the PALEOMAP PaleoDEM land mask. Missing Pohl values on PALEOMAP land were filled from the nearest finite PALEOMAP-land Pohl cell using spherical-coordinate nearest-neighbour search; for continuous variables only, the filled cells were then smoothed with a 3 by 3 local mean while original finite cells were left unchanged. Ocean cells were masked to NA for terrestrial ecology use. Fill counts are recorded in land_harmonization_gapfill_audit.csv. Four-degree product: area-weighted mean of finite source 1 degree cells.","Level2 gridded","1 degree Level 2 land-harmonized V2 product","4 degree","area-weighted mean of finite source 1 degree cells"
"MAT_pohl_C",480,4050,"4 degree lon/lat; lon centers -178..178; lat centers -88..88","C:/Users/Google/Documents/HMSC-HIST/Phanerozoic_Environment_540_0Ma_5Myr_4deg_landharmonized_v2/08_rds_export/Phanerozoic_Environment_540_0Ma_5Myr_Level2_4deg_landharmonized_v2_compact_float32.rds","Annual mean surface temperature","degree_C","Pohl et al. 2022, land-harmonized to PALEOMAP PaleoDEM","Pohl monthly-derived climate variables from the original Level 2 workflow, land-harmonized to the PALEOMAP PaleoDEM land mask. Missing Pohl values on PALEOMAP land were filled from the nearest finite PALEOMAP-land Pohl cell using spherical-coordinate nearest-neighbour search; for continuous variables only, the filled cells were then smoothed with a 3 by 3 local mean while original finite cells were left unchanged. Ocean cells were masked to NA for terrestrial ecology use. Fill counts are recorded in land_harmonization_gapfill_audit.csv. Four-degree product: area-weighted mean of finite source 1 degree cells.","Level2 gridded","1 degree Level 2 land-harmonized V2 product","4 degree","area-weighted mean of finite source 1 degree cells"
"MAT_pohl_C",475,4050,"4 degree lon/lat; lon centers -178..178; lat centers -88..88","C:/Users/Google/Documents/HMSC-HIST/Phanerozoic_Environment_540_0Ma_5Myr_4deg_landharmonized_v2/08_rds_export/Phanerozoic_Environment_540_0Ma_5Myr_Level2_4deg_landharmonized_v2_compact_float32.rds","Annual mean surface temperature","degree_C","Pohl et al. 2022, land-harmonized to PALEOMAP PaleoDEM","Pohl monthly-derived climate variables from the original Level 2 workflow, land-harmonized to the PALEOMAP PaleoDEM land mask. Missing Pohl values on PALEOMAP land were filled from the nearest finite PALEOMAP-land Pohl cell using spherical-coordinate nearest-neighbour search; for continuous variables only, the filled cells were then smoothed with a 3 by 3 local mean while original finite cells were left unchanged. Ocean cells were masked to NA for terrestrial ecology use. Fill counts are recorded in land_harmonization_gapfill_audit.csv. Four-degree product: area-weighted mean of finite source 1 degree cells.","Level2 gridded","1 degree Level 2 land-harmonized V2 product","4 degree","area-weighted mean of finite source 1 degree cells"
"MAT_pohl_C",470,4050,"4 degree lon/lat; lon centers -178..178; lat centers -88..88","C:/Users/Google/Documents/HMSC-HIST/Phanerozoic_Environment_540_0Ma_5Myr_4deg_landharmonized_v2/08_rds_export/Phanerozoic_Environment_540_0Ma_5Myr_Level2_4deg_landharmonized_v2_compact_float32.rds","Annual mean surface temperature","degree_C","Pohl et al. 2022, land-harmonized to PALEOMAP PaleoDEM","Pohl monthly-derived climate variables from the original Level 2 workflow, land-harmonized to the PALEOMAP PaleoDEM land mask. Missing Pohl values on PALEOMAP land were filled from the nearest finite PALEOMAP-land Pohl cell using spherical-coordinate nearest-neighbour search; for continuous variables only, the filled cells were then smoothed with a 3 by 3 local mean while original finite cells were left unchanged. Ocean cells were masked to NA for terrestrial ecology use. Fill counts are recorded in land_harmonization_gapfill_audit.csv. Four-degree product: area-weighted mean of finite source 1 degree cells.","Level2 gridded","1 degree Level 2 land-harmonized V2 product","4 degree","area-weighted mean of finite source 1 degree cells"
"MAT_pohl_C",465,4050,"4 degree lon/lat; lon centers -178..178; lat centers -88..88","C:/Users/Google/Documents/HMSC-HIST/Phanerozoic_Environment_540_0Ma_5Myr_4deg_landharmonized_v2/08_rds_export/Phanerozoic_Environment_540_0Ma_5Myr_Level2_4deg_landharmonized_v2_compact_float32.rds","Annual mean surface temperature","degree_C","Pohl et al. 2022, land-harmonized to PALEOMAP PaleoDEM","Pohl monthly-derived climate variables from the original Level 2 workflow, land-harmonized to the PALEOMAP PaleoDEM land mask. Missing Pohl values on PALEOMAP land were filled from the nearest finite PALEOMAP-land Pohl cell using spherical-coordinate nearest-neighbour search; for continuous variables only, the filled cells were then smoothed with a 3 by 3 local mean while original finite cells were left unchanged. Ocean cells were masked to NA for terrestrial ecology use. Fill counts are recorded in land_harmonization_gapfill_audit.csv. Four-degree product: area-weighted mean of finite source 1 degree cells.","Level2 gridded","1 degree Level 2 land-harmonized V2 product","4 degree","area-weighted mean of finite source 1 degree cells"
"MAT_pohl_C",460,4050,"4 degree lon/lat; lon centers -178..178; lat centers -88..88","C:/Users/Google/Documents/HMSC-HIST/Phanerozoic_Environment_540_0Ma_5Myr_4deg_landharmonized_v2/08_rds_export/Phanerozoic_Environment_540_0Ma_5Myr_Level2_4deg_landharmonized_v2_compact_float32.rds","Annual mean surface temperature","degree_C","Pohl et al. 2022, land-harmonized to PALEOMAP PaleoDEM","Pohl monthly-derived climate variables from the original Level 2 workflow, land-harmonized to the PALEOMAP PaleoDEM land mask. Missing Pohl values on PALEOMAP land were filled from the nearest finite PALEOMAP-land Pohl cell using spherical-coordinate nearest-neighbour search; for continuous variables only, the filled cells were then smoothed with a 3 by 3 local mean while original finite cells were left unchanged. Ocean cells were masked to NA for terrestrial ecology use. Fill counts are recorded in land_harmonization_gapfill_audit.csv. Four-degree product: area-weighted mean of finite source 1 degree cells.","Level2 gridded","1 degree Level 2 land-harmonized V2 product","4 degree","area-weighted mean of finite source 1 degree cells"
"MAT_pohl_C",455,4050,"4 degree lon/lat; lon centers -178..178; lat centers -88..88","C:/Users/Google/Documents/HMSC-HIST/Phanerozoic_Environment_540_0Ma_5Myr_4deg_landharmonized_v2/08_rds_export/Phanerozoic_Environment_540_0Ma_5Myr_Level2_4deg_landharmonized_v2_compact_float32.rds","Annual mean surface temperature","degree_C","Pohl et al. 2022, land-harmonized to PALEOMAP PaleoDEM","Pohl monthly-derived climate variables from the original Level 2 workflow, land-harmonized to the PALEOMAP PaleoDEM land mask. Missing Pohl values on PALEOMAP land were filled from the nearest finite PALEOMAP-land Pohl cell using spherical-coordinate nearest-neighbour search; for continuous variables only, the filled cells were then smoothed with a 3 by 3 local mean while original finite cells were left unchanged. Ocean cells were masked to NA for terrestrial ecology use. Fill counts are recorded in land_harmonization_gapfill_audit.csv. Four-degree product: area-weighted mean of finite source 1 degree cells.","Level2 gridded","1 degree Level 2 land-harmonized V2 product","4 degree","area-weighted mean of finite source 1 degree cells"
"MAT_pohl_C",450,4050,"4 degree lon/lat; lon centers -178..178; lat centers -88..88","C:/Users/Google/Documents/HMSC-HIST/Phanerozoic_Environment_540_0Ma_5Myr_4deg_landharmonized_v2/08_rds_export/Phanerozoic_Environment_540_0Ma_5Myr_Level2_4deg_landharmonized_v2_compact_float32.rds","Annual mean surface temperature","degree_C","Pohl et al. 2022, land-harmonized to PALEOMAP PaleoDEM","Pohl monthly-derived climate variables from the original Level 2 workflow, land-harmonized to the PALEOMAP PaleoDEM land mask. Missing Pohl values on PALEOMAP land were filled from the nearest finite PALEOMAP-land Pohl cell using spherical-coordinate nearest-neighbour search; for continuous variables only, the filled cells were then smoothed with a 3 by 3 local mean while original finite cells were left unchanged. Ocean cells were masked to NA for terrestrial ecology use. Fill counts are recorded in land_harmonization_gapfill_audit.csv. Four-degree product: area-weighted mean of finite source 1 degree cells.","Level2 gridded","1 degree Level 2 land-harmonized V2 product","4 degree","area-weighted mean of finite source 1 degree cells"
"MAT_pohl_C",445,4050,"4 degree lon/lat; lon centers -178..178; lat centers -88..88","C:/Users/Google/Documents/HMSC-HIST/Phanerozoic_Environment_540_0Ma_5Myr_4deg_landharmonized_v2/08_rds_export/Phanerozoic_Environment_540_0Ma_5Myr_Level2_4deg_landharmonized_v2_compact_float32.rds","Annual mean surface temperature","degree_C","Pohl et al. 2022, land-harmonized to PALEOMAP PaleoDEM","Pohl monthly-derived climate variables from the original Level 2 workflow, land-harmonized to the PALEOMAP PaleoDEM land mask. Missing Pohl values on PALEOMAP land were filled from the nearest finite PALEOMAP-land Pohl cell using spherical-coordinate nearest-neighbour search; for continuous variables only, the filled cells were then smoothed with a 3 by 3 local mean while original finite cells were left unchanged. Ocean cells were masked to NA for terrestrial ecology use. Fill counts are recorded in land_harmonization_gapfill_audit.csv. Four-degree product: area-weighted mean of finite source 1 degree cells.","Level2 gridded","1 degree Level 2 land-harmonized V2 product","4 degree","area-weighted mean of finite source 1 degree cells"
"MAT_pohl_C",440,4050,"4 degree lon/lat; lon centers -178..178; lat centers -88..88","C:/Users/Google/Documents/HMSC-HIST/Phanerozoic_Environment_540_0Ma_5Myr_4deg_landharmonized_v2/08_rds_export/Phanerozoic_Environment_540_0Ma_5Myr_Level2_4deg_landharmonized_v2_compact_float32.rds","Annual mean surface temperature","degree_C","Pohl et al. 2022, land-harmonized to PALEOMAP PaleoDEM","Pohl monthly-derived climate variables from the original Level 2 workflow, land-harmonized to the PALEOMAP PaleoDEM land mask. Missing Pohl values on PALEOMAP land were filled from the nearest finite PALEOMAP-land Pohl cell using spherical-coordinate nearest-neighbour search; for continuous variables only, the filled cells were then smoothed with a 3 by 3 local mean while original finite cells were left unchanged. Ocean cells were masked to NA for terrestrial ecology use. Fill counts are recorded in land_harmonization_gapfill_audit.csv. Four-degree product: area-weighted mean of finite source 1 degree cells.","Level2 gridded","1 degree Level 2 land-harmonized V2 product","4 degree","area-weighted mean of finite source 1 degree cells"
"MAT_pohl_C",435,4050,"4 degree lon/lat; lon centers -178..178; lat centers -88..88","C:/Users/Google/Documents/HMSC-HIST/Phanerozoic_Environment_540_0Ma_5Myr_4deg_landharmonized_v2/08_rds_export/Phanerozoic_Environment_540_0Ma_5Myr_Level2_4deg_landharmonized_v2_compact_float32.rds","Annual mean surface temperature","degree_C","Pohl et al. 2022, land-harmonized to PALEOMAP PaleoDEM","Pohl monthly-derived climate variables from the original Level 2 workflow, land-harmonized to the PALEOMAP PaleoDEM land mask. Missing Pohl values on PALEOMAP land were filled from the nearest finite PALEOMAP-land Pohl cell using spherical-coordinate nearest-neighbour search; for continuous variables only, the filled cells were then smoothed with a 3 by 3 local mean while original finite cells were left unchanged. Ocean cells were masked to NA for terrestrial ecology use. Fill counts are recorded in land_harmonization_gapfill_audit.csv. Four-degree product: area-weighted mean of finite source 1 degree cells.","Level2 gridded","1 degree Level 2 land-harmonized V2 product","4 degree","area-weighted mean of finite source 1 degree cells"
"MAT_pohl_C",430,4050,"4 degree lon/lat; lon centers -178..178; lat centers -88..88","C:/Users/Google/Documents/HMSC-HIST/Phanerozoic_Environment_540_0Ma_5Myr_4deg_landharmonized_v2/08_rds_export/Phanerozoic_Environment_540_0Ma_5Myr_Level2_4deg_landharmonized_v2_compact_float32.rds","Annual mean surface temperature","degree_C","Pohl et al. 2022, land-harmonized to PALEOMAP PaleoDEM","Pohl monthly-derived climate variables from the original Level 2 workflow, land-harmonized to the PALEOMAP PaleoDEM land mask. Missing Pohl values on PALEOMAP land were filled from the nearest finite PALEOMAP-land Pohl cell using spherical-coordinate nearest-neighbour search; for continuous variables only, the filled cells were then smoothed with a 3 by 3 local mean while original finite cells were left unchanged. Ocean cells were masked to NA for terrestrial ecology use. Fill counts are recorded in land_harmonization_gapfill_audit.csv. Four-degree product: area-weighted mean of finite source 1 degree cells.","Level2 gridded","1 degree Level 2 land-harmonized V2 product","4 degree","area-weighted mean of finite source 1 degree cells"
"MAT_pohl_C",425,4050,"4 degree lon/lat; lon centers -178..178; lat centers -88..88","C:/Users/Google/Documents/HMSC-HIST/Phanerozoic_Environment_540_0Ma_5Myr_4deg_landharmonized_v2/08_rds_export/Phanerozoic_Environment_540_0Ma_5Myr_Level2_4deg_landharmonized_v2_compact_float32.rds","Annual mean surface temperature","degree_C","Pohl et al. 2022, land-harmonized to PALEOMAP PaleoDEM","Pohl monthly-derived climate variables from the original Level 2 workflow, land-harmonized to the PALEOMAP PaleoDEM land mask. Missing Pohl values on PALEOMAP land were filled from the nearest finite PALEOMAP-land Pohl cell using spherical-coordinate nearest-neighbour search; for continuous variables only, the filled cells were then smoothed with a 3 by 3 local mean while original finite cells were left unchanged. Ocean cells were masked to NA for terrestrial ecology use. Fill counts are recorded in land_harmonization_gapfill_audit.csv. Four-degree product: area-weighted mean of finite source 1 degree cells.","Level2 gridded","1 degree Level 2 land-harmonized V2 product","4 degree","area-weighted mean of finite source 1 degree cells"
"MAT_pohl_C",420,4050,"4 degree lon/lat; lon centers -178..178; lat centers -88..88","C:/Users/Google/Documents/HMSC-HIST/Phanerozoic_Environment_540_0Ma_5Myr_4deg_landharmonized_v2/08_rds_export/Phanerozoic_Environment_540_0Ma_5Myr_Level2_4deg_landharmonized_v2_compact_float32.rds","Annual mean surface temperature","degree_C","Pohl et al. 2022, land-harmonized to PALEOMAP PaleoDEM","Pohl monthly-derived climate variables from the original Level 2 workflow, land-harmonized to the PALEOMAP PaleoDEM land mask. Missing Pohl values on PALEOMAP land were filled from the nearest finite PALEOMAP-land Pohl cell using spherical-coordinate nearest-neighbour search; for continuous variables only, the filled cells were then smoothed with a 3 by 3 local mean while original finite cells were left unchanged. Ocean cells were masked to NA for terrestrial ecology use. Fill counts are recorded in land_harmonization_gapfill_audit.csv. Four-degree product: area-weighted mean of finite source 1 degree cells.","Level2 gridded","1 degree Level 2 land-harmonized V2 product","4 degree","area-weighted mean of finite source 1 degree cells"
"MAT_pohl_C",415,4050,"4 degree lon/lat; lon centers -178..178; lat centers -88..88","C:/Users/Google/Documents/HMSC-HIST/Phanerozoic_Environment_540_0Ma_5Myr_4deg_landharmonized_v2/08_rds_export/Phanerozoic_Environment_540_0Ma_5Myr_Level2_4deg_landharmonized_v2_compact_float32.rds","Annual mean surface temperature","degree_C","Pohl et al. 2022, land-harmonized to PALEOMAP PaleoDEM","Pohl monthly-derived climate variables from the original Level 2 workflow, land-harmonized to the PALEOMAP PaleoDEM land mask. Missing Pohl values on PALEOMAP land were filled from the nearest finite PALEOMAP-land Pohl cell using spherical-coordinate nearest-neighbour search; for continuous variables only, the filled cells were then smoothed with a 3 by 3 local mean while original finite cells were left unchanged. Ocean cells were masked to NA for terrestrial ecology use. Fill counts are recorded in land_harmonization_gapfill_audit.csv. Four-degree product: area-weighted mean of finite source 1 degree cells.","Level2 gridded","1 degree Level 2 land-harmonized V2 product","4 degree","area-weighted mean of finite source 1 degree cells"
"MAT_pohl_C",410,4050,"4 degree lon/lat; lon centers -178..178; lat centers -88..88","C:/Users/Google/Documents/HMSC-HIST/Phanerozoic_Environment_540_0Ma_5Myr_4deg_landharmonized_v2/08_rds_export/Phanerozoic_Environment_540_0Ma_5Myr_Level2_4deg_landharmonized_v2_compact_float32.rds","Annual mean surface temperature","degree_C","Pohl et al. 2022, land-harmonized to PALEOMAP PaleoDEM","Pohl monthly-derived climate variables from the original Level 2 workflow, land-harmonized to the PALEOMAP PaleoDEM land mask. Missing Pohl values on PALEOMAP land were filled from the nearest finite PALEOMAP-land Pohl cell using spherical-coordinate nearest-neighbour search; for continuous variables only, the filled cells were then smoothed with a 3 by 3 local mean while original finite cells were left unchanged. Ocean cells were masked to NA for terrestrial ecology use. Fill counts are recorded in land_harmonization_gapfill_audit.csv. Four-degree product: area-weighted mean of finite source 1 degree cells.","Level2 gridded","1 degree Level 2 land-harmonized V2 product","4 degree","area-weighted mean of finite source 1 degree cells"
"MAT_pohl_C",405,4050,"4 degree lon/lat; lon centers -178..178; lat centers -88..88","C:/Users/Google/Documents/HMSC-HIST/Phanerozoic_Environment_540_0Ma_5Myr_4deg_landharmonized_v2/08_rds_export/Phanerozoic_Environment_540_0Ma_5Myr_Level2_4deg_landharmonized_v2_compact_float32.rds","Annual mean surface temperature","degree_C","Pohl et al. 2022, land-harmonized to PALEOMAP PaleoDEM","Pohl monthly-derived climate variables from the original Level 2 workflow, land-harmonized to the PALEOMAP PaleoDEM land mask. Missing Pohl values on PALEOMAP land were filled from the nearest finite PALEOMAP-land Pohl cell using spherical-coordinate nearest-neighbour search; for continuous variables only, the filled cells were then smoothed with a 3 by 3 local mean while original finite cells were left unchanged. Ocean cells were masked to NA for terrestrial ecology use. Fill counts are recorded in land_harmonization_gapfill_audit.csv. Four-degree product: area-weighted mean of finite source 1 degree cells.","Level2 gridded","1 degree Level 2 land-harmonized V2 product","4 degree","area-weighted mean of finite source 1 degree cells"
"MAT_pohl_C",400,4050,"4 degree lon/lat; lon centers -178..178; lat centers -88..88","C:/Users/Google/Documents/HMSC-HIST/Phanerozoic_Environment_540_0Ma_5Myr_4deg_landharmonized_v2/08_rds_export/Phanerozoic_Environment_540_0Ma_5Myr_Level2_4deg_landharmonized_v2_compact_float32.rds","Annual mean surface temperature","degree_C","Pohl et al. 2022, land-harmonized to PALEOMAP PaleoDEM","Pohl monthly-derived climate variables from the original Level 2 workflow, land-harmonized to the PALEOMAP PaleoDEM land mask. Missing Pohl values on PALEOMAP land were filled from the nearest finite PALEOMAP-land Pohl cell using spherical-coordinate nearest-neighbour search; for continuous variables only, the filled cells were then smoothed with a 3 by 3 local mean while original finite cells were left unchanged. Ocean cells were masked to NA for terrestrial ecology use. Fill counts are recorded in land_harmonization_gapfill_audit.csv. Four-degree product: area-weighted mean of finite source 1 degree cells.","Level2 gridded","1 degree Level 2 land-harmonized V2 product","4 degree","area-weighted mean of finite source 1 degree cells"
"MAT_pohl_C",395,4050,"4 degree lon/lat; lon centers -178..178; lat centers -88..88","C:/Users/Google/Documents/HMSC-HIST/Phanerozoic_Environment_540_0Ma_5Myr_4deg_landharmonized_v2/08_rds_export/Phanerozoic_Environment_540_0Ma_5Myr_Level2_4deg_landharmonized_v2_compact_float32.rds","Annual mean surface temperature","degree_C","Pohl et al. 2022, land-harmonized to PALEOMAP PaleoDEM","Pohl monthly-derived climate variables from the original Level 2 workflow, land-harmonized to the PALEOMAP PaleoDEM land mask. Missing Pohl values on PALEOMAP land were filled from the nearest finite PALEOMAP-land Pohl cell using spherical-coordinate nearest-neighbour search; for continuous variables only, the filled cells were then smoothed with a 3 by 3 local mean while original finite cells were left unchanged. Ocean cells were masked to NA for terrestrial ecology use. Fill counts are recorded in land_harmonization_gapfill_audit.csv. Four-degree product: area-weighted mean of finite source 1 degree cells.","Level2 gridded","1 degree Level 2 land-harmonized V2 product","4 degree","area-weighted mean of finite source 1 degree cells"
"MAT_pohl_C",390,4050,"4 degree lon/lat; lon centers -178..178; lat centers -88..88","C:/Users/Google/Documents/HMSC-HIST/Phanerozoic_Environment_540_0Ma_5Myr_4deg_landharmonized_v2/08_rds_export/Phanerozoic_Environment_540_0Ma_5Myr_Level2_4deg_landharmonized_v2_compact_float32.rds","Annual mean surface temperature","degree_C","Pohl et al. 2022, land-harmonized to PALEOMAP PaleoDEM","Pohl monthly-derived climate variables from the original Level 2 workflow, land-harmonized to the PALEOMAP PaleoDEM land mask. Missing Pohl values on PALEOMAP land were filled from the nearest finite PALEOMAP-land Pohl cell using spherical-coordinate nearest-neighbour search; for continuous variables only, the filled cells were then smoothed with a 3 by 3 local mean while original finite cells were left unchanged. Ocean cells were masked to NA for terrestrial ecology use. Fill counts are recorded in land_harmonization_gapfill_audit.csv. Four-degree product: area-weighted mean of finite source 1 degree cells.","Level2 gridded","1 degree Level 2 land-harmonized V2 product","4 degree","area-weighted mean of finite source 1 degree cells"
"MAT_pohl_C",385,4050,"4 degree lon/lat; lon centers -178..178; lat centers -88..88","C:/Users/Google/Documents/HMSC-HIST/Phanerozoic_Environment_540_0Ma_5Myr_4deg_landharmonized_v2/08_rds_export/Phanerozoic_Environment_540_0Ma_5Myr_Level2_4deg_landharmonized_v2_compact_float32.rds","Annual mean surface temperature","degree_C","Pohl et al. 2022, land-harmonized to PALEOMAP PaleoDEM","Pohl monthly-derived climate variables from the original Level 2 workflow, land-harmonized to the PALEOMAP PaleoDEM land mask. Missing Pohl values on PALEOMAP land were filled from the nearest finite PALEOMAP-land Pohl cell using spherical-coordinate nearest-neighbour search; for continuous variables only, the filled cells were then smoothed with a 3 by 3 local mean while original finite cells were left unchanged. Ocean cells were masked to NA for terrestrial ecology use. Fill counts are recorded in land_harmonization_gapfill_audit.csv. Four-degree product: area-weighted mean of finite source 1 degree cells.","Level2 gridded","1 degree Level 2 land-harmonized V2 product","4 degree","area-weighted mean of finite source 1 degree cells"
"MAT_pohl_C",380,4050,"4 degree lon/lat; lon centers -178..178; lat centers -88..88","C:/Users/Google/Documents/HMSC-HIST/Phanerozoic_Environment_540_0Ma_5Myr_4deg_landharmonized_v2/08_rds_export/Phanerozoic_Environment_540_0Ma_5Myr_Level2_4deg_landharmonized_v2_compact_float32.rds","Annual mean surface temperature","degree_C","Pohl et al. 2022, land-harmonized to PALEOMAP PaleoDEM","Pohl monthly-derived climate variables from the original Level 2 workflow, land-harmonized to the PALEOMAP PaleoDEM land mask. Missing Pohl values on PALEOMAP land were filled from the nearest finite PALEOMAP-land Pohl cell using spherical-coordinate nearest-neighbour search; for continuous variables only, the filled cells were then smoothed with a 3 by 3 local mean while original finite cells were left unchanged. Ocean cells were masked to NA for terrestrial ecology use. Fill counts are recorded in land_harmonization_gapfill_audit.csv. Four-degree product: area-weighted mean of finite source 1 degree cells.","Level2 gridded","1 degree Level 2 land-harmonized V2 product","4 degree","area-weighted mean of finite source 1 degree cells"
"MAT_pohl_C",375,4050,"4 degree lon/lat; lon centers -178..178; lat centers -88..88","C:/Users/Google/Documents/HMSC-HIST/Phanerozoic_Environment_540_0Ma_5Myr_4deg_landharmonized_v2/08_rds_export/Phanerozoic_Environment_540_0Ma_5Myr_Level2_4deg_landharmonized_v2_compact_float32.rds","Annual mean surface temperature","degree_C","Pohl et al. 2022, land-harmonized to PALEOMAP PaleoDEM","Pohl monthly-derived climate variables from the original Level 2 workflow, land-harmonized to the PALEOMAP PaleoDEM land mask. Missing Pohl values on PALEOMAP land were filled from the nearest finite PALEOMAP-land Pohl cell using spherical-coordinate nearest-neighbour search; for continuous variables only, the filled cells were then smoothed with a 3 by 3 local mean while original finite cells were left unchanged. Ocean cells were masked to NA for terrestrial ecology use. Fill counts are recorded in land_harmonization_gapfill_audit.csv. Four-degree product: area-weighted mean of finite source 1 degree cells.","Level2 gridded","1 degree Level 2 land-harmonized V2 product","4 degree","area-weighted mean of finite source 1 degree cells"
"MAT_pohl_C",370,4050,"4 degree lon/lat; lon centers -178..178; lat centers -88..88","C:/Users/Google/Documents/HMSC-HIST/Phanerozoic_Environment_540_0Ma_5Myr_4deg_landharmonized_v2/08_rds_export/Phanerozoic_Environment_540_0Ma_5Myr_Level2_4deg_landharmonized_v2_compact_float32.rds","Annual mean surface temperature","degree_C","Pohl et al. 2022, land-harmonized to PALEOMAP PaleoDEM","Pohl monthly-derived climate variables from the original Level 2 workflow, land-harmonized to the PALEOMAP PaleoDEM land mask. Missing Pohl values on PALEOMAP land were filled from the nearest finite PALEOMAP-land Pohl cell using spherical-coordinate nearest-neighbour search; for continuous variables only, the filled cells were then smoothed with a 3 by 3 local mean while original finite cells were left unchanged. Ocean cells were masked to NA for terrestrial ecology use. Fill counts are recorded in land_harmonization_gapfill_audit.csv. Four-degree product: area-weighted mean of finite source 1 degree cells.","Level2 gridded","1 degree Level 2 land-harmonized V2 product","4 degree","area-weighted mean of finite source 1 degree cells"
"MAT_pohl_C",365,4050,"4 degree lon/lat; lon centers -178..178; lat centers -88..88","C:/Users/Google/Documents/HMSC-HIST/Phanerozoic_Environment_540_0Ma_5Myr_4deg_landharmonized_v2/08_rds_export/Phanerozoic_Environment_540_0Ma_5Myr_Level2_4deg_landharmonized_v2_compact_float32.rds","Annual mean surface temperature","degree_C","Pohl et al. 2022, land-harmonized to PALEOMAP PaleoDEM","Pohl monthly-derived climate variables from the original Level 2 workflow, land-harmonized to the PALEOMAP PaleoDEM land mask. Missing Pohl values on PALEOMAP land were filled from the nearest finite PALEOMAP-land Pohl cell using spherical-coordinate nearest-neighbour search; for continuous variables only, the filled cells were then smoothed with a 3 by 3 local mean while original finite cells were left unchanged. Ocean cells were masked to NA for terrestrial ecology use. Fill counts are recorded in land_harmonization_gapfill_audit.csv. Four-degree product: area-weighted mean of finite source 1 degree cells.","Level2 gridded","1 degree Level 2 land-harmonized V2 product","4 degree","area-weighted mean of finite source 1 degree cells"
"MAT_pohl_C",360,4050,"4 degree lon/lat; lon centers -178..178; lat centers -88..88","C:/Users/Google/Documents/HMSC-HIST/Phanerozoic_Environment_540_0Ma_5Myr_4deg_landharmonized_v2/08_rds_export/Phanerozoic_Environment_540_0Ma_5Myr_Level2_4deg_landharmonized_v2_compact_float32.rds","Annual mean surface temperature","degree_C","Pohl et al. 2022, land-harmonized to PALEOMAP PaleoDEM","Pohl monthly-derived climate variables from the original Level 2 workflow, land-harmonized to the PALEOMAP PaleoDEM land mask. Missing Pohl values on PALEOMAP land were filled from the nearest finite PALEOMAP-land Pohl cell using spherical-coordinate nearest-neighbour search; for continuous variables only, the filled cells were then smoothed with a 3 by 3 local mean while original finite cells were left unchanged. Ocean cells were masked to NA for terrestrial ecology use. Fill counts are recorded in land_harmonization_gapfill_audit.csv. Four-degree product: area-weighted mean of finite source 1 degree cells.","Level2 gridded","1 degree Level 2 land-harmonized V2 product","4 degree","area-weighted mean of finite source 1 degree cells"
"MAT_pohl_C",355,4050,"4 degree lon/lat; lon centers -178..178; lat centers -88..88","C:/Users/Google/Documents/HMSC-HIST/Phanerozoic_Environment_540_0Ma_5Myr_4deg_landharmonized_v2/08_rds_export/Phanerozoic_Environment_540_0Ma_5Myr_Level2_4deg_landharmonized_v2_compact_float32.rds","Annual mean surface temperature","degree_C","Pohl et al. 2022, land-harmonized to PALEOMAP PaleoDEM","Pohl monthly-derived climate variables from the original Level 2 workflow, land-harmonized to the PALEOMAP PaleoDEM land mask. Missing Pohl values on PALEOMAP land were filled from the nearest finite PALEOMAP-land Pohl cell using spherical-coordinate nearest-neighbour search; for continuous variables only, the filled cells were then smoothed with a 3 by 3 local mean while original finite cells were left unchanged. Ocean cells were masked to NA for terrestrial ecology use. Fill counts are recorded in land_harmonization_gapfill_audit.csv. Four-degree product: area-weighted mean of finite source 1 degree cells.","Level2 gridded","1 degree Level 2 land-harmonized V2 product","4 degree","area-weighted mean of finite source 1 degree cells"
"MAT_pohl_C",350,4050,"4 degree lon/lat; lon centers -178..178; lat centers -88..88","C:/Users/Google/Documents/HMSC-HIST/Phanerozoic_Environment_540_0Ma_5Myr_4deg_landharmonized_v2/08_rds_export/Phanerozoic_Environment_540_0Ma_5Myr_Level2_4deg_landharmonized_v2_compact_float32.rds","Annual mean surface temperature","degree_C","Pohl et al. 2022, land-harmonized to PALEOMAP PaleoDEM","Pohl monthly-derived climate variables from the original Level 2 workflow, land-harmonized to the PALEOMAP PaleoDEM land mask. Missing Pohl values on PALEOMAP land were filled from the nearest finite PALEOMAP-land Pohl cell using spherical-coordinate nearest-neighbour search; for continuous variables only, the filled cells were then smoothed with a 3 by 3 local mean while original finite cells were left unchanged. Ocean cells were masked to NA for terrestrial ecology use. Fill counts are recorded in land_harmonization_gapfill_audit.csv. Four-degree product: area-weighted mean of finite source 1 degree cells.","Level2 gridded","1 degree Level 2 land-harmonized V2 product","4 degree","area-weighted mean of finite source 1 degree cells"
"MAT_pohl_C",345,4050,"4 degree lon/lat; lon centers -178..178; lat centers -88..88","C:/Users/Google/Documents/HMSC-HIST/Phanerozoic_Environment_540_0Ma_5Myr_4deg_landharmonized_v2/08_rds_export/Phanerozoic_Environment_540_0Ma_5Myr_Level2_4deg_landharmonized_v2_compact_float32.rds","Annual mean surface temperature","degree_C","Pohl et al. 2022, land-harmonized to PALEOMAP PaleoDEM","Pohl monthly-derived climate variables from the original Level 2 workflow, land-harmonized to the PALEOMAP PaleoDEM land mask. Missing Pohl values on PALEOMAP land were filled from the nearest finite PALEOMAP-land Pohl cell using spherical-coordinate nearest-neighbour search; for continuous variables only, the filled cells were then smoothed with a 3 by 3 local mean while original finite cells were left unchanged. Ocean cells were masked to NA for terrestrial ecology use. Fill counts are recorded in land_harmonization_gapfill_audit.csv. Four-degree product: area-weighted mean of finite source 1 degree cells.","Level2 gridded","1 degree Level 2 land-harmonized V2 product","4 degree","area-weighted mean of finite source 1 degree cells"
"MAT_pohl_C",340,4050,"4 degree lon/lat; lon centers -178..178; lat centers -88..88","C:/Users/Google/Documents/HMSC-HIST/Phanerozoic_Environment_540_0Ma_5Myr_4deg_landharmonized_v2/08_rds_export/Phanerozoic_Environment_540_0Ma_5Myr_Level2_4deg_landharmonized_v2_compact_float32.rds","Annual mean surface temperature","degree_C","Pohl et al. 2022, land-harmonized to PALEOMAP PaleoDEM","Pohl monthly-derived climate variables from the original Level 2 workflow, land-harmonized to the PALEOMAP PaleoDEM land mask. Missing Pohl values on PALEOMAP land were filled from the nearest finite PALEOMAP-land Pohl cell using spherical-coordinate nearest-neighbour search; for continuous variables only, the filled cells were then smoothed with a 3 by 3 local mean while original finite cells were left unchanged. Ocean cells were masked to NA for terrestrial ecology use. Fill counts are recorded in land_harmonization_gapfill_audit.csv. Four-degree product: area-weighted mean of finite source 1 degree cells.","Level2 gridded","1 degree Level 2 land-harmonized V2 product","4 degree","area-weighted mean of finite source 1 degree cells"
"MAT_pohl_C",335,4050,"4 degree lon/lat; lon centers -178..178; lat centers -88..88","C:/Users/Google/Documents/HMSC-HIST/Phanerozoic_Environment_540_0Ma_5Myr_4deg_landharmonized_v2/08_rds_export/Phanerozoic_Environment_540_0Ma_5Myr_Level2_4deg_landharmonized_v2_compact_float32.rds","Annual mean surface temperature","degree_C","Pohl et al. 2022, land-harmonized to PALEOMAP PaleoDEM","Pohl monthly-derived climate variables from the original Level 2 workflow, land-harmonized to the PALEOMAP PaleoDEM land mask. Missing Pohl values on PALEOMAP land were filled from the nearest finite PALEOMAP-land Pohl cell using spherical-coordinate nearest-neighbour search; for continuous variables only, the filled cells were then smoothed with a 3 by 3 local mean while original finite cells were left unchanged. Ocean cells were masked to NA for terrestrial ecology use. Fill counts are recorded in land_harmonization_gapfill_audit.csv. Four-degree product: area-weighted mean of finite source 1 degree cells.","Level2 gridded","1 degree Level 2 land-harmonized V2 product","4 degree","area-weighted mean of finite source 1 degree cells"
"MAT_pohl_C",330,4050,"4 degree lon/lat; lon centers -178..178; lat centers -88..88","C:/Users/Google/Documents/HMSC-HIST/Phanerozoic_Environment_540_0Ma_5Myr_4deg_landharmonized_v2/08_rds_export/Phanerozoic_Environment_540_0Ma_5Myr_Level2_4deg_landharmonized_v2_compact_float32.rds","Annual mean surface temperature","degree_C","Pohl et al. 2022, land-harmonized to PALEOMAP PaleoDEM","Pohl monthly-derived climate variables from the original Level 2 workflow, land-harmonized to the PALEOMAP PaleoDEM land mask. Missing Pohl values on PALEOMAP land were filled from the nearest finite PALEOMAP-land Pohl cell using spherical-coordinate nearest-neighbour search; for continuous variables only, the filled cells were then smoothed with a 3 by 3 local mean while original finite cells were left unchanged. Ocean cells were masked to NA for terrestrial ecology use. Fill counts are recorded in land_harmonization_gapfill_audit.csv. Four-degree product: area-weighted mean of finite source 1 degree cells.","Level2 gridded","1 degree Level 2 land-harmonized V2 product","4 degree","area-weighted mean of finite source 1 degree cells"
"MAT_pohl_C",325,4050,"4 degree lon/lat; lon centers -178..178; lat centers -88..88","C:/Users/Google/Documents/HMSC-HIST/Phanerozoic_Environment_540_0Ma_5Myr_4deg_landharmonized_v2/08_rds_export/Phanerozoic_Environment_540_0Ma_5Myr_Level2_4deg_landharmonized_v2_compact_float32.rds","Annual mean surface temperature","degree_C","Pohl et al. 2022, land-harmonized to PALEOMAP PaleoDEM","Pohl monthly-derived climate variables from the original Level 2 workflow, land-harmonized to the PALEOMAP PaleoDEM land mask. Missing Pohl values on PALEOMAP land were filled from the nearest finite PALEOMAP-land Pohl cell using spherical-coordinate nearest-neighbour search; for continuous variables only, the filled cells were then smoothed with a 3 by 3 local mean while original finite cells were left unchanged. Ocean cells were masked to NA for terrestrial ecology use. Fill counts are recorded in land_harmonization_gapfill_audit.csv. Four-degree product: area-weighted mean of finite source 1 degree cells.","Level2 gridded","1 degree Level 2 land-harmonized V2 product","4 degree","area-weighted mean of finite source 1 degree cells"
"MAT_pohl_C",320,4050,"4 degree lon/lat; lon centers -178..178; lat centers -88..88","C:/Users/Google/Documents/HMSC-HIST/Phanerozoic_Environment_540_0Ma_5Myr_4deg_landharmonized_v2/08_rds_export/Phanerozoic_Environment_540_0Ma_5Myr_Level2_4deg_landharmonized_v2_compact_float32.rds","Annual mean surface temperature","degree_C","Pohl et al. 2022, land-harmonized to PALEOMAP PaleoDEM","Pohl monthly-derived climate variables from the original Level 2 workflow, land-harmonized to the PALEOMAP PaleoDEM land mask. Missing Pohl values on PALEOMAP land were filled from the nearest finite PALEOMAP-land Pohl cell using spherical-coordinate nearest-neighbour search; for continuous variables only, the filled cells were then smoothed with a 3 by 3 local mean while original finite cells were left unchanged. Ocean cells were masked to NA for terrestrial ecology use. Fill counts are recorded in land_harmonization_gapfill_audit.csv. Four-degree product: area-weighted mean of finite source 1 degree cells.","Level2 gridded","1 degree Level 2 land-harmonized V2 product","4 degree","area-weighted mean of finite source 1 degree cells"
"MAT_pohl_C",315,4050,"4 degree lon/lat; lon centers -178..178; lat centers -88..88","C:/Users/Google/Documents/HMSC-HIST/Phanerozoic_Environment_540_0Ma_5Myr_4deg_landharmonized_v2/08_rds_export/Phanerozoic_Environment_540_0Ma_5Myr_Level2_4deg_landharmonized_v2_compact_float32.rds","Annual mean surface temperature","degree_C","Pohl et al. 2022, land-harmonized to PALEOMAP PaleoDEM","Pohl monthly-derived climate variables from the original Level 2 workflow, land-harmonized to the PALEOMAP PaleoDEM land mask. Missing Pohl values on PALEOMAP land were filled from the nearest finite PALEOMAP-land Pohl cell using spherical-coordinate nearest-neighbour search; for continuous variables only, the filled cells were then smoothed with a 3 by 3 local mean while original finite cells were left unchanged. Ocean cells were masked to NA for terrestrial ecology use. Fill counts are recorded in land_harmonization_gapfill_audit.csv. Four-degree product: area-weighted mean of finite source 1 degree cells.","Level2 gridded","1 degree Level 2 land-harmonized V2 product","4 degree","area-weighted mean of finite source 1 degree cells"
"MAT_pohl_C",310,4050,"4 degree lon/lat; lon centers -178..178; lat centers -88..88","C:/Users/Google/Documents/HMSC-HIST/Phanerozoic_Environment_540_0Ma_5Myr_4deg_landharmonized_v2/08_rds_export/Phanerozoic_Environment_540_0Ma_5Myr_Level2_4deg_landharmonized_v2_compact_float32.rds","Annual mean surface temperature","degree_C","Pohl et al. 2022, land-harmonized to PALEOMAP PaleoDEM","Pohl monthly-derived climate variables from the original Level 2 workflow, land-harmonized to the PALEOMAP PaleoDEM land mask. Missing Pohl values on PALEOMAP land were filled from the nearest finite PALEOMAP-land Pohl cell using spherical-coordinate nearest-neighbour search; for continuous variables only, the filled cells were then smoothed with a 3 by 3 local mean while original finite cells were left unchanged. Ocean cells were masked to NA for terrestrial ecology use. Fill counts are recorded in land_harmonization_gapfill_audit.csv. Four-degree product: area-weighted mean of finite source 1 degree cells.","Level2 gridded","1 degree Level 2 land-harmonized V2 product","4 degree","area-weighted mean of finite source 1 degree cells"
"MAT_pohl_C",305,4050,"4 degree lon/lat; lon centers -178..178; lat centers -88..88","C:/Users/Google/Documents/HMSC-HIST/Phanerozoic_Environment_540_0Ma_5Myr_4deg_landharmonized_v2/08_rds_export/Phanerozoic_Environment_540_0Ma_5Myr_Level2_4deg_landharmonized_v2_compact_float32.rds","Annual mean surface temperature","degree_C","Pohl et al. 2022, land-harmonized to PALEOMAP PaleoDEM","Pohl monthly-derived climate variables from the original Level 2 workflow, land-harmonized to the PALEOMAP PaleoDEM land mask. Missing Pohl values on PALEOMAP land were filled from the nearest finite PALEOMAP-land Pohl cell using spherical-coordinate nearest-neighbour search; for continuous variables only, the filled cells were then smoothed with a 3 by 3 local mean while original finite cells were left unchanged. Ocean cells were masked to NA for terrestrial ecology use. Fill counts are recorded in land_harmonization_gapfill_audit.csv. Four-degree product: area-weighted mean of finite source 1 degree cells.","Level2 gridded","1 degree Level 2 land-harmonized V2 product","4 degree","area-weighted mean of finite source 1 degree cells"
"MAT_pohl_C",300,4050,"4 degree lon/lat; lon centers -178..178; lat centers -88..88","C:/Users/Google/Documents/HMSC-HIST/Phanerozoic_Environment_540_0Ma_5Myr_4deg_landharmonized_v2/08_rds_export/Phanerozoic_Environment_540_0Ma_5Myr_Level2_4deg_landharmonized_v2_compact_float32.rds","Annual mean surface temperature","degree_C","Pohl et al. 2022, land-harmonized to PALEOMAP PaleoDEM","Pohl monthly-derived climate variables from the original Level 2 workflow, land-harmonized to the PALEOMAP PaleoDEM land mask. Missing Pohl values on PALEOMAP land were filled from the nearest finite PALEOMAP-land Pohl cell using spherical-coordinate nearest-neighbour search; for continuous variables only, the filled cells were then smoothed with a 3 by 3 local mean while original finite cells were left unchanged. Ocean cells were masked to NA for terrestrial ecology use. Fill counts are recorded in land_harmonization_gapfill_audit.csv. Four-degree product: area-weighted mean of finite source 1 degree cells.","Level2 gridded","1 degree Level 2 land-harmonized V2 product","4 degree","area-weighted mean of finite source 1 degree cells"
"MAT_pohl_C",295,4050,"4 degree lon/lat; lon centers -178..178; lat centers -88..88","C:/Users/Google/Documents/HMSC-HIST/Phanerozoic_Environment_540_0Ma_5Myr_4deg_landharmonized_v2/08_rds_export/Phanerozoic_Environment_540_0Ma_5Myr_Level2_4deg_landharmonized_v2_compact_float32.rds","Annual mean surface temperature","degree_C","Pohl et al. 2022, land-harmonized to PALEOMAP PaleoDEM","Pohl monthly-derived climate variables from the original Level 2 workflow, land-harmonized to the PALEOMAP PaleoDEM land mask. Missing Pohl values on PALEOMAP land were filled from the nearest finite PALEOMAP-land Pohl cell using spherical-coordinate nearest-neighbour search; for continuous variables only, the filled cells were then smoothed with a 3 by 3 local mean while original finite cells were left unchanged. Ocean cells were masked to NA for terrestrial ecology use. Fill counts are recorded in land_harmonization_gapfill_audit.csv. Four-degree product: area-weighted mean of finite source 1 degree cells.","Level2 gridded","1 degree Level 2 land-harmonized V2 product","4 degree","area-weighted mean of finite source 1 degree cells"
"MAT_pohl_C",290,4050,"4 degree lon/lat; lon centers -178..178; lat centers -88..88","C:/Users/Google/Documents/HMSC-HIST/Phanerozoic_Environment_540_0Ma_5Myr_4deg_landharmonized_v2/08_rds_export/Phanerozoic_Environment_540_0Ma_5Myr_Level2_4deg_landharmonized_v2_compact_float32.rds","Annual mean surface temperature","degree_C","Pohl et al. 2022, land-harmonized to PALEOMAP PaleoDEM","Pohl monthly-derived climate variables from the original Level 2 workflow, land-harmonized to the PALEOMAP PaleoDEM land mask. Missing Pohl values on PALEOMAP land were filled from the nearest finite PALEOMAP-land Pohl cell using spherical-coordinate nearest-neighbour search; for continuous variables only, the filled cells were then smoothed with a 3 by 3 local mean while original finite cells were left unchanged. Ocean cells were masked to NA for terrestrial ecology use. Fill counts are recorded in land_harmonization_gapfill_audit.csv. Four-degree product: area-weighted mean of finite source 1 degree cells.","Level2 gridded","1 degree Level 2 land-harmonized V2 product","4 degree","area-weighted mean of finite source 1 degree cells"
"MAT_pohl_C",285,4050,"4 degree lon/lat; lon centers -178..178; lat centers -88..88","C:/Users/Google/Documents/HMSC-HIST/Phanerozoic_Environment_540_0Ma_5Myr_4deg_landharmonized_v2/08_rds_export/Phanerozoic_Environment_540_0Ma_5Myr_Level2_4deg_landharmonized_v2_compact_float32.rds","Annual mean surface temperature","degree_C","Pohl et al. 2022, land-harmonized to PALEOMAP PaleoDEM","Pohl monthly-derived climate variables from the original Level 2 workflow, land-harmonized to the PALEOMAP PaleoDEM land mask. Missing Pohl values on PALEOMAP land were filled from the nearest finite PALEOMAP-land Pohl cell using spherical-coordinate nearest-neighbour search; for continuous variables only, the filled cells were then smoothed with a 3 by 3 local mean while original finite cells were left unchanged. Ocean cells were masked to NA for terrestrial ecology use. Fill counts are recorded in land_harmonization_gapfill_audit.csv. Four-degree product: area-weighted mean of finite source 1 degree cells.","Level2 gridded","1 degree Level 2 land-harmonized V2 product","4 degree","area-weighted mean of finite source 1 degree cells"
"MAT_pohl_C",280,4050,"4 degree lon/lat; lon centers -178..178; lat centers -88..88","C:/Users/Google/Documents/HMSC-HIST/Phanerozoic_Environment_540_0Ma_5Myr_4deg_landharmonized_v2/08_rds_export/Phanerozoic_Environment_540_0Ma_5Myr_Level2_4deg_landharmonized_v2_compact_float32.rds","Annual mean surface temperature","degree_C","Pohl et al. 2022, land-harmonized to PALEOMAP PaleoDEM","Pohl monthly-derived climate variables from the original Level 2 workflow, land-harmonized to the PALEOMAP PaleoDEM land mask. Missing Pohl values on PALEOMAP land were filled from the nearest finite PALEOMAP-land Pohl cell using spherical-coordinate nearest-neighbour search; for continuous variables only, the filled cells were then smoothed with a 3 by 3 local mean while original finite cells were left unchanged. Ocean cells were masked to NA for terrestrial ecology use. Fill counts are recorded in land_harmonization_gapfill_audit.csv. Four-degree product: area-weighted mean of finite source 1 degree cells.","Level2 gridded","1 degree Level 2 land-harmonized V2 product","4 degree","area-weighted mean of finite source 1 degree cells"
"MAT_pohl_C",275,4050,"4 degree lon/lat; lon centers -178..178; lat centers -88..88","C:/Users/Google/Documents/HMSC-HIST/Phanerozoic_Environment_540_0Ma_5Myr_4deg_landharmonized_v2/08_rds_export/Phanerozoic_Environment_540_0Ma_5Myr_Level2_4deg_landharmonized_v2_compact_float32.rds","Annual mean surface temperature","degree_C","Pohl et al. 2022, land-harmonized to PALEOMAP PaleoDEM","Pohl monthly-derived climate variables from the original Level 2 workflow, land-harmonized to the PALEOMAP PaleoDEM land mask. Missing Pohl values on PALEOMAP land were filled from the nearest finite PALEOMAP-land Pohl cell using spherical-coordinate nearest-neighbour search; for continuous variables only, the filled cells were then smoothed with a 3 by 3 local mean while original finite cells were left unchanged. Ocean cells were masked to NA for terrestrial ecology use. Fill counts are recorded in land_harmonization_gapfill_audit.csv. Four-degree product: area-weighted mean of finite source 1 degree cells.","Level2 gridded","1 degree Level 2 land-harmonized V2 product","4 degree","area-weighted mean of finite source 1 degree cells"
"MAT_pohl_C",270,4050,"4 degree lon/lat; lon centers -178..178; lat centers -88..88","C:/Users/Google/Documents/HMSC-HIST/Phanerozoic_Environment_540_0Ma_5Myr_4deg_landharmonized_v2/08_rds_export/Phanerozoic_Environment_540_0Ma_5Myr_Level2_4deg_landharmonized_v2_compact_float32.rds","Annual mean surface temperature","degree_C","Pohl et al. 2022, land-harmonized to PALEOMAP PaleoDEM","Pohl monthly-derived climate variables from the original Level 2 workflow, land-harmonized to the PALEOMAP PaleoDEM land mask. Missing Pohl values on PALEOMAP land were filled from the nearest finite PALEOMAP-land Pohl cell using spherical-coordinate nearest-neighbour search; for continuous variables only, the filled cells were then smoothed with a 3 by 3 local mean while original finite cells were left unchanged. Ocean cells were masked to NA for terrestrial ecology use. Fill counts are recorded in land_harmonization_gapfill_audit.csv. Four-degree product: area-weighted mean of finite source 1 degree cells.","Level2 gridded","1 degree Level 2 land-harmonized V2 product","4 degree","area-weighted mean of finite source 1 degree cells"
"MAT_pohl_C",265,4050,"4 degree lon/lat; lon centers -178..178; lat centers -88..88","C:/Users/Google/Documents/HMSC-HIST/Phanerozoic_Environment_540_0Ma_5Myr_4deg_landharmonized_v2/08_rds_export/Phanerozoic_Environment_540_0Ma_5Myr_Level2_4deg_landharmonized_v2_compact_float32.rds","Annual mean surface temperature","degree_C","Pohl et al. 2022, land-harmonized to PALEOMAP PaleoDEM","Pohl monthly-derived climate variables from the original Level 2 workflow, land-harmonized to the PALEOMAP PaleoDEM land mask. Missing Pohl values on PALEOMAP land were filled from the nearest finite PALEOMAP-land Pohl cell using spherical-coordinate nearest-neighbour search; for continuous variables only, the filled cells were then smoothed with a 3 by 3 local mean while original finite cells were left unchanged. Ocean cells were masked to NA for terrestrial ecology use. Fill counts are recorded in land_harmonization_gapfill_audit.csv. Four-degree product: area-weighted mean of finite source 1 degree cells.","Level2 gridded","1 degree Level 2 land-harmonized V2 product","4 degree","area-weighted mean of finite source 1 degree cells"
"MAT_pohl_C",260,4050,"4 degree lon/lat; lon centers -178..178; lat centers -88..88","C:/Users/Google/Documents/HMSC-HIST/Phanerozoic_Environment_540_0Ma_5Myr_4deg_landharmonized_v2/08_rds_export/Phanerozoic_Environment_540_0Ma_5Myr_Level2_4deg_landharmonized_v2_compact_float32.rds","Annual mean surface temperature","degree_C","Pohl et al. 2022, land-harmonized to PALEOMAP PaleoDEM","Pohl monthly-derived climate variables from the original Level 2 workflow, land-harmonized to the PALEOMAP PaleoDEM land mask. Missing Pohl values on PALEOMAP land were filled from the nearest finite PALEOMAP-land Pohl cell using spherical-coordinate nearest-neighbour search; for continuous variables only, the filled cells were then smoothed with a 3 by 3 local mean while original finite cells were left unchanged. Ocean cells were masked to NA for terrestrial ecology use. Fill counts are recorded in land_harmonization_gapfill_audit.csv. Four-degree product: area-weighted mean of finite source 1 degree cells.","Level2 gridded","1 degree Level 2 land-harmonized V2 product","4 degree","area-weighted mean of finite source 1 degree cells"
"MAT_pohl_C",255,4050,"4 degree lon/lat; lon centers -178..178; lat centers -88..88","C:/Users/Google/Documents/HMSC-HIST/Phanerozoic_Environment_540_0Ma_5Myr_4deg_landharmonized_v2/08_rds_export/Phanerozoic_Environment_540_0Ma_5Myr_Level2_4deg_landharmonized_v2_compact_float32.rds","Annual mean surface temperature","degree_C","Pohl et al. 2022, land-harmonized to PALEOMAP PaleoDEM","Pohl monthly-derived climate variables from the original Level 2 workflow, land-harmonized to the PALEOMAP PaleoDEM land mask. Missing Pohl values on PALEOMAP land were filled from the nearest finite PALEOMAP-land Pohl cell using spherical-coordinate nearest-neighbour search; for continuous variables only, the filled cells were then smoothed with a 3 by 3 local mean while original finite cells were left unchanged. Ocean cells were masked to NA for terrestrial ecology use. Fill counts are recorded in land_harmonization_gapfill_audit.csv. Four-degree product: area-weighted mean of finite source 1 degree cells.","Level2 gridded","1 degree Level 2 land-harmonized V2 product","4 degree","area-weighted mean of finite source 1 degree cells"
"MAT_pohl_C",250,4050,"4 degree lon/lat; lon centers -178..178; lat centers -88..88","C:/Users/Google/Documents/HMSC-HIST/Phanerozoic_Environment_540_0Ma_5Myr_4deg_landharmonized_v2/08_rds_export/Phanerozoic_Environment_540_0Ma_5Myr_Level2_4deg_landharmonized_v2_compact_float32.rds","Annual mean surface temperature","degree_C","Pohl et al. 2022, land-harmonized to PALEOMAP PaleoDEM","Pohl monthly-derived climate variables from the original Level 2 workflow, land-harmonized to the PALEOMAP PaleoDEM land mask. Missing Pohl values on PALEOMAP land were filled from the nearest finite PALEOMAP-land Pohl cell using spherical-coordinate nearest-neighbour search; for continuous variables only, the filled cells were then smoothed with a 3 by 3 local mean while original finite cells were left unchanged. Ocean cells were masked to NA for terrestrial ecology use. Fill counts are recorded in land_harmonization_gapfill_audit.csv. Four-degree product: area-weighted mean of finite source 1 degree cells.","Level2 gridded","1 degree Level 2 land-harmonized V2 product","4 degree","area-weighted mean of finite source 1 degree cells"
"MAT_pohl_C",245,4050,"4 degree lon/lat; lon centers -178..178; lat centers -88..88","C:/Users/Google/Documents/HMSC-HIST/Phanerozoic_Environment_540_0Ma_5Myr_4deg_landharmonized_v2/08_rds_export/Phanerozoic_Environment_540_0Ma_5Myr_Level2_4deg_landharmonized_v2_compact_float32.rds","Annual mean surface temperature","degree_C","Pohl et al. 2022, land-harmonized to PALEOMAP PaleoDEM","Pohl monthly-derived climate variables from the original Level 2 workflow, land-harmonized to the PALEOMAP PaleoDEM land mask. Missing Pohl values on PALEOMAP land were filled from the nearest finite PALEOMAP-land Pohl cell using spherical-coordinate nearest-neighbour search; for continuous variables only, the filled cells were then smoothed with a 3 by 3 local mean while original finite cells were left unchanged. Ocean cells were masked to NA for terrestrial ecology use. Fill counts are recorded in land_harmonization_gapfill_audit.csv. Four-degree product: area-weighted mean of finite source 1 degree cells.","Level2 gridded","1 degree Level 2 land-harmonized V2 product","4 degree","area-weighted mean of finite source 1 degree cells"
"MAT_pohl_C",240,4050,"4 degree lon/lat; lon centers -178..178; lat centers -88..88","C:/Users/Google/Documents/HMSC-HIST/Phanerozoic_Environment_540_0Ma_5Myr_4deg_landharmonized_v2/08_rds_export/Phanerozoic_Environment_540_0Ma_5Myr_Level2_4deg_landharmonized_v2_compact_float32.rds","Annual mean surface temperature","degree_C","Pohl et al. 2022, land-harmonized to PALEOMAP PaleoDEM","Pohl monthly-derived climate variables from the original Level 2 workflow, land-harmonized to the PALEOMAP PaleoDEM land mask. Missing Pohl values on PALEOMAP land were filled from the nearest finite PALEOMAP-land Pohl cell using spherical-coordinate nearest-neighbour search; for continuous variables only, the filled cells were then smoothed with a 3 by 3 local mean while original finite cells were left unchanged. Ocean cells were masked to NA for terrestrial ecology use. Fill counts are recorded in land_harmonization_gapfill_audit.csv. Four-degree product: area-weighted mean of finite source 1 degree cells.","Level2 gridded","1 degree Level 2 land-harmonized V2 product","4 degree","area-weighted mean of finite source 1 degree cells"
"MAT_pohl_C",235,4050,"4 degree lon/lat; lon centers -178..178; lat centers -88..88","C:/Users/Google/Documents/HMSC-HIST/Phanerozoic_Environment_540_0Ma_5Myr_4deg_landharmonized_v2/08_rds_export/Phanerozoic_Environment_540_0Ma_5Myr_Level2_4deg_landharmonized_v2_compact_float32.rds","Annual mean surface temperature","degree_C","Pohl et al. 2022, land-harmonized to PALEOMAP PaleoDEM","Pohl monthly-derived climate variables from the original Level 2 workflow, land-harmonized to the PALEOMAP PaleoDEM land mask. Missing Pohl values on PALEOMAP land were filled from the nearest finite PALEOMAP-land Pohl cell using spherical-coordinate nearest-neighbour search; for continuous variables only, the filled cells were then smoothed with a 3 by 3 local mean while original finite cells were left unchanged. Ocean cells were masked to NA for terrestrial ecology use. Fill counts are recorded in land_harmonization_gapfill_audit.csv. Four-degree product: area-weighted mean of finite source 1 degree cells.","Level2 gridded","1 degree Level 2 land-harmonized V2 product","4 degree","area-weighted mean of finite source 1 degree cells"
"MAT_pohl_C",230,4050,"4 degree lon/lat; lon centers -178..178; lat centers -88..88","C:/Users/Google/Documents/HMSC-HIST/Phanerozoic_Environment_540_0Ma_5Myr_4deg_landharmonized_v2/08_rds_export/Phanerozoic_Environment_540_0Ma_5Myr_Level2_4deg_landharmonized_v2_compact_float32.rds","Annual mean surface temperature","degree_C","Pohl et al. 2022, land-harmonized to PALEOMAP PaleoDEM","Pohl monthly-derived climate variables from the original Level 2 workflow, land-harmonized to the PALEOMAP PaleoDEM land mask. Missing Pohl values on PALEOMAP land were filled from the nearest finite PALEOMAP-land Pohl cell using spherical-coordinate nearest-neighbour search; for continuous variables only, the filled cells were then smoothed with a 3 by 3 local mean while original finite cells were left unchanged. Ocean cells were masked to NA for terrestrial ecology use. Fill counts are recorded in land_harmonization_gapfill_audit.csv. Four-degree product: area-weighted mean of finite source 1 degree cells.","Level2 gridded","1 degree Level 2 land-harmonized V2 product","4 degree","area-weighted mean of finite source 1 degree cells"
"MAT_pohl_C",225,4050,"4 degree lon/lat; lon centers -178..178; lat centers -88..88","C:/Users/Google/Documents/HMSC-HIST/Phanerozoic_Environment_540_0Ma_5Myr_4deg_landharmonized_v2/08_rds_export/Phanerozoic_Environment_540_0Ma_5Myr_Level2_4deg_landharmonized_v2_compact_float32.rds","Annual mean surface temperature","degree_C","Pohl et al. 2022, land-harmonized to PALEOMAP PaleoDEM","Pohl monthly-derived climate variables from the original Level 2 workflow, land-harmonized to the PALEOMAP PaleoDEM land mask. Missing Pohl values on PALEOMAP land were filled from the nearest finite PALEOMAP-land Pohl cell using spherical-coordinate nearest-neighbour search; for continuous variables only, the filled cells were then smoothed with a 3 by 3 local mean while original finite cells were left unchanged. Ocean cells were masked to NA for terrestrial ecology use. Fill counts are recorded in land_harmonization_gapfill_audit.csv. Four-degree product: area-weighted mean of finite source 1 degree cells.","Level2 gridded","1 degree Level 2 land-harmonized V2 product","4 degree","area-weighted mean of finite source 1 degree cells"
"MAT_pohl_C",220,4050,"4 degree lon/lat; lon centers -178..178; lat centers -88..88","C:/Users/Google/Documents/HMSC-HIST/Phanerozoic_Environment_540_0Ma_5Myr_4deg_landharmonized_v2/08_rds_export/Phanerozoic_Environment_540_0Ma_5Myr_Level2_4deg_landharmonized_v2_compact_float32.rds","Annual mean surface temperature","degree_C","Pohl et al. 2022, land-harmonized to PALEOMAP PaleoDEM","Pohl monthly-derived climate variables from the original Level 2 workflow, land-harmonized to the PALEOMAP PaleoDEM land mask. Missing Pohl values on PALEOMAP land were filled from the nearest finite PALEOMAP-land Pohl cell using spherical-coordinate nearest-neighbour search; for continuous variables only, the filled cells were then smoothed with a 3 by 3 local mean while original finite cells were left unchanged. Ocean cells were masked to NA for terrestrial ecology use. Fill counts are recorded in land_harmonization_gapfill_audit.csv. Four-degree product: area-weighted mean of finite source 1 degree cells.","Level2 gridded","1 degree Level 2 land-harmonized V2 product","4 degree","area-weighted mean of finite source 1 degree cells"
"MAT_pohl_C",215,4050,"4 degree lon/lat; lon centers -178..178; lat centers -88..88","C:/Users/Google/Documents/HMSC-HIST/Phanerozoic_Environment_540_0Ma_5Myr_4deg_landharmonized_v2/08_rds_export/Phanerozoic_Environment_540_0Ma_5Myr_Level2_4deg_landharmonized_v2_compact_float32.rds","Annual mean surface temperature","degree_C","Pohl et al. 2022, land-harmonized to PALEOMAP PaleoDEM","Pohl monthly-derived climate variables from the original Level 2 workflow, land-harmonized to the PALEOMAP PaleoDEM land mask. Missing Pohl values on PALEOMAP land were filled from the nearest finite PALEOMAP-land Pohl cell using spherical-coordinate nearest-neighbour search; for continuous variables only, the filled cells were then smoothed with a 3 by 3 local mean while original finite cells were left unchanged. Ocean cells were masked to NA for terrestrial ecology use. Fill counts are recorded in land_harmonization_gapfill_audit.csv. Four-degree product: area-weighted mean of finite source 1 degree cells.","Level2 gridded","1 degree Level 2 land-harmonized V2 product","4 degree","area-weighted mean of finite source 1 degree cells"
"MAT_pohl_C",210,4050,"4 degree lon/lat; lon centers -178..178; lat centers -88..88","C:/Users/Google/Documents/HMSC-HIST/Phanerozoic_Environment_540_0Ma_5Myr_4deg_landharmonized_v2/08_rds_export/Phanerozoic_Environment_540_0Ma_5Myr_Level2_4deg_landharmonized_v2_compact_float32.rds","Annual mean surface temperature","degree_C","Pohl et al. 2022, land-harmonized to PALEOMAP PaleoDEM","Pohl monthly-derived climate variables from the original Level 2 workflow, land-harmonized to the PALEOMAP PaleoDEM land mask. Missing Pohl values on PALEOMAP land were filled from the nearest finite PALEOMAP-land Pohl cell using spherical-coordinate nearest-neighbour search; for continuous variables only, the filled cells were then smoothed with a 3 by 3 local mean while original finite cells were left unchanged. Ocean cells were masked to NA for terrestrial ecology use. Fill counts are recorded in land_harmonization_gapfill_audit.csv. Four-degree product: area-weighted mean of finite source 1 degree cells.","Level2 gridded","1 degree Level 2 land-harmonized V2 product","4 degree","area-weighted mean of finite source 1 degree cells"
"MAT_pohl_C",205,4050,"4 degree lon/lat; lon centers -178..178; lat centers -88..88","C:/Users/Google/Documents/HMSC-HIST/Phanerozoic_Environment_540_0Ma_5Myr_4deg_landharmonized_v2/08_rds_export/Phanerozoic_Environment_540_0Ma_5Myr_Level2_4deg_landharmonized_v2_compact_float32.rds","Annual mean surface temperature","degree_C","Pohl et al. 2022, land-harmonized to PALEOMAP PaleoDEM","Pohl monthly-derived climate variables from the original Level 2 workflow, land-harmonized to the PALEOMAP PaleoDEM land mask. Missing Pohl values on PALEOMAP land were filled from the nearest finite PALEOMAP-land Pohl cell using spherical-coordinate nearest-neighbour search; for continuous variables only, the filled cells were then smoothed with a 3 by 3 local mean while original finite cells were left unchanged. Ocean cells were masked to NA for terrestrial ecology use. Fill counts are recorded in land_harmonization_gapfill_audit.csv. Four-degree product: area-weighted mean of finite source 1 degree cells.","Level2 gridded","1 degree Level 2 land-harmonized V2 product","4 degree","area-weighted mean of finite source 1 degree cells"
"MAT_pohl_C",200,4050,"4 degree lon/lat; lon centers -178..178; lat centers -88..88","C:/Users/Google/Documents/HMSC-HIST/Phanerozoic_Environment_540_0Ma_5Myr_4deg_landharmonized_v2/08_rds_export/Phanerozoic_Environment_540_0Ma_5Myr_Level2_4deg_landharmonized_v2_compact_float32.rds","Annual mean surface temperature","degree_C","Pohl et al. 2022, land-harmonized to PALEOMAP PaleoDEM","Pohl monthly-derived climate variables from the original Level 2 workflow, land-harmonized to the PALEOMAP PaleoDEM land mask. Missing Pohl values on PALEOMAP land were filled from the nearest finite PALEOMAP-land Pohl cell using spherical-coordinate nearest-neighbour search; for continuous variables only, the filled cells were then smoothed with a 3 by 3 local mean while original finite cells were left unchanged. Ocean cells were masked to NA for terrestrial ecology use. Fill counts are recorded in land_harmonization_gapfill_audit.csv. Four-degree product: area-weighted mean of finite source 1 degree cells.","Level2 gridded","1 degree Level 2 land-harmonized V2 product","4 degree","area-weighted mean of finite source 1 degree cells"
"MAT_pohl_C",195,4050,"4 degree lon/lat; lon centers -178..178; lat centers -88..88","C:/Users/Google/Documents/HMSC-HIST/Phanerozoic_Environment_540_0Ma_5Myr_4deg_landharmonized_v2/08_rds_export/Phanerozoic_Environment_540_0Ma_5Myr_Level2_4deg_landharmonized_v2_compact_float32.rds","Annual mean surface temperature","degree_C","Pohl et al. 2022, land-harmonized to PALEOMAP PaleoDEM","Pohl monthly-derived climate variables from the original Level 2 workflow, land-harmonized to the PALEOMAP PaleoDEM land mask. Missing Pohl values on PALEOMAP land were filled from the nearest finite PALEOMAP-land Pohl cell using spherical-coordinate nearest-neighbour search; for continuous variables only, the filled cells were then smoothed with a 3 by 3 local mean while original finite cells were left unchanged. Ocean cells were masked to NA for terrestrial ecology use. Fill counts are recorded in land_harmonization_gapfill_audit.csv. Four-degree product: area-weighted mean of finite source 1 degree cells.","Level2 gridded","1 degree Level 2 land-harmonized V2 product","4 degree","area-weighted mean of finite source 1 degree cells"
"MAT_pohl_C",190,4050,"4 degree lon/lat; lon centers -178..178; lat centers -88..88","C:/Users/Google/Documents/HMSC-HIST/Phanerozoic_Environment_540_0Ma_5Myr_4deg_landharmonized_v2/08_rds_export/Phanerozoic_Environment_540_0Ma_5Myr_Level2_4deg_landharmonized_v2_compact_float32.rds","Annual mean surface temperature","degree_C","Pohl et al. 2022, land-harmonized to PALEOMAP PaleoDEM","Pohl monthly-derived climate variables from the original Level 2 workflow, land-harmonized to the PALEOMAP PaleoDEM land mask. Missing Pohl values on PALEOMAP land were filled from the nearest finite PALEOMAP-land Pohl cell using spherical-coordinate nearest-neighbour search; for continuous variables only, the filled cells were then smoothed with a 3 by 3 local mean while original finite cells were left unchanged. Ocean cells were masked to NA for terrestrial ecology use. Fill counts are recorded in land_harmonization_gapfill_audit.csv. Four-degree product: area-weighted mean of finite source 1 degree cells.","Level2 gridded","1 degree Level 2 land-harmonized V2 product","4 degree","area-weighted mean of finite source 1 degree cells"
"MAT_pohl_C",185,4050,"4 degree lon/lat; lon centers -178..178; lat centers -88..88","C:/Users/Google/Documents/HMSC-HIST/Phanerozoic_Environment_540_0Ma_5Myr_4deg_landharmonized_v2/08_rds_export/Phanerozoic_Environment_540_0Ma_5Myr_Level2_4deg_landharmonized_v2_compact_float32.rds","Annual mean surface temperature","degree_C","Pohl et al. 2022, land-harmonized to PALEOMAP PaleoDEM","Pohl monthly-derived climate variables from the original Level 2 workflow, land-harmonized to the PALEOMAP PaleoDEM land mask. Missing Pohl values on PALEOMAP land were filled from the nearest finite PALEOMAP-land Pohl cell using spherical-coordinate nearest-neighbour search; for continuous variables only, the filled cells were then smoothed with a 3 by 3 local mean while original finite cells were left unchanged. Ocean cells were masked to NA for terrestrial ecology use. Fill counts are recorded in land_harmonization_gapfill_audit.csv. Four-degree product: area-weighted mean of finite source 1 degree cells.","Level2 gridded","1 degree Level 2 land-harmonized V2 product","4 degree","area-weighted mean of finite source 1 degree cells"
"MAT_pohl_C",180,4050,"4 degree lon/lat; lon centers -178..178; lat centers -88..88","C:/Users/Google/Documents/HMSC-HIST/Phanerozoic_Environment_540_0Ma_5Myr_4deg_landharmonized_v2/08_rds_export/Phanerozoic_Environment_540_0Ma_5Myr_Level2_4deg_landharmonized_v2_compact_float32.rds","Annual mean surface temperature","degree_C","Pohl et al. 2022, land-harmonized to PALEOMAP PaleoDEM","Pohl monthly-derived climate variables from the original Level 2 workflow, land-harmonized to the PALEOMAP PaleoDEM land mask. Missing Pohl values on PALEOMAP land were filled from the nearest finite PALEOMAP-land Pohl cell using spherical-coordinate nearest-neighbour search; for continuous variables only, the filled cells were then smoothed with a 3 by 3 local mean while original finite cells were left unchanged. Ocean cells were masked to NA for terrestrial ecology use. Fill counts are recorded in land_harmonization_gapfill_audit.csv. Four-degree product: area-weighted mean of finite source 1 degree cells.","Level2 gridded","1 degree Level 2 land-harmonized V2 product","4 degree","area-weighted mean of finite source 1 degree cells"
"MAT_pohl_C",175,4050,"4 degree lon/lat; lon centers -178..178; lat centers -88..88","C:/Users/Google/Documents/HMSC-HIST/Phanerozoic_Environment_540_0Ma_5Myr_4deg_landharmonized_v2/08_rds_export/Phanerozoic_Environment_540_0Ma_5Myr_Level2_4deg_landharmonized_v2_compact_float32.rds","Annual mean surface temperature","degree_C","Pohl et al. 2022, land-harmonized to PALEOMAP PaleoDEM","Pohl monthly-derived climate variables from the original Level 2 workflow, land-harmonized to the PALEOMAP PaleoDEM land mask. Missing Pohl values on PALEOMAP land were filled from the nearest finite PALEOMAP-land Pohl cell using spherical-coordinate nearest-neighbour search; for continuous variables only, the filled cells were then smoothed with a 3 by 3 local mean while original finite cells were left unchanged. Ocean cells were masked to NA for terrestrial ecology use. Fill counts are recorded in land_harmonization_gapfill_audit.csv. Four-degree product: area-weighted mean of finite source 1 degree cells.","Level2 gridded","1 degree Level 2 land-harmonized V2 product","4 degree","area-weighted mean of finite source 1 degree cells"
"MAT_pohl_C",170,4050,"4 degree lon/lat; lon centers -178..178; lat centers -88..88","C:/Users/Google/Documents/HMSC-HIST/Phanerozoic_Environment_540_0Ma_5Myr_4deg_landharmonized_v2/08_rds_export/Phanerozoic_Environment_540_0Ma_5Myr_Level2_4deg_landharmonized_v2_compact_float32.rds","Annual mean surface temperature","degree_C","Pohl et al. 2022, land-harmonized to PALEOMAP PaleoDEM","Pohl monthly-derived climate variables from the original Level 2 workflow, land-harmonized to the PALEOMAP PaleoDEM land mask. Missing Pohl values on PALEOMAP land were filled from the nearest finite PALEOMAP-land Pohl cell using spherical-coordinate nearest-neighbour search; for continuous variables only, the filled cells were then smoothed with a 3 by 3 local mean while original finite cells were left unchanged. Ocean cells were masked to NA for terrestrial ecology use. Fill counts are recorded in land_harmonization_gapfill_audit.csv. Four-degree product: area-weighted mean of finite source 1 degree cells.","Level2 gridded","1 degree Level 2 land-harmonized V2 product","4 degree","area-weighted mean of finite source 1 degree cells"
"MAT_pohl_C",165,4050,"4 degree lon/lat; lon centers -178..178; lat centers -88..88","C:/Users/Google/Documents/HMSC-HIST/Phanerozoic_Environment_540_0Ma_5Myr_4deg_landharmonized_v2/08_rds_export/Phanerozoic_Environment_540_0Ma_5Myr_Level2_4deg_landharmonized_v2_compact_float32.rds","Annual mean surface temperature","degree_C","Pohl et al. 2022, land-harmonized to PALEOMAP PaleoDEM","Pohl monthly-derived climate variables from the original Level 2 workflow, land-harmonized to the PALEOMAP PaleoDEM land mask. Missing Pohl values on PALEOMAP land were filled from the nearest finite PALEOMAP-land Pohl cell using spherical-coordinate nearest-neighbour search; for continuous variables only, the filled cells were then smoothed with a 3 by 3 local mean while original finite cells were left unchanged. Ocean cells were masked to NA for terrestrial ecology use. Fill counts are recorded in land_harmonization_gapfill_audit.csv. Four-degree product: area-weighted mean of finite source 1 degree cells.","Level2 gridded","1 degree Level 2 land-harmonized V2 product","4 degree","area-weighted mean of finite source 1 degree cells"
"MAT_pohl_C",160,4050,"4 degree lon/lat; lon centers -178..178; lat centers -88..88","C:/Users/Google/Documents/HMSC-HIST/Phanerozoic_Environment_540_0Ma_5Myr_4deg_landharmonized_v2/08_rds_export/Phanerozoic_Environment_540_0Ma_5Myr_Level2_4deg_landharmonized_v2_compact_float32.rds","Annual mean surface temperature","degree_C","Pohl et al. 2022, land-harmonized to PALEOMAP PaleoDEM","Pohl monthly-derived climate variables from the original Level 2 workflow, land-harmonized to the PALEOMAP PaleoDEM land mask. Missing Pohl values on PALEOMAP land were filled from the nearest finite PALEOMAP-land Pohl cell using spherical-coordinate nearest-neighbour search; for continuous variables only, the filled cells were then smoothed with a 3 by 3 local mean while original finite cells were left unchanged. Ocean cells were masked to NA for terrestrial ecology use. Fill counts are recorded in land_harmonization_gapfill_audit.csv. Four-degree product: area-weighted mean of finite source 1 degree cells.","Level2 gridded","1 degree Level 2 land-harmonized V2 product","4 degree","area-weighted mean of finite source 1 degree cells"
"MAT_pohl_C",155,4050,"4 degree lon/lat; lon centers -178..178; lat centers -88..88","C:/Users/Google/Documents/HMSC-HIST/Phanerozoic_Environment_540_0Ma_5Myr_4deg_landharmonized_v2/08_rds_export/Phanerozoic_Environment_540_0Ma_5Myr_Level2_4deg_landharmonized_v2_compact_float32.rds","Annual mean surface temperature","degree_C","Pohl et al. 2022, land-harmonized to PALEOMAP PaleoDEM","Pohl monthly-derived climate variables from the original Level 2 workflow, land-harmonized to the PALEOMAP PaleoDEM land mask. Missing Pohl values on PALEOMAP land were filled from the nearest finite PALEOMAP-land Pohl cell using spherical-coordinate nearest-neighbour search; for continuous variables only, the filled cells were then smoothed with a 3 by 3 local mean while original finite cells were left unchanged. Ocean cells were masked to NA for terrestrial ecology use. Fill counts are recorded in land_harmonization_gapfill_audit.csv. Four-degree product: area-weighted mean of finite source 1 degree cells.","Level2 gridded","1 degree Level 2 land-harmonized V2 product","4 degree","area-weighted mean of finite source 1 degree cells"
"MAT_pohl_C",150,4050,"4 degree lon/lat; lon centers -178..178; lat centers -88..88","C:/Users/Google/Documents/HMSC-HIST/Phanerozoic_Environment_540_0Ma_5Myr_4deg_landharmonized_v2/08_rds_export/Phanerozoic_Environment_540_0Ma_5Myr_Level2_4deg_landharmonized_v2_compact_float32.rds","Annual mean surface temperature","degree_C","Pohl et al. 2022, land-harmonized to PALEOMAP PaleoDEM","Pohl monthly-derived climate variables from the original Level 2 workflow, land-harmonized to the PALEOMAP PaleoDEM land mask. Missing Pohl values on PALEOMAP land were filled from the nearest finite PALEOMAP-land Pohl cell using spherical-coordinate nearest-neighbour search; for continuous variables only, the filled cells were then smoothed with a 3 by 3 local mean while original finite cells were left unchanged. Ocean cells were masked to NA for terrestrial ecology use. Fill counts are recorded in land_harmonization_gapfill_audit.csv. Four-degree product: area-weighted mean of finite source 1 degree cells.","Level2 gridded","1 degree Level 2 land-harmonized V2 product","4 degree","area-weighted mean of finite source 1 degree cells"
"MAT_pohl_C",145,4050,"4 degree lon/lat; lon centers -178..178; lat centers -88..88","C:/Users/Google/Documents/HMSC-HIST/Phanerozoic_Environment_540_0Ma_5Myr_4deg_landharmonized_v2/08_rds_export/Phanerozoic_Environment_540_0Ma_5Myr_Level2_4deg_landharmonized_v2_compact_float32.rds","Annual mean surface temperature","degree_C","Pohl et al. 2022, land-harmonized to PALEOMAP PaleoDEM","Pohl monthly-derived climate variables from the original Level 2 workflow, land-harmonized to the PALEOMAP PaleoDEM land mask. Missing Pohl values on PALEOMAP land were filled from the nearest finite PALEOMAP-land Pohl cell using spherical-coordinate nearest-neighbour search; for continuous variables only, the filled cells were then smoothed with a 3 by 3 local mean while original finite cells were left unchanged. Ocean cells were masked to NA for terrestrial ecology use. Fill counts are recorded in land_harmonization_gapfill_audit.csv. Four-degree product: area-weighted mean of finite source 1 degree cells.","Level2 gridded","1 degree Level 2 land-harmonized V2 product","4 degree","area-weighted mean of finite source 1 degree cells"
"MAT_pohl_C",140,4050,"4 degree lon/lat; lon centers -178..178; lat centers -88..88","C:/Users/Google/Documents/HMSC-HIST/Phanerozoic_Environment_540_0Ma_5Myr_4deg_landharmonized_v2/08_rds_export/Phanerozoic_Environment_540_0Ma_5Myr_Level2_4deg_landharmonized_v2_compact_float32.rds","Annual mean surface temperature","degree_C","Pohl et al. 2022, land-harmonized to PALEOMAP PaleoDEM","Pohl monthly-derived climate variables from the original Level 2 workflow, land-harmonized to the PALEOMAP PaleoDEM land mask. Missing Pohl values on PALEOMAP land were filled from the nearest finite PALEOMAP-land Pohl cell using spherical-coordinate nearest-neighbour search; for continuous variables only, the filled cells were then smoothed with a 3 by 3 local mean while original finite cells were left unchanged. Ocean cells were masked to NA for terrestrial ecology use. Fill counts are recorded in land_harmonization_gapfill_audit.csv. Four-degree product: area-weighted mean of finite source 1 degree cells.","Level2 gridded","1 degree Level 2 land-harmonized V2 product","4 degree","area-weighted mean of finite source 1 degree cells"
"MAT_pohl_C",135,4050,"4 degree lon/lat; lon centers -178..178; lat centers -88..88","C:/Users/Google/Documents/HMSC-HIST/Phanerozoic_Environment_540_0Ma_5Myr_4deg_landharmonized_v2/08_rds_export/Phanerozoic_Environment_540_0Ma_5Myr_Level2_4deg_landharmonized_v2_compact_float32.rds","Annual mean surface temperature","degree_C","Pohl et al. 2022, land-harmonized to PALEOMAP PaleoDEM","Pohl monthly-derived climate variables from the original Level 2 workflow, land-harmonized to the PALEOMAP PaleoDEM land mask. Missing Pohl values on PALEOMAP land were filled from the nearest finite PALEOMAP-land Pohl cell using spherical-coordinate nearest-neighbour search; for continuous variables only, the filled cells were then smoothed with a 3 by 3 local mean while original finite cells were left unchanged. Ocean cells were masked to NA for terrestrial ecology use. Fill counts are recorded in land_harmonization_gapfill_audit.csv. Four-degree product: area-weighted mean of finite source 1 degree cells.","Level2 gridded","1 degree Level 2 land-harmonized V2 product","4 degree","area-weighted mean of finite source 1 degree cells"
"MAT_pohl_C",130,4050,"4 degree lon/lat; lon centers -178..178; lat centers -88..88","C:/Users/Google/Documents/HMSC-HIST/Phanerozoic_Environment_540_0Ma_5Myr_4deg_landharmonized_v2/08_rds_export/Phanerozoic_Environment_540_0Ma_5Myr_Level2_4deg_landharmonized_v2_compact_float32.rds","Annual mean surface temperature","degree_C","Pohl et al. 2022, land-harmonized to PALEOMAP PaleoDEM","Pohl monthly-derived climate variables from the original Level 2 workflow, land-harmonized to the PALEOMAP PaleoDEM land mask. Missing Pohl values on PALEOMAP land were filled from the nearest finite PALEOMAP-land Pohl cell using spherical-coordinate nearest-neighbour search; for continuous variables only, the filled cells were then smoothed with a 3 by 3 local mean while original finite cells were left unchanged. Ocean cells were masked to NA for terrestrial ecology use. Fill counts are recorded in land_harmonization_gapfill_audit.csv. Four-degree product: area-weighted mean of finite source 1 degree cells.","Level2 gridded","1 degree Level 2 land-harmonized V2 product","4 degree","area-weighted mean of finite source 1 degree cells"
"MAT_pohl_C",125,4050,"4 degree lon/lat; lon centers -178..178; lat centers -88..88","C:/Users/Google/Documents/HMSC-HIST/Phanerozoic_Environment_540_0Ma_5Myr_4deg_landharmonized_v2/08_rds_export/Phanerozoic_Environment_540_0Ma_5Myr_Level2_4deg_landharmonized_v2_compact_float32.rds","Annual mean surface temperature","degree_C","Pohl et al. 2022, land-harmonized to PALEOMAP PaleoDEM","Pohl monthly-derived climate variables from the original Level 2 workflow, land-harmonized to the PALEOMAP PaleoDEM land mask. Missing Pohl values on PALEOMAP land were filled from the nearest finite PALEOMAP-land Pohl cell using spherical-coordinate nearest-neighbour search; for continuous variables only, the filled cells were then smoothed with a 3 by 3 local mean while original finite cells were left unchanged. Ocean cells were masked to NA for terrestrial ecology use. Fill counts are recorded in land_harmonization_gapfill_audit.csv. Four-degree product: area-weighted mean of finite source 1 degree cells.","Level2 gridded","1 degree Level 2 land-harmonized V2 product","4 degree","area-weighted mean of finite source 1 degree cells"
"MAT_pohl_C",120,4050,"4 degree lon/lat; lon centers -178..178; lat centers -88..88","C:/Users/Google/Documents/HMSC-HIST/Phanerozoic_Environment_540_0Ma_5Myr_4deg_landharmonized_v2/08_rds_export/Phanerozoic_Environment_540_0Ma_5Myr_Level2_4deg_landharmonized_v2_compact_float32.rds","Annual mean surface temperature","degree_C","Pohl et al. 2022, land-harmonized to PALEOMAP PaleoDEM","Pohl monthly-derived climate variables from the original Level 2 workflow, land-harmonized to the PALEOMAP PaleoDEM land mask. Missing Pohl values on PALEOMAP land were filled from the nearest finite PALEOMAP-land Pohl cell using spherical-coordinate nearest-neighbour search; for continuous variables only, the filled cells were then smoothed with a 3 by 3 local mean while original finite cells were left unchanged. Ocean cells were masked to NA for terrestrial ecology use. Fill counts are recorded in land_harmonization_gapfill_audit.csv. Four-degree product: area-weighted mean of finite source 1 degree cells.","Level2 gridded","1 degree Level 2 land-harmonized V2 product","4 degree","area-weighted mean of finite source 1 degree cells"
"MAT_pohl_C",115,4050,"4 degree lon/lat; lon centers -178..178; lat centers -88..88","C:/Users/Google/Documents/HMSC-HIST/Phanerozoic_Environment_540_0Ma_5Myr_4deg_landharmonized_v2/08_rds_export/Phanerozoic_Environment_540_0Ma_5Myr_Level2_4deg_landharmonized_v2_compact_float32.rds","Annual mean surface temperature","degree_C","Pohl et al. 2022, land-harmonized to PALEOMAP PaleoDEM","Pohl monthly-derived climate variables from the original Level 2 workflow, land-harmonized to the PALEOMAP PaleoDEM land mask. Missing Pohl values on PALEOMAP land were filled from the nearest finite PALEOMAP-land Pohl cell using spherical-coordinate nearest-neighbour search; for continuous variables only, the filled cells were then smoothed with a 3 by 3 local mean while original finite cells were left unchanged. Ocean cells were masked to NA for terrestrial ecology use. Fill counts are recorded in land_harmonization_gapfill_audit.csv. Four-degree product: area-weighted mean of finite source 1 degree cells.","Level2 gridded","1 degree Level 2 land-harmonized V2 product","4 degree","area-weighted mean of finite source 1 degree cells"
"MAT_pohl_C",110,4050,"4 degree lon/lat; lon centers -178..178; lat centers -88..88","C:/Users/Google/Documents/HMSC-HIST/Phanerozoic_Environment_540_0Ma_5Myr_4deg_landharmonized_v2/08_rds_export/Phanerozoic_Environment_540_0Ma_5Myr_Level2_4deg_landharmonized_v2_compact_float32.rds","Annual mean surface temperature","degree_C","Pohl et al. 2022, land-harmonized to PALEOMAP PaleoDEM","Pohl monthly-derived climate variables from the original Level 2 workflow, land-harmonized to the PALEOMAP PaleoDEM land mask. Missing Pohl values on PALEOMAP land were filled from the nearest finite PALEOMAP-land Pohl cell using spherical-coordinate nearest-neighbour search; for continuous variables only, the filled cells were then smoothed with a 3 by 3 local mean while original finite cells were left unchanged. Ocean cells were masked to NA for terrestrial ecology use. Fill counts are recorded in land_harmonization_gapfill_audit.csv. Four-degree product: area-weighted mean of finite source 1 degree cells.","Level2 gridded","1 degree Level 2 land-harmonized V2 product","4 degree","area-weighted mean of finite source 1 degree cells"
"MAT_pohl_C",105,4050,"4 degree lon/lat; lon centers -178..178; lat centers -88..88","C:/Users/Google/Documents/HMSC-HIST/Phanerozoic_Environment_540_0Ma_5Myr_4deg_landharmonized_v2/08_rds_export/Phanerozoic_Environment_540_0Ma_5Myr_Level2_4deg_landharmonized_v2_compact_float32.rds","Annual mean surface temperature","degree_C","Pohl et al. 2022, land-harmonized to PALEOMAP PaleoDEM","Pohl monthly-derived climate variables from the original Level 2 workflow, land-harmonized to the PALEOMAP PaleoDEM land mask. Missing Pohl values on PALEOMAP land were filled from the nearest finite PALEOMAP-land Pohl cell using spherical-coordinate nearest-neighbour search; for continuous variables only, the filled cells were then smoothed with a 3 by 3 local mean while original finite cells were left unchanged. Ocean cells were masked to NA for terrestrial ecology use. Fill counts are recorded in land_harmonization_gapfill_audit.csv. Four-degree product: area-weighted mean of finite source 1 degree cells.","Level2 gridded","1 degree Level 2 land-harmonized V2 product","4 degree","area-weighted mean of finite source 1 degree cells"
"MAT_pohl_C",100,4050,"4 degree lon/lat; lon centers -178..178; lat centers -88..88","C:/Users/Google/Documents/HMSC-HIST/Phanerozoic_Environment_540_0Ma_5Myr_4deg_landharmonized_v2/08_rds_export/Phanerozoic_Environment_540_0Ma_5Myr_Level2_4deg_landharmonized_v2_compact_float32.rds","Annual mean surface temperature","degree_C","Pohl et al. 2022, land-harmonized to PALEOMAP PaleoDEM","Pohl monthly-derived climate variables from the original Level 2 workflow, land-harmonized to the PALEOMAP PaleoDEM land mask. Missing Pohl values on PALEOMAP land were filled from the nearest finite PALEOMAP-land Pohl cell using spherical-coordinate nearest-neighbour search; for continuous variables only, the filled cells were then smoothed with a 3 by 3 local mean while original finite cells were left unchanged. Ocean cells were masked to NA for terrestrial ecology use. Fill counts are recorded in land_harmonization_gapfill_audit.csv. Four-degree product: area-weighted mean of finite source 1 degree cells.","Level2 gridded","1 degree Level 2 land-harmonized V2 product","4 degree","area-weighted mean of finite source 1 degree cells"
"MAT_pohl_C",95,4050,"4 degree lon/lat; lon centers -178..178; lat centers -88..88","C:/Users/Google/Documents/HMSC-HIST/Phanerozoic_Environment_540_0Ma_5Myr_4deg_landharmonized_v2/08_rds_export/Phanerozoic_Environment_540_0Ma_5Myr_Level2_4deg_landharmonized_v2_compact_float32.rds","Annual mean surface temperature","degree_C","Pohl et al. 2022, land-harmonized to PALEOMAP PaleoDEM","Pohl monthly-derived climate variables from the original Level 2 workflow, land-harmonized to the PALEOMAP PaleoDEM land mask. Missing Pohl values on PALEOMAP land were filled from the nearest finite PALEOMAP-land Pohl cell using spherical-coordinate nearest-neighbour search; for continuous variables only, the filled cells were then smoothed with a 3 by 3 local mean while original finite cells were left unchanged. Ocean cells were masked to NA for terrestrial ecology use. Fill counts are recorded in land_harmonization_gapfill_audit.csv. Four-degree product: area-weighted mean of finite source 1 degree cells.","Level2 gridded","1 degree Level 2 land-harmonized V2 product","4 degree","area-weighted mean of finite source 1 degree cells"
"MAT_pohl_C",90,4050,"4 degree lon/lat; lon centers -178..178; lat centers -88..88","C:/Users/Google/Documents/HMSC-HIST/Phanerozoic_Environment_540_0Ma_5Myr_4deg_landharmonized_v2/08_rds_export/Phanerozoic_Environment_540_0Ma_5Myr_Level2_4deg_landharmonized_v2_compact_float32.rds","Annual mean surface temperature","degree_C","Pohl et al. 2022, land-harmonized to PALEOMAP PaleoDEM","Pohl monthly-derived climate variables from the original Level 2 workflow, land-harmonized to the PALEOMAP PaleoDEM land mask. Missing Pohl values on PALEOMAP land were filled from the nearest finite PALEOMAP-land Pohl cell using spherical-coordinate nearest-neighbour search; for continuous variables only, the filled cells were then smoothed with a 3 by 3 local mean while original finite cells were left unchanged. Ocean cells were masked to NA for terrestrial ecology use. Fill counts are recorded in land_harmonization_gapfill_audit.csv. Four-degree product: area-weighted mean of finite source 1 degree cells.","Level2 gridded","1 degree Level 2 land-harmonized V2 product","4 degree","area-weighted mean of finite source 1 degree cells"
"MAT_pohl_C",85,4050,"4 degree lon/lat; lon centers -178..178; lat centers -88..88","C:/Users/Google/Documents/HMSC-HIST/Phanerozoic_Environment_540_0Ma_5Myr_4deg_landharmonized_v2/08_rds_export/Phanerozoic_Environment_540_0Ma_5Myr_Level2_4deg_landharmonized_v2_compact_float32.rds","Annual mean surface temperature","degree_C","Pohl et al. 2022, land-harmonized to PALEOMAP PaleoDEM","Pohl monthly-derived climate variables from the original Level 2 workflow, land-harmonized to the PALEOMAP PaleoDEM land mask. Missing Pohl values on PALEOMAP land were filled from the nearest finite PALEOMAP-land Pohl cell using spherical-coordinate nearest-neighbour search; for continuous variables only, the filled cells were then smoothed with a 3 by 3 local mean while original finite cells were left unchanged. Ocean cells were masked to NA for terrestrial ecology use. Fill counts are recorded in land_harmonization_gapfill_audit.csv. Four-degree product: area-weighted mean of finite source 1 degree cells.","Level2 gridded","1 degree Level 2 land-harmonized V2 product","4 degree","area-weighted mean of finite source 1 degree cells"
"MAT_pohl_C",80,4050,"4 degree lon/lat; lon centers -178..178; lat centers -88..88","C:/Users/Google/Documents/HMSC-HIST/Phanerozoic_Environment_540_0Ma_5Myr_4deg_landharmonized_v2/08_rds_export/Phanerozoic_Environment_540_0Ma_5Myr_Level2_4deg_landharmonized_v2_compact_float32.rds","Annual mean surface temperature","degree_C","Pohl et al. 2022, land-harmonized to PALEOMAP PaleoDEM","Pohl monthly-derived climate variables from the original Level 2 workflow, land-harmonized to the PALEOMAP PaleoDEM land mask. Missing Pohl values on PALEOMAP land were filled from the nearest finite PALEOMAP-land Pohl cell using spherical-coordinate nearest-neighbour search; for continuous variables only, the filled cells were then smoothed with a 3 by 3 local mean while original finite cells were left unchanged. Ocean cells were masked to NA for terrestrial ecology use. Fill counts are recorded in land_harmonization_gapfill_audit.csv. Four-degree product: area-weighted mean of finite source 1 degree cells.","Level2 gridded","1 degree Level 2 land-harmonized V2 product","4 degree","area-weighted mean of finite source 1 degree cells"
"MAT_pohl_C",75,4050,"4 degree lon/lat; lon centers -178..178; lat centers -88..88","C:/Users/Google/Documents/HMSC-HIST/Phanerozoic_Environment_540_0Ma_5Myr_4deg_landharmonized_v2/08_rds_export/Phanerozoic_Environment_540_0Ma_5Myr_Level2_4deg_landharmonized_v2_compact_float32.rds","Annual mean surface temperature","degree_C","Pohl et al. 2022, land-harmonized to PALEOMAP PaleoDEM","Pohl monthly-derived climate variables from the original Level 2 workflow, land-harmonized to the PALEOMAP PaleoDEM land mask. Missing Pohl values on PALEOMAP land were filled from the nearest finite PALEOMAP-land Pohl cell using spherical-coordinate nearest-neighbour search; for continuous variables only, the filled cells were then smoothed with a 3 by 3 local mean while original finite cells were left unchanged. Ocean cells were masked to NA for terrestrial ecology use. Fill counts are recorded in land_harmonization_gapfill_audit.csv. Four-degree product: area-weighted mean of finite source 1 degree cells.","Level2 gridded","1 degree Level 2 land-harmonized V2 product","4 degree","area-weighted mean of finite source 1 degree cells"
"MAT_pohl_C",70,4050,"4 degree lon/lat; lon centers -178..178; lat centers -88..88","C:/Users/Google/Documents/HMSC-HIST/Phanerozoic_Environment_540_0Ma_5Myr_4deg_landharmonized_v2/08_rds_export/Phanerozoic_Environment_540_0Ma_5Myr_Level2_4deg_landharmonized_v2_compact_float32.rds","Annual mean surface temperature","degree_C","Pohl et al. 2022, land-harmonized to PALEOMAP PaleoDEM","Pohl monthly-derived climate variables from the original Level 2 workflow, land-harmonized to the PALEOMAP PaleoDEM land mask. Missing Pohl values on PALEOMAP land were filled from the nearest finite PALEOMAP-land Pohl cell using spherical-coordinate nearest-neighbour search; for continuous variables only, the filled cells were then smoothed with a 3 by 3 local mean while original finite cells were left unchanged. Ocean cells were masked to NA for terrestrial ecology use. Fill counts are recorded in land_harmonization_gapfill_audit.csv. Four-degree product: area-weighted mean of finite source 1 degree cells.","Level2 gridded","1 degree Level 2 land-harmonized V2 product","4 degree","area-weighted mean of finite source 1 degree cells"
"MAT_pohl_C",65,4050,"4 degree lon/lat; lon centers -178..178; lat centers -88..88","C:/Users/Google/Documents/HMSC-HIST/Phanerozoic_Environment_540_0Ma_5Myr_4deg_landharmonized_v2/08_rds_export/Phanerozoic_Environment_540_0Ma_5Myr_Level2_4deg_landharmonized_v2_compact_float32.rds","Annual mean surface temperature","degree_C","Pohl et al. 2022, land-harmonized to PALEOMAP PaleoDEM","Pohl monthly-derived climate variables from the original Level 2 workflow, land-harmonized to the PALEOMAP PaleoDEM land mask. Missing Pohl values on PALEOMAP land were filled from the nearest finite PALEOMAP-land Pohl cell using spherical-coordinate nearest-neighbour search; for continuous variables only, the filled cells were then smoothed with a 3 by 3 local mean while original finite cells were left unchanged. Ocean cells were masked to NA for terrestrial ecology use. Fill counts are recorded in land_harmonization_gapfill_audit.csv. Four-degree product: area-weighted mean of finite source 1 degree cells.","Level2 gridded","1 degree Level 2 land-harmonized V2 product","4 degree","area-weighted mean of finite source 1 degree cells"
"MAT_pohl_C",60,4050,"4 degree lon/lat; lon centers -178..178; lat centers -88..88","C:/Users/Google/Documents/HMSC-HIST/Phanerozoic_Environment_540_0Ma_5Myr_4deg_landharmonized_v2/08_rds_export/Phanerozoic_Environment_540_0Ma_5Myr_Level2_4deg_landharmonized_v2_compact_float32.rds","Annual mean surface temperature","degree_C","Pohl et al. 2022, land-harmonized to PALEOMAP PaleoDEM","Pohl monthly-derived climate variables from the original Level 2 workflow, land-harmonized to the PALEOMAP PaleoDEM land mask. Missing Pohl values on PALEOMAP land were filled from the nearest finite PALEOMAP-land Pohl cell using spherical-coordinate nearest-neighbour search; for continuous variables only, the filled cells were then smoothed with a 3 by 3 local mean while original finite cells were left unchanged. Ocean cells were masked to NA for terrestrial ecology use. Fill counts are recorded in land_harmonization_gapfill_audit.csv. Four-degree product: area-weighted mean of finite source 1 degree cells.","Level2 gridded","1 degree Level 2 land-harmonized V2 product","4 degree","area-weighted mean of finite source 1 degree cells"
"MAT_pohl_C",55,4050,"4 degree lon/lat; lon centers -178..178; lat centers -88..88","C:/Users/Google/Documents/HMSC-HIST/Phanerozoic_Environment_540_0Ma_5Myr_4deg_landharmonized_v2/08_rds_export/Phanerozoic_Environment_540_0Ma_5Myr_Level2_4deg_landharmonized_v2_compact_float32.rds","Annual mean surface temperature","degree_C","Pohl et al. 2022, land-harmonized to PALEOMAP PaleoDEM","Pohl monthly-derived climate variables from the original Level 2 workflow, land-harmonized to the PALEOMAP PaleoDEM land mask. Missing Pohl values on PALEOMAP land were filled from the nearest finite PALEOMAP-land Pohl cell using spherical-coordinate nearest-neighbour search; for continuous variables only, the filled cells were then smoothed with a 3 by 3 local mean while original finite cells were left unchanged. Ocean cells were masked to NA for terrestrial ecology use. Fill counts are recorded in land_harmonization_gapfill_audit.csv. Four-degree product: area-weighted mean of finite source 1 degree cells.","Level2 gridded","1 degree Level 2 land-harmonized V2 product","4 degree","area-weighted mean of finite source 1 degree cells"
"MAT_pohl_C",50,4050,"4 degree lon/lat; lon centers -178..178; lat centers -88..88","C:/Users/Google/Documents/HMSC-HIST/Phanerozoic_Environment_540_0Ma_5Myr_4deg_landharmonized_v2/08_rds_export/Phanerozoic_Environment_540_0Ma_5Myr_Level2_4deg_landharmonized_v2_compact_float32.rds","Annual mean surface temperature","degree_C","Pohl et al. 2022, land-harmonized to PALEOMAP PaleoDEM","Pohl monthly-derived climate variables from the original Level 2 workflow, land-harmonized to the PALEOMAP PaleoDEM land mask. Missing Pohl values on PALEOMAP land were filled from the nearest finite PALEOMAP-land Pohl cell using spherical-coordinate nearest-neighbour search; for continuous variables only, the filled cells were then smoothed with a 3 by 3 local mean while original finite cells were left unchanged. Ocean cells were masked to NA for terrestrial ecology use. Fill counts are recorded in land_harmonization_gapfill_audit.csv. Four-degree product: area-weighted mean of finite source 1 degree cells.","Level2 gridded","1 degree Level 2 land-harmonized V2 product","4 degree","area-weighted mean of finite source 1 degree cells"
"MAT_pohl_C",45,4050,"4 degree lon/lat; lon centers -178..178; lat centers -88..88","C:/Users/Google/Documents/HMSC-HIST/Phanerozoic_Environment_540_0Ma_5Myr_4deg_landharmonized_v2/08_rds_export/Phanerozoic_Environment_540_0Ma_5Myr_Level2_4deg_landharmonized_v2_compact_float32.rds","Annual mean surface temperature","degree_C","Pohl et al. 2022, land-harmonized to PALEOMAP PaleoDEM","Pohl monthly-derived climate variables from the original Level 2 workflow, land-harmonized to the PALEOMAP PaleoDEM land mask. Missing Pohl values on PALEOMAP land were filled from the nearest finite PALEOMAP-land Pohl cell using spherical-coordinate nearest-neighbour search; for continuous variables only, the filled cells were then smoothed with a 3 by 3 local mean while original finite cells were left unchanged. Ocean cells were masked to NA for terrestrial ecology use. Fill counts are recorded in land_harmonization_gapfill_audit.csv. Four-degree product: area-weighted mean of finite source 1 degree cells.","Level2 gridded","1 degree Level 2 land-harmonized V2 product","4 degree","area-weighted mean of finite source 1 degree cells"
"MAT_pohl_C",40,4050,"4 degree lon/lat; lon centers -178..178; lat centers -88..88","C:/Users/Google/Documents/HMSC-HIST/Phanerozoic_Environment_540_0Ma_5Myr_4deg_landharmonized_v2/08_rds_export/Phanerozoic_Environment_540_0Ma_5Myr_Level2_4deg_landharmonized_v2_compact_float32.rds","Annual mean surface temperature","degree_C","Pohl et al. 2022, land-harmonized to PALEOMAP PaleoDEM","Pohl monthly-derived climate variables from the original Level 2 workflow, land-harmonized to the PALEOMAP PaleoDEM land mask. Missing Pohl values on PALEOMAP land were filled from the nearest finite PALEOMAP-land Pohl cell using spherical-coordinate nearest-neighbour search; for continuous variables only, the filled cells were then smoothed with a 3 by 3 local mean while original finite cells were left unchanged. Ocean cells were masked to NA for terrestrial ecology use. Fill counts are recorded in land_harmonization_gapfill_audit.csv. Four-degree product: area-weighted mean of finite source 1 degree cells.","Level2 gridded","1 degree Level 2 land-harmonized V2 product","4 degree","area-weighted mean of finite source 1 degree cells"
"MAT_pohl_C",35,4050,"4 degree lon/lat; lon centers -178..178; lat centers -88..88","C:/Users/Google/Documents/HMSC-HIST/Phanerozoic_Environment_540_0Ma_5Myr_4deg_landharmonized_v2/08_rds_export/Phanerozoic_Environment_540_0Ma_5Myr_Level2_4deg_landharmonized_v2_compact_float32.rds","Annual mean surface temperature","degree_C","Pohl et al. 2022, land-harmonized to PALEOMAP PaleoDEM","Pohl monthly-derived climate variables from the original Level 2 workflow, land-harmonized to the PALEOMAP PaleoDEM land mask. Missing Pohl values on PALEOMAP land were filled from the nearest finite PALEOMAP-land Pohl cell using spherical-coordinate nearest-neighbour search; for continuous variables only, the filled cells were then smoothed with a 3 by 3 local mean while original finite cells were left unchanged. Ocean cells were masked to NA for terrestrial ecology use. Fill counts are recorded in land_harmonization_gapfill_audit.csv. Four-degree product: area-weighted mean of finite source 1 degree cells.","Level2 gridded","1 degree Level 2 land-harmonized V2 product","4 degree","area-weighted mean of finite source 1 degree cells"
"MAT_pohl_C",30,4050,"4 degree lon/lat; lon centers -178..178; lat centers -88..88","C:/Users/Google/Documents/HMSC-HIST/Phanerozoic_Environment_540_0Ma_5Myr_4deg_landharmonized_v2/08_rds_export/Phanerozoic_Environment_540_0Ma_5Myr_Level2_4deg_landharmonized_v2_compact_float32.rds","Annual mean surface temperature","degree_C","Pohl et al. 2022, land-harmonized to PALEOMAP PaleoDEM","Pohl monthly-derived climate variables from the original Level 2 workflow, land-harmonized to the PALEOMAP PaleoDEM land mask. Missing Pohl values on PALEOMAP land were filled from the nearest finite PALEOMAP-land Pohl cell using spherical-coordinate nearest-neighbour search; for continuous variables only, the filled cells were then smoothed with a 3 by 3 local mean while original finite cells were left unchanged. Ocean cells were masked to NA for terrestrial ecology use. Fill counts are recorded in land_harmonization_gapfill_audit.csv. Four-degree product: area-weighted mean of finite source 1 degree cells.","Level2 gridded","1 degree Level 2 land-harmonized V2 product","4 degree","area-weighted mean of finite source 1 degree cells"
"MAT_pohl_C",25,4050,"4 degree lon/lat; lon centers -178..178; lat centers -88..88","C:/Users/Google/Documents/HMSC-HIST/Phanerozoic_Environment_540_0Ma_5Myr_4deg_landharmonized_v2/08_rds_export/Phanerozoic_Environment_540_0Ma_5Myr_Level2_4deg_landharmonized_v2_compact_float32.rds","Annual mean surface temperature","degree_C","Pohl et al. 2022, land-harmonized to PALEOMAP PaleoDEM","Pohl monthly-derived climate variables from the original Level 2 workflow, land-harmonized to the PALEOMAP PaleoDEM land mask. Missing Pohl values on PALEOMAP land were filled from the nearest finite PALEOMAP-land Pohl cell using spherical-coordinate nearest-neighbour search; for continuous variables only, the filled cells were then smoothed with a 3 by 3 local mean while original finite cells were left unchanged. Ocean cells were masked to NA for terrestrial ecology use. Fill counts are recorded in land_harmonization_gapfill_audit.csv. Four-degree product: area-weighted mean of finite source 1 degree cells.","Level2 gridded","1 degree Level 2 land-harmonized V2 product","4 degree","area-weighted mean of finite source 1 degree cells"
"MAT_pohl_C",20,4050,"4 degree lon/lat; lon centers -178..178; lat centers -88..88","C:/Users/Google/Documents/HMSC-HIST/Phanerozoic_Environment_540_0Ma_5Myr_4deg_landharmonized_v2/08_rds_export/Phanerozoic_Environment_540_0Ma_5Myr_Level2_4deg_landharmonized_v2_compact_float32.rds","Annual mean surface temperature","degree_C","Pohl et al. 2022, land-harmonized to PALEOMAP PaleoDEM","Pohl monthly-derived climate variables from the original Level 2 workflow, land-harmonized to the PALEOMAP PaleoDEM land mask. Missing Pohl values on PALEOMAP land were filled from the nearest finite PALEOMAP-land Pohl cell using spherical-coordinate nearest-neighbour search; for continuous variables only, the filled cells were then smoothed with a 3 by 3 local mean while original finite cells were left unchanged. Ocean cells were masked to NA for terrestrial ecology use. Fill counts are recorded in land_harmonization_gapfill_audit.csv. Four-degree product: area-weighted mean of finite source 1 degree cells.","Level2 gridded","1 degree Level 2 land-harmonized V2 product","4 degree","area-weighted mean of finite source 1 degree cells"
"MAT_pohl_C",15,4050,"4 degree lon/lat; lon centers -178..178; lat centers -88..88","C:/Users/Google/Documents/HMSC-HIST/Phanerozoic_Environment_540_0Ma_5Myr_4deg_landharmonized_v2/08_rds_export/Phanerozoic_Environment_540_0Ma_5Myr_Level2_4deg_landharmonized_v2_compact_float32.rds","Annual mean surface temperature","degree_C","Pohl et al. 2022, land-harmonized to PALEOMAP PaleoDEM","Pohl monthly-derived climate variables from the original Level 2 workflow, land-harmonized to the PALEOMAP PaleoDEM land mask. Missing Pohl values on PALEOMAP land were filled from the nearest finite PALEOMAP-land Pohl cell using spherical-coordinate nearest-neighbour search; for continuous variables only, the filled cells were then smoothed with a 3 by 3 local mean while original finite cells were left unchanged. Ocean cells were masked to NA for terrestrial ecology use. Fill counts are recorded in land_harmonization_gapfill_audit.csv. Four-degree product: area-weighted mean of finite source 1 degree cells.","Level2 gridded","1 degree Level 2 land-harmonized V2 product","4 degree","area-weighted mean of finite source 1 degree cells"
"MAT_pohl_C",10,4050,"4 degree lon/lat; lon centers -178..178; lat centers -88..88","C:/Users/Google/Documents/HMSC-HIST/Phanerozoic_Environment_540_0Ma_5Myr_4deg_landharmonized_v2/08_rds_export/Phanerozoic_Environment_540_0Ma_5Myr_Level2_4deg_landharmonized_v2_compact_float32.rds","Annual mean surface temperature","degree_C","Pohl et al. 2022, land-harmonized to PALEOMAP PaleoDEM","Pohl monthly-derived climate variables from the original Level 2 workflow, land-harmonized to the PALEOMAP PaleoDEM land mask. Missing Pohl values on PALEOMAP land were filled from the nearest finite PALEOMAP-land Pohl cell using spherical-coordinate nearest-neighbour search; for continuous variables only, the filled cells were then smoothed with a 3 by 3 local mean while original finite cells were left unchanged. Ocean cells were masked to NA for terrestrial ecology use. Fill counts are recorded in land_harmonization_gapfill_audit.csv. Four-degree product: area-weighted mean of finite source 1 degree cells.","Level2 gridded","1 degree Level 2 land-harmonized V2 product","4 degree","area-weighted mean of finite source 1 degree cells"
"MAT_pohl_C",5,4050,"4 degree lon/lat; lon centers -178..178; lat centers -88..88","C:/Users/Google/Documents/HMSC-HIST/Phanerozoic_Environment_540_0Ma_5Myr_4deg_landharmonized_v2/08_rds_export/Phanerozoic_Environment_540_0Ma_5Myr_Level2_4deg_landharmonized_v2_compact_float32.rds","Annual mean surface temperature","degree_C","Pohl et al. 2022, land-harmonized to PALEOMAP PaleoDEM","Pohl monthly-derived climate variables from the original Level 2 workflow, land-harmonized to the PALEOMAP PaleoDEM land mask. Missing Pohl values on PALEOMAP land were filled from the nearest finite PALEOMAP-land Pohl cell using spherical-coordinate nearest-neighbour search; for continuous variables only, the filled cells were then smoothed with a 3 by 3 local mean while original finite cells were left unchanged. Ocean cells were masked to NA for terrestrial ecology use. Fill counts are recorded in land_harmonization_gapfill_audit.csv. Four-degree product: area-weighted mean of finite source 1 degree cells.","Level2 gridded","1 degree Level 2 land-harmonized V2 product","4 degree","area-weighted mean of finite source 1 degree cells"
"MAT_pohl_C",0,4050,"4 degree lon/lat; lon centers -178..178; lat centers -88..88","C:/Users/Google/Documents/HMSC-HIST/Phanerozoic_Environment_540_0Ma_5Myr_4deg_landharmonized_v2/08_rds_export/Phanerozoic_Environment_540_0Ma_5Myr_Level2_4deg_landharmonized_v2_compact_float32.rds","Annual mean surface temperature","degree_C","Pohl et al. 2022, land-harmonized to PALEOMAP PaleoDEM","Pohl monthly-derived climate variables from the original Level 2 workflow, land-harmonized to the PALEOMAP PaleoDEM land mask. Missing Pohl values on PALEOMAP land were filled from the nearest finite PALEOMAP-land Pohl cell using spherical-coordinate nearest-neighbour search; for continuous variables only, the filled cells were then smoothed with a 3 by 3 local mean while original finite cells were left unchanged. Ocean cells were masked to NA for terrestrial ecology use. Fill counts are recorded in land_harmonization_gapfill_audit.csv. Four-degree product: area-weighted mean of finite source 1 degree cells.","Level2 gridded","1 degree Level 2 land-harmonized V2 product","4 degree","area-weighted mean of finite source 1 degree cells"
"MAP_pohl_mm_yr",540,4050,"4 degree lon/lat; lon centers -178..178; lat centers -88..88","C:/Users/Google/Documents/HMSC-HIST/Phanerozoic_Environment_540_0Ma_5Myr_4deg_landharmonized_v2/08_rds_export/Phanerozoic_Environment_540_0Ma_5Myr_Level2_4deg_landharmonized_v2_compact_float32.rds","Annual precipitation","mm yr-1","Pohl et al. 2022, land-harmonized to PALEOMAP PaleoDEM","Pohl monthly-derived climate variables from the original Level 2 workflow, land-harmonized to the PALEOMAP PaleoDEM land mask. Missing Pohl values on PALEOMAP land were filled from the nearest finite PALEOMAP-land Pohl cell using spherical-coordinate nearest-neighbour search; for continuous variables only, the filled cells were then smoothed with a 3 by 3 local mean while original finite cells were left unchanged. Ocean cells were masked to NA for terrestrial ecology use. Fill counts are recorded in land_harmonization_gapfill_audit.csv. Four-degree product: area-weighted mean of finite source 1 degree cells.","Level2 gridded","1 degree Level 2 land-harmonized V2 product","4 degree","area-weighted mean of finite source 1 degree cells"
"MAP_pohl_mm_yr",535,4050,"4 degree lon/lat; lon centers -178..178; lat centers -88..88","C:/Users/Google/Documents/HMSC-HIST/Phanerozoic_Environment_540_0Ma_5Myr_4deg_landharmonized_v2/08_rds_export/Phanerozoic_Environment_540_0Ma_5Myr_Level2_4deg_landharmonized_v2_compact_float32.rds","Annual precipitation","mm yr-1","Pohl et al. 2022, land-harmonized to PALEOMAP PaleoDEM","Pohl monthly-derived climate variables from the original Level 2 workflow, land-harmonized to the PALEOMAP PaleoDEM land mask. Missing Pohl values on PALEOMAP land were filled from the nearest finite PALEOMAP-land Pohl cell using spherical-coordinate nearest-neighbour search; for continuous variables only, the filled cells were then smoothed with a 3 by 3 local mean while original finite cells were left unchanged. Ocean cells were masked to NA for terrestrial ecology use. Fill counts are recorded in land_harmonization_gapfill_audit.csv. Four-degree product: area-weighted mean of finite source 1 degree cells.","Level2 gridded","1 degree Level 2 land-harmonized V2 product","4 degree","area-weighted mean of finite source 1 degree cells"
"MAP_pohl_mm_yr",530,4050,"4 degree lon/lat; lon centers -178..178; lat centers -88..88","C:/Users/Google/Documents/HMSC-HIST/Phanerozoic_Environment_540_0Ma_5Myr_4deg_landharmonized_v2/08_rds_export/Phanerozoic_Environment_540_0Ma_5Myr_Level2_4deg_landharmonized_v2_compact_float32.rds","Annual precipitation","mm yr-1","Pohl et al. 2022, land-harmonized to PALEOMAP PaleoDEM","Pohl monthly-derived climate variables from the original Level 2 workflow, land-harmonized to the PALEOMAP PaleoDEM land mask. Missing Pohl values on PALEOMAP land were filled from the nearest finite PALEOMAP-land Pohl cell using spherical-coordinate nearest-neighbour search; for continuous variables only, the filled cells were then smoothed with a 3 by 3 local mean while original finite cells were left unchanged. Ocean cells were masked to NA for terrestrial ecology use. Fill counts are recorded in land_harmonization_gapfill_audit.csv. Four-degree product: area-weighted mean of finite source 1 degree cells.","Level2 gridded","1 degree Level 2 land-harmonized V2 product","4 degree","area-weighted mean of finite source 1 degree cells"
"MAP_pohl_mm_yr",525,4050,"4 degree lon/lat; lon centers -178..178; lat centers -88..88","C:/Users/Google/Documents/HMSC-HIST/Phanerozoic_Environment_540_0Ma_5Myr_4deg_landharmonized_v2/08_rds_export/Phanerozoic_Environment_540_0Ma_5Myr_Level2_4deg_landharmonized_v2_compact_float32.rds","Annual precipitation","mm yr-1","Pohl et al. 2022, land-harmonized to PALEOMAP PaleoDEM","Pohl monthly-derived climate variables from the original Level 2 workflow, land-harmonized to the PALEOMAP PaleoDEM land mask. Missing Pohl values on PALEOMAP land were filled from the nearest finite PALEOMAP-land Pohl cell using spherical-coordinate nearest-neighbour search; for continuous variables only, the filled cells were then smoothed with a 3 by 3 local mean while original finite cells were left unchanged. Ocean cells were masked to NA for terrestrial ecology use. Fill counts are recorded in land_harmonization_gapfill_audit.csv. Four-degree product: area-weighted mean of finite source 1 degree cells.","Level2 gridded","1 degree Level 2 land-harmonized V2 product","4 degree","area-weighted mean of finite source 1 degree cells"
"MAP_pohl_mm_yr",520,4050,"4 degree lon/lat; lon centers -178..178; lat centers -88..88","C:/Users/Google/Documents/HMSC-HIST/Phanerozoic_Environment_540_0Ma_5Myr_4deg_landharmonized_v2/08_rds_export/Phanerozoic_Environment_540_0Ma_5Myr_Level2_4deg_landharmonized_v2_compact_float32.rds","Annual precipitation","mm yr-1","Pohl et al. 2022, land-harmonized to PALEOMAP PaleoDEM","Pohl monthly-derived climate variables from the original Level 2 workflow, land-harmonized to the PALEOMAP PaleoDEM land mask. Missing Pohl values on PALEOMAP land were filled from the nearest finite PALEOMAP-land Pohl cell using spherical-coordinate nearest-neighbour search; for continuous variables only, the filled cells were then smoothed with a 3 by 3 local mean while original finite cells were left unchanged. Ocean cells were masked to NA for terrestrial ecology use. Fill counts are recorded in land_harmonization_gapfill_audit.csv. Four-degree product: area-weighted mean of finite source 1 degree cells.","Level2 gridded","1 degree Level 2 land-harmonized V2 product","4 degree","area-weighted mean of finite source 1 degree cells"
"MAP_pohl_mm_yr",515,4050,"4 degree lon/lat; lon centers -178..178; lat centers -88..88","C:/Users/Google/Documents/HMSC-HIST/Phanerozoic_Environment_540_0Ma_5Myr_4deg_landharmonized_v2/08_rds_export/Phanerozoic_Environment_540_0Ma_5Myr_Level2_4deg_landharmonized_v2_compact_float32.rds","Annual precipitation","mm yr-1","Pohl et al. 2022, land-harmonized to PALEOMAP PaleoDEM","Pohl monthly-derived climate variables from the original Level 2 workflow, land-harmonized to the PALEOMAP PaleoDEM land mask. Missing Pohl values on PALEOMAP land were filled from the nearest finite PALEOMAP-land Pohl cell using spherical-coordinate nearest-neighbour search; for continuous variables only, the filled cells were then smoothed with a 3 by 3 local mean while original finite cells were left unchanged. Ocean cells were masked to NA for terrestrial ecology use. Fill counts are recorded in land_harmonization_gapfill_audit.csv. Four-degree product: area-weighted mean of finite source 1 degree cells.","Level2 gridded","1 degree Level 2 land-harmonized V2 product","4 degree","area-weighted mean of finite source 1 degree cells"
"MAP_pohl_mm_yr",510,4050,"4 degree lon/lat; lon centers -178..178; lat centers -88..88","C:/Users/Google/Documents/HMSC-HIST/Phanerozoic_Environment_540_0Ma_5Myr_4deg_landharmonized_v2/08_rds_export/Phanerozoic_Environment_540_0Ma_5Myr_Level2_4deg_landharmonized_v2_compact_float32.rds","Annual precipitation","mm yr-1","Pohl et al. 2022, land-harmonized to PALEOMAP PaleoDEM","Pohl monthly-derived climate variables from the original Level 2 workflow, land-harmonized to the PALEOMAP PaleoDEM land mask. Missing Pohl values on PALEOMAP land were filled from the nearest finite PALEOMAP-land Pohl cell using spherical-coordinate nearest-neighbour search; for continuous variables only, the filled cells were then smoothed with a 3 by 3 local mean while original finite cells were left unchanged. Ocean cells were masked to NA for terrestrial ecology use. Fill counts are recorded in land_harmonization_gapfill_audit.csv. Four-degree product: area-weighted mean of finite source 1 degree cells.","Level2 gridded","1 degree Level 2 land-harmonized V2 product","4 degree","area-weighted mean of finite source 1 degree cells"
"MAP_pohl_mm_yr",505,4050,"4 degree lon/lat; lon centers -178..178; lat centers -88..88","C:/Users/Google/Documents/HMSC-HIST/Phanerozoic_Environment_540_0Ma_5Myr_4deg_landharmonized_v2/08_rds_export/Phanerozoic_Environment_540_0Ma_5Myr_Level2_4deg_landharmonized_v2_compact_float32.rds","Annual precipitation","mm yr-1","Pohl et al. 2022, land-harmonized to PALEOMAP PaleoDEM","Pohl monthly-derived climate variables from the original Level 2 workflow, land-harmonized to the PALEOMAP PaleoDEM land mask. Missing Pohl values on PALEOMAP land were filled from the nearest finite PALEOMAP-land Pohl cell using spherical-coordinate nearest-neighbour search; for continuous variables only, the filled cells were then smoothed with a 3 by 3 local mean while original finite cells were left unchanged. Ocean cells were masked to NA for terrestrial ecology use. Fill counts are recorded in land_harmonization_gapfill_audit.csv. Four-degree product: area-weighted mean of finite source 1 degree cells.","Level2 gridded","1 degree Level 2 land-harmonized V2 product","4 degree","area-weighted mean of finite source 1 degree cells"
"MAP_pohl_mm_yr",500,4050,"4 degree lon/lat; lon centers -178..178; lat centers -88..88","C:/Users/Google/Documents/HMSC-HIST/Phanerozoic_Environment_540_0Ma_5Myr_4deg_landharmonized_v2/08_rds_export/Phanerozoic_Environment_540_0Ma_5Myr_Level2_4deg_landharmonized_v2_compact_float32.rds","Annual precipitation","mm yr-1","Pohl et al. 2022, land-harmonized to PALEOMAP PaleoDEM","Pohl monthly-derived climate variables from the original Level 2 workflow, land-harmonized to the PALEOMAP PaleoDEM land mask. Missing Pohl values on PALEOMAP land were filled from the nearest finite PALEOMAP-land Pohl cell using spherical-coordinate nearest-neighbour search; for continuous variables only, the filled cells were then smoothed with a 3 by 3 local mean while original finite cells were left unchanged. Ocean cells were masked to NA for terrestrial ecology use. Fill counts are recorded in land_harmonization_gapfill_audit.csv. Four-degree product: area-weighted mean of finite source 1 degree cells.","Level2 gridded","1 degree Level 2 land-harmonized V2 product","4 degree","area-weighted mean of finite source 1 degree cells"
"MAP_pohl_mm_yr",495,4050,"4 degree lon/lat; lon centers -178..178; lat centers -88..88","C:/Users/Google/Documents/HMSC-HIST/Phanerozoic_Environment_540_0Ma_5Myr_4deg_landharmonized_v2/08_rds_export/Phanerozoic_Environment_540_0Ma_5Myr_Level2_4deg_landharmonized_v2_compact_float32.rds","Annual precipitation","mm yr-1","Pohl et al. 2022, land-harmonized to PALEOMAP PaleoDEM","Pohl monthly-derived climate variables from the original Level 2 workflow, land-harmonized to the PALEOMAP PaleoDEM land mask. Missing Pohl values on PALEOMAP land were filled from the nearest finite PALEOMAP-land Pohl cell using spherical-coordinate nearest-neighbour search; for continuous variables only, the filled cells were then smoothed with a 3 by 3 local mean while original finite cells were left unchanged. Ocean cells were masked to NA for terrestrial ecology use. Fill counts are recorded in land_harmonization_gapfill_audit.csv. Four-degree product: area-weighted mean of finite source 1 degree cells.","Level2 gridded","1 degree Level 2 land-harmonized V2 product","4 degree","area-weighted mean of finite source 1 degree cells"
"MAP_pohl_mm_yr",490,4050,"4 degree lon/lat; lon centers -178..178; lat centers -88..88","C:/Users/Google/Documents/HMSC-HIST/Phanerozoic_Environment_540_0Ma_5Myr_4deg_landharmonized_v2/08_rds_export/Phanerozoic_Environment_540_0Ma_5Myr_Level2_4deg_landharmonized_v2_compact_float32.rds","Annual precipitation","mm yr-1","Pohl et al. 2022, land-harmonized to PALEOMAP PaleoDEM","Pohl monthly-derived climate variables from the original Level 2 workflow, land-harmonized to the PALEOMAP PaleoDEM land mask. Missing Pohl values on PALEOMAP land were filled from the nearest finite PALEOMAP-land Pohl cell using spherical-coordinate nearest-neighbour search; for continuous variables only, the filled cells were then smoothed with a 3 by 3 local mean while original finite cells were left unchanged. Ocean cells were masked to NA for terrestrial ecology use. Fill counts are recorded in land_harmonization_gapfill_audit.csv. Four-degree product: area-weighted mean of finite source 1 degree cells.","Level2 gridded","1 degree Level 2 land-harmonized V2 product","4 degree","area-weighted mean of finite source 1 degree cells"
"MAP_pohl_mm_yr",485,4050,"4 degree lon/lat; lon centers -178..178; lat centers -88..88","C:/Users/Google/Documents/HMSC-HIST/Phanerozoic_Environment_540_0Ma_5Myr_4deg_landharmonized_v2/08_rds_export/Phanerozoic_Environment_540_0Ma_5Myr_Level2_4deg_landharmonized_v2_compact_float32.rds","Annual precipitation","mm yr-1","Pohl et al. 2022, land-harmonized to PALEOMAP PaleoDEM","Pohl monthly-derived climate variables from the original Level 2 workflow, land-harmonized to the PALEOMAP PaleoDEM land mask. Missing Pohl values on PALEOMAP land were filled from the nearest finite PALEOMAP-land Pohl cell using spherical-coordinate nearest-neighbour search; for continuous variables only, the filled cells were then smoothed with a 3 by 3 local mean while original finite cells were left unchanged. Ocean cells were masked to NA for terrestrial ecology use. Fill counts are recorded in land_harmonization_gapfill_audit.csv. Four-degree product: area-weighted mean of finite source 1 degree cells.","Level2 gridded","1 degree Level 2 land-harmonized V2 product","4 degree","area-weighted mean of finite source 1 degree cells"
"MAP_pohl_mm_yr",480,4050,"4 degree lon/lat; lon centers -178..178; lat centers -88..88","C:/Users/Google/Documents/HMSC-HIST/Phanerozoic_Environment_540_0Ma_5Myr_4deg_landharmonized_v2/08_rds_export/Phanerozoic_Environment_540_0Ma_5Myr_Level2_4deg_landharmonized_v2_compact_float32.rds","Annual precipitation","mm yr-1","Pohl et al. 2022, land-harmonized to PALEOMAP PaleoDEM","Pohl monthly-derived climate variables from the original Level 2 workflow, land-harmonized to the PALEOMAP PaleoDEM land mask. Missing Pohl values on PALEOMAP land were filled from the nearest finite PALEOMAP-land Pohl cell using spherical-coordinate nearest-neighbour search; for continuous variables only, the filled cells were then smoothed with a 3 by 3 local mean while original finite cells were left unchanged. Ocean cells were masked to NA for terrestrial ecology use. Fill counts are recorded in land_harmonization_gapfill_audit.csv. Four-degree product: area-weighted mean of finite source 1 degree cells.","Level2 gridded","1 degree Level 2 land-harmonized V2 product","4 degree","area-weighted mean of finite source 1 degree cells"
"MAP_pohl_mm_yr",475,4050,"4 degree lon/lat; lon centers -178..178; lat centers -88..88","C:/Users/Google/Documents/HMSC-HIST/Phanerozoic_Environment_540_0Ma_5Myr_4deg_landharmonized_v2/08_rds_export/Phanerozoic_Environment_540_0Ma_5Myr_Level2_4deg_landharmonized_v2_compact_float32.rds","Annual precipitation","mm yr-1","Pohl et al. 2022, land-harmonized to PALEOMAP PaleoDEM","Pohl monthly-derived climate variables from the original Level 2 workflow, land-harmonized to the PALEOMAP PaleoDEM land mask. Missing Pohl values on PALEOMAP land were filled from the nearest finite PALEOMAP-land Pohl cell using spherical-coordinate nearest-neighbour search; for continuous variables only, the filled cells were then smoothed with a 3 by 3 local mean while original finite cells were left unchanged. Ocean cells were masked to NA for terrestrial ecology use. Fill counts are recorded in land_harmonization_gapfill_audit.csv. Four-degree product: area-weighted mean of finite source 1 degree cells.","Level2 gridded","1 degree Level 2 land-harmonized V2 product","4 degree","area-weighted mean of finite source 1 degree cells"
"MAP_pohl_mm_yr",470,4050,"4 degree lon/lat; lon centers -178..178; lat centers -88..88","C:/Users/Google/Documents/HMSC-HIST/Phanerozoic_Environment_540_0Ma_5Myr_4deg_landharmonized_v2/08_rds_export/Phanerozoic_Environment_540_0Ma_5Myr_Level2_4deg_landharmonized_v2_compact_float32.rds","Annual precipitation","mm yr-1","Pohl et al. 2022, land-harmonized to PALEOMAP PaleoDEM","Pohl monthly-derived climate variables from the original Level 2 workflow, land-harmonized to the PALEOMAP PaleoDEM land mask. Missing Pohl values on PALEOMAP land were filled from the nearest finite PALEOMAP-land Pohl cell using spherical-coordinate nearest-neighbour search; for continuous variables only, the filled cells were then smoothed with a 3 by 3 local mean while original finite cells were left unchanged. Ocean cells were masked to NA for terrestrial ecology use. Fill counts are recorded in land_harmonization_gapfill_audit.csv. Four-degree product: area-weighted mean of finite source 1 degree cells.","Level2 gridded","1 degree Level 2 land-harmonized V2 product","4 degree","area-weighted mean of finite source 1 degree cells"
"MAP_pohl_mm_yr",465,4050,"4 degree lon/lat; lon centers -178..178; lat centers -88..88","C:/Users/Google/Documents/HMSC-HIST/Phanerozoic_Environment_540_0Ma_5Myr_4deg_landharmonized_v2/08_rds_export/Phanerozoic_Environment_540_0Ma_5Myr_Level2_4deg_landharmonized_v2_compact_float32.rds","Annual precipitation","mm yr-1","Pohl et al. 2022, land-harmonized to PALEOMAP PaleoDEM","Pohl monthly-derived climate variables from the original Level 2 workflow, land-harmonized to the PALEOMAP PaleoDEM land mask. Missing Pohl values on PALEOMAP land were filled from the nearest finite PALEOMAP-land Pohl cell using spherical-coordinate nearest-neighbour search; for continuous variables only, the filled cells were then smoothed with a 3 by 3 local mean while original finite cells were left unchanged. Ocean cells were masked to NA for terrestrial ecology use. Fill counts are recorded in land_harmonization_gapfill_audit.csv. Four-degree product: area-weighted mean of finite source 1 degree cells.","Level2 gridded","1 degree Level 2 land-harmonized V2 product","4 degree","area-weighted mean of finite source 1 degree cells"
"MAP_pohl_mm_yr",460,4050,"4 degree lon/lat; lon centers -178..178; lat centers -88..88","C:/Users/Google/Documents/HMSC-HIST/Phanerozoic_Environment_540_0Ma_5Myr_4deg_landharmonized_v2/08_rds_export/Phanerozoic_Environment_540_0Ma_5Myr_Level2_4deg_landharmonized_v2_compact_float32.rds","Annual precipitation","mm yr-1","Pohl et al. 2022, land-harmonized to PALEOMAP PaleoDEM","Pohl monthly-derived climate variables from the original Level 2 workflow, land-harmonized to the PALEOMAP PaleoDEM land mask. Missing Pohl values on PALEOMAP land were filled from the nearest finite PALEOMAP-land Pohl cell using spherical-coordinate nearest-neighbour search; for continuous variables only, the filled cells were then smoothed with a 3 by 3 local mean while original finite cells were left unchanged. Ocean cells were masked to NA for terrestrial ecology use. Fill counts are recorded in land_harmonization_gapfill_audit.csv. Four-degree product: area-weighted mean of finite source 1 degree cells.","Level2 gridded","1 degree Level 2 land-harmonized V2 product","4 degree","area-weighted mean of finite source 1 degree cells"
"MAP_pohl_mm_yr",455,4050,"4 degree lon/lat; lon centers -178..178; lat centers -88..88","C:/Users/Google/Documents/HMSC-HIST/Phanerozoic_Environment_540_0Ma_5Myr_4deg_landharmonized_v2/08_rds_export/Phanerozoic_Environment_540_0Ma_5Myr_Level2_4deg_landharmonized_v2_compact_float32.rds","Annual precipitation","mm yr-1","Pohl et al. 2022, land-harmonized to PALEOMAP PaleoDEM","Pohl monthly-derived climate variables from the original Level 2 workflow, land-harmonized to the PALEOMAP PaleoDEM land mask. Missing Pohl values on PALEOMAP land were filled from the nearest finite PALEOMAP-land Pohl cell using spherical-coordinate nearest-neighbour search; for continuous variables only, the filled cells were then smoothed with a 3 by 3 local mean while original finite cells were left unchanged. Ocean cells were masked to NA for terrestrial ecology use. Fill counts are recorded in land_harmonization_gapfill_audit.csv. Four-degree product: area-weighted mean of finite source 1 degree cells.","Level2 gridded","1 degree Level 2 land-harmonized V2 product","4 degree","area-weighted mean of finite source 1 degree cells"
"MAP_pohl_mm_yr",450,4050,"4 degree lon/lat; lon centers -178..178; lat centers -88..88","C:/Users/Google/Documents/HMSC-HIST/Phanerozoic_Environment_540_0Ma_5Myr_4deg_landharmonized_v2/08_rds_export/Phanerozoic_Environment_540_0Ma_5Myr_Level2_4deg_landharmonized_v2_compact_float32.rds","Annual precipitation","mm yr-1","Pohl et al. 2022, land-harmonized to PALEOMAP PaleoDEM","Pohl monthly-derived climate variables from the original Level 2 workflow, land-harmonized to the PALEOMAP PaleoDEM land mask. Missing Pohl values on PALEOMAP land were filled from the nearest finite PALEOMAP-land Pohl cell using spherical-coordinate nearest-neighbour search; for continuous variables only, the filled cells were then smoothed with a 3 by 3 local mean while original finite cells were left unchanged. Ocean cells were masked to NA for terrestrial ecology use. Fill counts are recorded in land_harmonization_gapfill_audit.csv. Four-degree product: area-weighted mean of finite source 1 degree cells.","Level2 gridded","1 degree Level 2 land-harmonized V2 product","4 degree","area-weighted mean of finite source 1 degree cells"
"MAP_pohl_mm_yr",445,4050,"4 degree lon/lat; lon centers -178..178; lat centers -88..88","C:/Users/Google/Documents/HMSC-HIST/Phanerozoic_Environment_540_0Ma_5Myr_4deg_landharmonized_v2/08_rds_export/Phanerozoic_Environment_540_0Ma_5Myr_Level2_4deg_landharmonized_v2_compact_float32.rds","Annual precipitation","mm yr-1","Pohl et al. 2022, land-harmonized to PALEOMAP PaleoDEM","Pohl monthly-derived climate variables from the original Level 2 workflow, land-harmonized to the PALEOMAP PaleoDEM land mask. Missing Pohl values on PALEOMAP land were filled from the nearest finite PALEOMAP-land Pohl cell using spherical-coordinate nearest-neighbour search; for continuous variables only, the filled cells were then smoothed with a 3 by 3 local mean while original finite cells were left unchanged. Ocean cells were masked to NA for terrestrial ecology use. Fill counts are recorded in land_harmonization_gapfill_audit.csv. Four-degree product: area-weighted mean of finite source 1 degree cells.","Level2 gridded","1 degree Level 2 land-harmonized V2 product","4 degree","area-weighted mean of finite source 1 degree cells"
"MAP_pohl_mm_yr",440,4050,"4 degree lon/lat; lon centers -178..178; lat centers -88..88","C:/Users/Google/Documents/HMSC-HIST/Phanerozoic_Environment_540_0Ma_5Myr_4deg_landharmonized_v2/08_rds_export/Phanerozoic_Environment_540_0Ma_5Myr_Level2_4deg_landharmonized_v2_compact_float32.rds","Annual precipitation","mm yr-1","Pohl et al. 2022, land-harmonized to PALEOMAP PaleoDEM","Pohl monthly-derived climate variables from the original Level 2 workflow, land-harmonized to the PALEOMAP PaleoDEM land mask. Missing Pohl values on PALEOMAP land were filled from the nearest finite PALEOMAP-land Pohl cell using spherical-coordinate nearest-neighbour search; for continuous variables only, the filled cells were then smoothed with a 3 by 3 local mean while original finite cells were left unchanged. Ocean cells were masked to NA for terrestrial ecology use. Fill counts are recorded in land_harmonization_gapfill_audit.csv. Four-degree product: area-weighted mean of finite source 1 degree cells.","Level2 gridded","1 degree Level 2 land-harmonized V2 product","4 degree","area-weighted mean of finite source 1 degree cells"
"MAP_pohl_mm_yr",435,4050,"4 degree lon/lat; lon centers -178..178; lat centers -88..88","C:/Users/Google/Documents/HMSC-HIST/Phanerozoic_Environment_540_0Ma_5Myr_4deg_landharmonized_v2/08_rds_export/Phanerozoic_Environment_540_0Ma_5Myr_Level2_4deg_landharmonized_v2_compact_float32.rds","Annual precipitation","mm yr-1","Pohl et al. 2022, land-harmonized to PALEOMAP PaleoDEM","Pohl monthly-derived climate variables from the original Level 2 workflow, land-harmonized to the PALEOMAP PaleoDEM land mask. Missing Pohl values on PALEOMAP land were filled from the nearest finite PALEOMAP-land Pohl cell using spherical-coordinate nearest-neighbour search; for continuous variables only, the filled cells were then smoothed with a 3 by 3 local mean while original finite cells were left unchanged. Ocean cells were masked to NA for terrestrial ecology use. Fill counts are recorded in land_harmonization_gapfill_audit.csv. Four-degree product: area-weighted mean of finite source 1 degree cells.","Level2 gridded","1 degree Level 2 land-harmonized V2 product","4 degree","area-weighted mean of finite source 1 degree cells"
"MAP_pohl_mm_yr",430,4050,"4 degree lon/lat; lon centers -178..178; lat centers -88..88","C:/Users/Google/Documents/HMSC-HIST/Phanerozoic_Environment_540_0Ma_5Myr_4deg_landharmonized_v2/08_rds_export/Phanerozoic_Environment_540_0Ma_5Myr_Level2_4deg_landharmonized_v2_compact_float32.rds","Annual precipitation","mm yr-1","Pohl et al. 2022, land-harmonized to PALEOMAP PaleoDEM","Pohl monthly-derived climate variables from the original Level 2 workflow, land-harmonized to the PALEOMAP PaleoDEM land mask. Missing Pohl values on PALEOMAP land were filled from the nearest finite PALEOMAP-land Pohl cell using spherical-coordinate nearest-neighbour search; for continuous variables only, the filled cells were then smoothed with a 3 by 3 local mean while original finite cells were left unchanged. Ocean cells were masked to NA for terrestrial ecology use. Fill counts are recorded in land_harmonization_gapfill_audit.csv. Four-degree product: area-weighted mean of finite source 1 degree cells.","Level2 gridded","1 degree Level 2 land-harmonized V2 product","4 degree","area-weighted mean of finite source 1 degree cells"
"MAP_pohl_mm_yr",425,4050,"4 degree lon/lat; lon centers -178..178; lat centers -88..88","C:/Users/Google/Documents/HMSC-HIST/Phanerozoic_Environment_540_0Ma_5Myr_4deg_landharmonized_v2/08_rds_export/Phanerozoic_Environment_540_0Ma_5Myr_Level2_4deg_landharmonized_v2_compact_float32.rds","Annual precipitation","mm yr-1","Pohl et al. 2022, land-harmonized to PALEOMAP PaleoDEM","Pohl monthly-derived climate variables from the original Level 2 workflow, land-harmonized to the PALEOMAP PaleoDEM land mask. Missing Pohl values on PALEOMAP land were filled from the nearest finite PALEOMAP-land Pohl cell using spherical-coordinate nearest-neighbour search; for continuous variables only, the filled cells were then smoothed with a 3 by 3 local mean while original finite cells were left unchanged. Ocean cells were masked to NA for terrestrial ecology use. Fill counts are recorded in land_harmonization_gapfill_audit.csv. Four-degree product: area-weighted mean of finite source 1 degree cells.","Level2 gridded","1 degree Level 2 land-harmonized V2 product","4 degree","area-weighted mean of finite source 1 degree cells"
"MAP_pohl_mm_yr",420,4050,"4 degree lon/lat; lon centers -178..178; lat centers -88..88","C:/Users/Google/Documents/HMSC-HIST/Phanerozoic_Environment_540_0Ma_5Myr_4deg_landharmonized_v2/08_rds_export/Phanerozoic_Environment_540_0Ma_5Myr_Level2_4deg_landharmonized_v2_compact_float32.rds","Annual precipitation","mm yr-1","Pohl et al. 2022, land-harmonized to PALEOMAP PaleoDEM","Pohl monthly-derived climate variables from the original Level 2 workflow, land-harmonized to the PALEOMAP PaleoDEM land mask. Missing Pohl values on PALEOMAP land were filled from the nearest finite PALEOMAP-land Pohl cell using spherical-coordinate nearest-neighbour search; for continuous variables only, the filled cells were then smoothed with a 3 by 3 local mean while original finite cells were left unchanged. Ocean cells were masked to NA for terrestrial ecology use. Fill counts are recorded in land_harmonization_gapfill_audit.csv. Four-degree product: area-weighted mean of finite source 1 degree cells.","Level2 gridded","1 degree Level 2 land-harmonized V2 product","4 degree","area-weighted mean of finite source 1 degree cells"
"MAP_pohl_mm_yr",415,4050,"4 degree lon/lat; lon centers -178..178; lat centers -88..88","C:/Users/Google/Documents/HMSC-HIST/Phanerozoic_Environment_540_0Ma_5Myr_4deg_landharmonized_v2/08_rds_export/Phanerozoic_Environment_540_0Ma_5Myr_Level2_4deg_landharmonized_v2_compact_float32.rds","Annual precipitation","mm yr-1","Pohl et al. 2022, land-harmonized to PALEOMAP PaleoDEM","Pohl monthly-derived climate variables from the original Level 2 workflow, land-harmonized to the PALEOMAP PaleoDEM land mask. Missing Pohl values on PALEOMAP land were filled from the nearest finite PALEOMAP-land Pohl cell using spherical-coordinate nearest-neighbour search; for continuous variables only, the filled cells were then smoothed with a 3 by 3 local mean while original finite cells were left unchanged. Ocean cells were masked to NA for terrestrial ecology use. Fill counts are recorded in land_harmonization_gapfill_audit.csv. Four-degree product: area-weighted mean of finite source 1 degree cells.","Level2 gridded","1 degree Level 2 land-harmonized V2 product","4 degree","area-weighted mean of finite source 1 degree cells"
"MAP_pohl_mm_yr",410,4050,"4 degree lon/lat; lon centers -178..178; lat centers -88..88","C:/Users/Google/Documents/HMSC-HIST/Phanerozoic_Environment_540_0Ma_5Myr_4deg_landharmonized_v2/08_rds_export/Phanerozoic_Environment_540_0Ma_5Myr_Level2_4deg_landharmonized_v2_compact_float32.rds","Annual precipitation","mm yr-1","Pohl et al. 2022, land-harmonized to PALEOMAP PaleoDEM","Pohl monthly-derived climate variables from the original Level 2 workflow, land-harmonized to the PALEOMAP PaleoDEM land mask. Missing Pohl values on PALEOMAP land were filled from the nearest finite PALEOMAP-land Pohl cell using spherical-coordinate nearest-neighbour search; for continuous variables only, the filled cells were then smoothed with a 3 by 3 local mean while original finite cells were left unchanged. Ocean cells were masked to NA for terrestrial ecology use. Fill counts are recorded in land_harmonization_gapfill_audit.csv. Four-degree product: area-weighted mean of finite source 1 degree cells.","Level2 gridded","1 degree Level 2 land-harmonized V2 product","4 degree","area-weighted mean of finite source 1 degree cells"
"MAP_pohl_mm_yr",405,4050,"4 degree lon/lat; lon centers -178..178; lat centers -88..88","C:/Users/Google/Documents/HMSC-HIST/Phanerozoic_Environment_540_0Ma_5Myr_4deg_landharmonized_v2/08_rds_export/Phanerozoic_Environment_540_0Ma_5Myr_Level2_4deg_landharmonized_v2_compact_float32.rds","Annual precipitation","mm yr-1","Pohl et al. 2022, land-harmonized to PALEOMAP PaleoDEM","Pohl monthly-derived climate variables from the original Level 2 workflow, land-harmonized to the PALEOMAP PaleoDEM land mask. Missing Pohl values on PALEOMAP land were filled from the nearest finite PALEOMAP-land Pohl cell using spherical-coordinate nearest-neighbour search; for continuous variables only, the filled cells were then smoothed with a 3 by 3 local mean while original finite cells were left unchanged. Ocean cells were masked to NA for terrestrial ecology use. Fill counts are recorded in land_harmonization_gapfill_audit.csv. Four-degree product: area-weighted mean of finite source 1 degree cells.","Level2 gridded","1 degree Level 2 land-harmonized V2 product","4 degree","area-weighted mean of finite source 1 degree cells"
"MAP_pohl_mm_yr",400,4050,"4 degree lon/lat; lon centers -178..178; lat centers -88..88","C:/Users/Google/Documents/HMSC-HIST/Phanerozoic_Environment_540_0Ma_5Myr_4deg_landharmonized_v2/08_rds_export/Phanerozoic_Environment_540_0Ma_5Myr_Level2_4deg_landharmonized_v2_compact_float32.rds","Annual precipitation","mm yr-1","Pohl et al. 2022, land-harmonized to PALEOMAP PaleoDEM","Pohl monthly-derived climate variables from the original Level 2 workflow, land-harmonized to the PALEOMAP PaleoDEM land mask. Missing Pohl values on PALEOMAP land were filled from the nearest finite PALEOMAP-land Pohl cell using spherical-coordinate nearest-neighbour search; for continuous variables only, the filled cells were then smoothed with a 3 by 3 local mean while original finite cells were left unchanged. Ocean cells were masked to NA for terrestrial ecology use. Fill counts are recorded in land_harmonization_gapfill_audit.csv. Four-degree product: area-weighted mean of finite source 1 degree cells.","Level2 gridded","1 degree Level 2 land-harmonized V2 product","4 degree","area-weighted mean of finite source 1 degree cells"
"MAP_pohl_mm_yr",395,4050,"4 degree lon/lat; lon centers -178..178; lat centers -88..88","C:/Users/Google/Documents/HMSC-HIST/Phanerozoic_Environment_540_0Ma_5Myr_4deg_landharmonized_v2/08_rds_export/Phanerozoic_Environment_540_0Ma_5Myr_Level2_4deg_landharmonized_v2_compact_float32.rds","Annual precipitation","mm yr-1","Pohl et al. 2022, land-harmonized to PALEOMAP PaleoDEM","Pohl monthly-derived climate variables from the original Level 2 workflow, land-harmonized to the PALEOMAP PaleoDEM land mask. Missing Pohl values on PALEOMAP land were filled from the nearest finite PALEOMAP-land Pohl cell using spherical-coordinate nearest-neighbour search; for continuous variables only, the filled cells were then smoothed with a 3 by 3 local mean while original finite cells were left unchanged. Ocean cells were masked to NA for terrestrial ecology use. Fill counts are recorded in land_harmonization_gapfill_audit.csv. Four-degree product: area-weighted mean of finite source 1 degree cells.","Level2 gridded","1 degree Level 2 land-harmonized V2 product","4 degree","area-weighted mean of finite source 1 degree cells"
"MAP_pohl_mm_yr",390,4050,"4 degree lon/lat; lon centers -178..178; lat centers -88..88","C:/Users/Google/Documents/HMSC-HIST/Phanerozoic_Environment_540_0Ma_5Myr_4deg_landharmonized_v2/08_rds_export/Phanerozoic_Environment_540_0Ma_5Myr_Level2_4deg_landharmonized_v2_compact_float32.rds","Annual precipitation","mm yr-1","Pohl et al. 2022, land-harmonized to PALEOMAP PaleoDEM","Pohl monthly-derived climate variables from the original Level 2 workflow, land-harmonized to the PALEOMAP PaleoDEM land mask. Missing Pohl values on PALEOMAP land were filled from the nearest finite PALEOMAP-land Pohl cell using spherical-coordinate nearest-neighbour search; for continuous variables only, the filled cells were then smoothed with a 3 by 3 local mean while original finite cells were left unchanged. Ocean cells were masked to NA for terrestrial ecology use. Fill counts are recorded in land_harmonization_gapfill_audit.csv. Four-degree product: area-weighted mean of finite source 1 degree cells.","Level2 gridded","1 degree Level 2 land-harmonized V2 product","4 degree","area-weighted mean of finite source 1 degree cells"
"MAP_pohl_mm_yr",385,4050,"4 degree lon/lat; lon centers -178..178; lat centers -88..88","C:/Users/Google/Documents/HMSC-HIST/Phanerozoic_Environment_540_0Ma_5Myr_4deg_landharmonized_v2/08_rds_export/Phanerozoic_Environment_540_0Ma_5Myr_Level2_4deg_landharmonized_v2_compact_float32.rds","Annual precipitation","mm yr-1","Pohl et al. 2022, land-harmonized to PALEOMAP PaleoDEM","Pohl monthly-derived climate variables from the original Level 2 workflow, land-harmonized to the PALEOMAP PaleoDEM land mask. Missing Pohl values on PALEOMAP land were filled from the nearest finite PALEOMAP-land Pohl cell using spherical-coordinate nearest-neighbour search; for continuous variables only, the filled cells were then smoothed with a 3 by 3 local mean while original finite cells were left unchanged. Ocean cells were masked to NA for terrestrial ecology use. Fill counts are recorded in land_harmonization_gapfill_audit.csv. Four-degree product: area-weighted mean of finite source 1 degree cells.","Level2 gridded","1 degree Level 2 land-harmonized V2 product","4 degree","area-weighted mean of finite source 1 degree cells"
"MAP_pohl_mm_yr",380,4050,"4 degree lon/lat; lon centers -178..178; lat centers -88..88","C:/Users/Google/Documents/HMSC-HIST/Phanerozoic_Environment_540_0Ma_5Myr_4deg_landharmonized_v2/08_rds_export/Phanerozoic_Environment_540_0Ma_5Myr_Level2_4deg_landharmonized_v2_compact_float32.rds","Annual precipitation","mm yr-1","Pohl et al. 2022, land-harmonized to PALEOMAP PaleoDEM","Pohl monthly-derived climate variables from the original Level 2 workflow, land-harmonized to the PALEOMAP PaleoDEM land mask. Missing Pohl values on PALEOMAP land were filled from the nearest finite PALEOMAP-land Pohl cell using spherical-coordinate nearest-neighbour search; for continuous variables only, the filled cells were then smoothed with a 3 by 3 local mean while original finite cells were left unchanged. Ocean cells were masked to NA for terrestrial ecology use. Fill counts are recorded in land_harmonization_gapfill_audit.csv. Four-degree product: area-weighted mean of finite source 1 degree cells.","Level2 gridded","1 degree Level 2 land-harmonized V2 product","4 degree","area-weighted mean of finite source 1 degree cells"
"MAP_pohl_mm_yr",375,4050,"4 degree lon/lat; lon centers -178..178; lat centers -88..88","C:/Users/Google/Documents/HMSC-HIST/Phanerozoic_Environment_540_0Ma_5Myr_4deg_landharmonized_v2/08_rds_export/Phanerozoic_Environment_540_0Ma_5Myr_Level2_4deg_landharmonized_v2_compact_float32.rds","Annual precipitation","mm yr-1","Pohl et al. 2022, land-harmonized to PALEOMAP PaleoDEM","Pohl monthly-derived climate variables from the original Level 2 workflow, land-harmonized to the PALEOMAP PaleoDEM land mask. Missing Pohl values on PALEOMAP land were filled from the nearest finite PALEOMAP-land Pohl cell using spherical-coordinate nearest-neighbour search; for continuous variables only, the filled cells were then smoothed with a 3 by 3 local mean while original finite cells were left unchanged. Ocean cells were masked to NA for terrestrial ecology use. Fill counts are recorded in land_harmonization_gapfill_audit.csv. Four-degree product: area-weighted mean of finite source 1 degree cells.","Level2 gridded","1 degree Level 2 land-harmonized V2 product","4 degree","area-weighted mean of finite source 1 degree cells"
"MAP_pohl_mm_yr",370,4050,"4 degree lon/lat; lon centers -178..178; lat centers -88..88","C:/Users/Google/Documents/HMSC-HIST/Phanerozoic_Environment_540_0Ma_5Myr_4deg_landharmonized_v2/08_rds_export/Phanerozoic_Environment_540_0Ma_5Myr_Level2_4deg_landharmonized_v2_compact_float32.rds","Annual precipitation","mm yr-1","Pohl et al. 2022, land-harmonized to PALEOMAP PaleoDEM","Pohl monthly-derived climate variables from the original Level 2 workflow, land-harmonized to the PALEOMAP PaleoDEM land mask. Missing Pohl values on PALEOMAP land were filled from the nearest finite PALEOMAP-land Pohl cell using spherical-coordinate nearest-neighbour search; for continuous variables only, the filled cells were then smoothed with a 3 by 3 local mean while original finite cells were left unchanged. Ocean cells were masked to NA for terrestrial ecology use. Fill counts are recorded in land_harmonization_gapfill_audit.csv. Four-degree product: area-weighted mean of finite source 1 degree cells.","Level2 gridded","1 degree Level 2 land-harmonized V2 product","4 degree","area-weighted mean of finite source 1 degree cells"
"MAP_pohl_mm_yr",365,4050,"4 degree lon/lat; lon centers -178..178; lat centers -88..88","C:/Users/Google/Documents/HMSC-HIST/Phanerozoic_Environment_540_0Ma_5Myr_4deg_landharmonized_v2/08_rds_export/Phanerozoic_Environment_540_0Ma_5Myr_Level2_4deg_landharmonized_v2_compact_float32.rds","Annual precipitation","mm yr-1","Pohl et al. 2022, land-harmonized to PALEOMAP PaleoDEM","Pohl monthly-derived climate variables from the original Level 2 workflow, land-harmonized to the PALEOMAP PaleoDEM land mask. Missing Pohl values on PALEOMAP land were filled from the nearest finite PALEOMAP-land Pohl cell using spherical-coordinate nearest-neighbour search; for continuous variables only, the filled cells were then smoothed with a 3 by 3 local mean while original finite cells were left unchanged. Ocean cells were masked to NA for terrestrial ecology use. Fill counts are recorded in land_harmonization_gapfill_audit.csv. Four-degree product: area-weighted mean of finite source 1 degree cells.","Level2 gridded","1 degree Level 2 land-harmonized V2 product","4 degree","area-weighted mean of finite source 1 degree cells"
"MAP_pohl_mm_yr",360,4050,"4 degree lon/lat; lon centers -178..178; lat centers -88..88","C:/Users/Google/Documents/HMSC-HIST/Phanerozoic_Environment_540_0Ma_5Myr_4deg_landharmonized_v2/08_rds_export/Phanerozoic_Environment_540_0Ma_5Myr_Level2_4deg_landharmonized_v2_compact_float32.rds","Annual precipitation","mm yr-1","Pohl et al. 2022, land-harmonized to PALEOMAP PaleoDEM","Pohl monthly-derived climate variables from the original Level 2 workflow, land-harmonized to the PALEOMAP PaleoDEM land mask. Missing Pohl values on PALEOMAP land were filled from the nearest finite PALEOMAP-land Pohl cell using spherical-coordinate nearest-neighbour search; for continuous variables only, the filled cells were then smoothed with a 3 by 3 local mean while original finite cells were left unchanged. Ocean cells were masked to NA for terrestrial ecology use. Fill counts are recorded in land_harmonization_gapfill_audit.csv. Four-degree product: area-weighted mean of finite source 1 degree cells.","Level2 gridded","1 degree Level 2 land-harmonized V2 product","4 degree","area-weighted mean of finite source 1 degree cells"
"MAP_pohl_mm_yr",355,4050,"4 degree lon/lat; lon centers -178..178; lat centers -88..88","C:/Users/Google/Documents/HMSC-HIST/Phanerozoic_Environment_540_0Ma_5Myr_4deg_landharmonized_v2/08_rds_export/Phanerozoic_Environment_540_0Ma_5Myr_Level2_4deg_landharmonized_v2_compact_float32.rds","Annual precipitation","mm yr-1","Pohl et al. 2022, land-harmonized to PALEOMAP PaleoDEM","Pohl monthly-derived climate variables from the original Level 2 workflow, land-harmonized to the PALEOMAP PaleoDEM land mask. Missing Pohl values on PALEOMAP land were filled from the nearest finite PALEOMAP-land Pohl cell using spherical-coordinate nearest-neighbour search; for continuous variables only, the filled cells were then smoothed with a 3 by 3 local mean while original finite cells were left unchanged. Ocean cells were masked to NA for terrestrial ecology use. Fill counts are recorded in land_harmonization_gapfill_audit.csv. Four-degree product: area-weighted mean of finite source 1 degree cells.","Level2 gridded","1 degree Level 2 land-harmonized V2 product","4 degree","area-weighted mean of finite source 1 degree cells"
"MAP_pohl_mm_yr",350,4050,"4 degree lon/lat; lon centers -178..178; lat centers -88..88","C:/Users/Google/Documents/HMSC-HIST/Phanerozoic_Environment_540_0Ma_5Myr_4deg_landharmonized_v2/08_rds_export/Phanerozoic_Environment_540_0Ma_5Myr_Level2_4deg_landharmonized_v2_compact_float32.rds","Annual precipitation","mm yr-1","Pohl et al. 2022, land-harmonized to PALEOMAP PaleoDEM","Pohl monthly-derived climate variables from the original Level 2 workflow, land-harmonized to the PALEOMAP PaleoDEM land mask. Missing Pohl values on PALEOMAP land were filled from the nearest finite PALEOMAP-land Pohl cell using spherical-coordinate nearest-neighbour search; for continuous variables only, the filled cells were then smoothed with a 3 by 3 local mean while original finite cells were left unchanged. Ocean cells were masked to NA for terrestrial ecology use. Fill counts are recorded in land_harmonization_gapfill_audit.csv. Four-degree product: area-weighted mean of finite source 1 degree cells.","Level2 gridded","1 degree Level 2 land-harmonized V2 product","4 degree","area-weighted mean of finite source 1 degree cells"
"MAP_pohl_mm_yr",345,4050,"4 degree lon/lat; lon centers -178..178; lat centers -88..88","C:/Users/Google/Documents/HMSC-HIST/Phanerozoic_Environment_540_0Ma_5Myr_4deg_landharmonized_v2/08_rds_export/Phanerozoic_Environment_540_0Ma_5Myr_Level2_4deg_landharmonized_v2_compact_float32.rds","Annual precipitation","mm yr-1","Pohl et al. 2022, land-harmonized to PALEOMAP PaleoDEM","Pohl monthly-derived climate variables from the original Level 2 workflow, land-harmonized to the PALEOMAP PaleoDEM land mask. Missing Pohl values on PALEOMAP land were filled from the nearest finite PALEOMAP-land Pohl cell using spherical-coordinate nearest-neighbour search; for continuous variables only, the filled cells were then smoothed with a 3 by 3 local mean while original finite cells were left unchanged. Ocean cells were masked to NA for terrestrial ecology use. Fill counts are recorded in land_harmonization_gapfill_audit.csv. Four-degree product: area-weighted mean of finite source 1 degree cells.","Level2 gridded","1 degree Level 2 land-harmonized V2 product","4 degree","area-weighted mean of finite source 1 degree cells"
"MAP_pohl_mm_yr",340,4050,"4 degree lon/lat; lon centers -178..178; lat centers -88..88","C:/Users/Google/Documents/HMSC-HIST/Phanerozoic_Environment_540_0Ma_5Myr_4deg_landharmonized_v2/08_rds_export/Phanerozoic_Environment_540_0Ma_5Myr_Level2_4deg_landharmonized_v2_compact_float32.rds","Annual precipitation","mm yr-1","Pohl et al. 2022, land-harmonized to PALEOMAP PaleoDEM","Pohl monthly-derived climate variables from the original Level 2 workflow, land-harmonized to the PALEOMAP PaleoDEM land mask. Missing Pohl values on PALEOMAP land were filled from the nearest finite PALEOMAP-land Pohl cell using spherical-coordinate nearest-neighbour search; for continuous variables only, the filled cells were then smoothed with a 3 by 3 local mean while original finite cells were left unchanged. Ocean cells were masked to NA for terrestrial ecology use. Fill counts are recorded in land_harmonization_gapfill_audit.csv. Four-degree product: area-weighted mean of finite source 1 degree cells.","Level2 gridded","1 degree Level 2 land-harmonized V2 product","4 degree","area-weighted mean of finite source 1 degree cells"
"MAP_pohl_mm_yr",335,4050,"4 degree lon/lat; lon centers -178..178; lat centers -88..88","C:/Users/Google/Documents/HMSC-HIST/Phanerozoic_Environment_540_0Ma_5Myr_4deg_landharmonized_v2/08_rds_export/Phanerozoic_Environment_540_0Ma_5Myr_Level2_4deg_landharmonized_v2_compact_float32.rds","Annual precipitation","mm yr-1","Pohl et al. 2022, land-harmonized to PALEOMAP PaleoDEM","Pohl monthly-derived climate variables from the original Level 2 workflow, land-harmonized to the PALEOMAP PaleoDEM land mask. Missing Pohl values on PALEOMAP land were filled from the nearest finite PALEOMAP-land Pohl cell using spherical-coordinate nearest-neighbour search; for continuous variables only, the filled cells were then smoothed with a 3 by 3 local mean while original finite cells were left unchanged. Ocean cells were masked to NA for terrestrial ecology use. Fill counts are recorded in land_harmonization_gapfill_audit.csv. Four-degree product: area-weighted mean of finite source 1 degree cells.","Level2 gridded","1 degree Level 2 land-harmonized V2 product","4 degree","area-weighted mean of finite source 1 degree cells"
"MAP_pohl_mm_yr",330,4050,"4 degree lon/lat; lon centers -178..178; lat centers -88..88","C:/Users/Google/Documents/HMSC-HIST/Phanerozoic_Environment_540_0Ma_5Myr_4deg_landharmonized_v2/08_rds_export/Phanerozoic_Environment_540_0Ma_5Myr_Level2_4deg_landharmonized_v2_compact_float32.rds","Annual precipitation","mm yr-1","Pohl et al. 2022, land-harmonized to PALEOMAP PaleoDEM","Pohl monthly-derived climate variables from the original Level 2 workflow, land-harmonized to the PALEOMAP PaleoDEM land mask. Missing Pohl values on PALEOMAP land were filled from the nearest finite PALEOMAP-land Pohl cell using spherical-coordinate nearest-neighbour search; for continuous variables only, the filled cells were then smoothed with a 3 by 3 local mean while original finite cells were left unchanged. Ocean cells were masked to NA for terrestrial ecology use. Fill counts are recorded in land_harmonization_gapfill_audit.csv. Four-degree product: area-weighted mean of finite source 1 degree cells.","Level2 gridded","1 degree Level 2 land-harmonized V2 product","4 degree","area-weighted mean of finite source 1 degree cells"
"MAP_pohl_mm_yr",325,4050,"4 degree lon/lat; lon centers -178..178; lat centers -88..88","C:/Users/Google/Documents/HMSC-HIST/Phanerozoic_Environment_540_0Ma_5Myr_4deg_landharmonized_v2/08_rds_export/Phanerozoic_Environment_540_0Ma_5Myr_Level2_4deg_landharmonized_v2_compact_float32.rds","Annual precipitation","mm yr-1","Pohl et al. 2022, land-harmonized to PALEOMAP PaleoDEM","Pohl monthly-derived climate variables from the original Level 2 workflow, land-harmonized to the PALEOMAP PaleoDEM land mask. Missing Pohl values on PALEOMAP land were filled from the nearest finite PALEOMAP-land Pohl cell using spherical-coordinate nearest-neighbour search; for continuous variables only, the filled cells were then smoothed with a 3 by 3 local mean while original finite cells were left unchanged. Ocean cells were masked to NA for terrestrial ecology use. Fill counts are recorded in land_harmonization_gapfill_audit.csv. Four-degree product: area-weighted mean of finite source 1 degree cells.","Level2 gridded","1 degree Level 2 land-harmonized V2 product","4 degree","area-weighted mean of finite source 1 degree cells"
"MAP_pohl_mm_yr",320,4050,"4 degree lon/lat; lon centers -178..178; lat centers -88..88","C:/Users/Google/Documents/HMSC-HIST/Phanerozoic_Environment_540_0Ma_5Myr_4deg_landharmonized_v2/08_rds_export/Phanerozoic_Environment_540_0Ma_5Myr_Level2_4deg_landharmonized_v2_compact_float32.rds","Annual precipitation","mm yr-1","Pohl et al. 2022, land-harmonized to PALEOMAP PaleoDEM","Pohl monthly-derived climate variables from the original Level 2 workflow, land-harmonized to the PALEOMAP PaleoDEM land mask. Missing Pohl values on PALEOMAP land were filled from the nearest finite PALEOMAP-land Pohl cell using spherical-coordinate nearest-neighbour search; for continuous variables only, the filled cells were then smoothed with a 3 by 3 local mean while original finite cells were left unchanged. Ocean cells were masked to NA for terrestrial ecology use. Fill counts are recorded in land_harmonization_gapfill_audit.csv. Four-degree product: area-weighted mean of finite source 1 degree cells.","Level2 gridded","1 degree Level 2 land-harmonized V2 product","4 degree","area-weighted mean of finite source 1 degree cells"
"MAP_pohl_mm_yr",315,4050,"4 degree lon/lat; lon centers -178..178; lat centers -88..88","C:/Users/Google/Documents/HMSC-HIST/Phanerozoic_Environment_540_0Ma_5Myr_4deg_landharmonized_v2/08_rds_export/Phanerozoic_Environment_540_0Ma_5Myr_Level2_4deg_landharmonized_v2_compact_float32.rds","Annual precipitation","mm yr-1","Pohl et al. 2022, land-harmonized to PALEOMAP PaleoDEM","Pohl monthly-derived climate variables from the original Level 2 workflow, land-harmonized to the PALEOMAP PaleoDEM land mask. Missing Pohl values on PALEOMAP land were filled from the nearest finite PALEOMAP-land Pohl cell using spherical-coordinate nearest-neighbour search; for continuous variables only, the filled cells were then smoothed with a 3 by 3 local mean while original finite cells were left unchanged. Ocean cells were masked to NA for terrestrial ecology use. Fill counts are recorded in land_harmonization_gapfill_audit.csv. Four-degree product: area-weighted mean of finite source 1 degree cells.","Level2 gridded","1 degree Level 2 land-harmonized V2 product","4 degree","area-weighted mean of finite source 1 degree cells"
"MAP_pohl_mm_yr",310,4050,"4 degree lon/lat; lon centers -178..178; lat centers -88..88","C:/Users/Google/Documents/HMSC-HIST/Phanerozoic_Environment_540_0Ma_5Myr_4deg_landharmonized_v2/08_rds_export/Phanerozoic_Environment_540_0Ma_5Myr_Level2_4deg_landharmonized_v2_compact_float32.rds","Annual precipitation","mm yr-1","Pohl et al. 2022, land-harmonized to PALEOMAP PaleoDEM","Pohl monthly-derived climate variables from the original Level 2 workflow, land-harmonized to the PALEOMAP PaleoDEM land mask. Missing Pohl values on PALEOMAP land were filled from the nearest finite PALEOMAP-land Pohl cell using spherical-coordinate nearest-neighbour search; for continuous variables only, the filled cells were then smoothed with a 3 by 3 local mean while original finite cells were left unchanged. Ocean cells were masked to NA for terrestrial ecology use. Fill counts are recorded in land_harmonization_gapfill_audit.csv. Four-degree product: area-weighted mean of finite source 1 degree cells.","Level2 gridded","1 degree Level 2 land-harmonized V2 product","4 degree","area-weighted mean of finite source 1 degree cells"
"MAP_pohl_mm_yr",305,4050,"4 degree lon/lat; lon centers -178..178; lat centers -88..88","C:/Users/Google/Documents/HMSC-HIST/Phanerozoic_Environment_540_0Ma_5Myr_4deg_landharmonized_v2/08_rds_export/Phanerozoic_Environment_540_0Ma_5Myr_Level2_4deg_landharmonized_v2_compact_float32.rds","Annual precipitation","mm yr-1","Pohl et al. 2022, land-harmonized to PALEOMAP PaleoDEM","Pohl monthly-derived climate variables from the original Level 2 workflow, land-harmonized to the PALEOMAP PaleoDEM land mask. Missing Pohl values on PALEOMAP land were filled from the nearest finite PALEOMAP-land Pohl cell using spherical-coordinate nearest-neighbour search; for continuous variables only, the filled cells were then smoothed with a 3 by 3 local mean while original finite cells were left unchanged. Ocean cells were masked to NA for terrestrial ecology use. Fill counts are recorded in land_harmonization_gapfill_audit.csv. Four-degree product: area-weighted mean of finite source 1 degree cells.","Level2 gridded","1 degree Level 2 land-harmonized V2 product","4 degree","area-weighted mean of finite source 1 degree cells"
"MAP_pohl_mm_yr",300,4050,"4 degree lon/lat; lon centers -178..178; lat centers -88..88","C:/Users/Google/Documents/HMSC-HIST/Phanerozoic_Environment_540_0Ma_5Myr_4deg_landharmonized_v2/08_rds_export/Phanerozoic_Environment_540_0Ma_5Myr_Level2_4deg_landharmonized_v2_compact_float32.rds","Annual precipitation","mm yr-1","Pohl et al. 2022, land-harmonized to PALEOMAP PaleoDEM","Pohl monthly-derived climate variables from the original Level 2 workflow, land-harmonized to the PALEOMAP PaleoDEM land mask. Missing Pohl values on PALEOMAP land were filled from the nearest finite PALEOMAP-land Pohl cell using spherical-coordinate nearest-neighbour search; for continuous variables only, the filled cells were then smoothed with a 3 by 3 local mean while original finite cells were left unchanged. Ocean cells were masked to NA for terrestrial ecology use. Fill counts are recorded in land_harmonization_gapfill_audit.csv. Four-degree product: area-weighted mean of finite source 1 degree cells.","Level2 gridded","1 degree Level 2 land-harmonized V2 product","4 degree","area-weighted mean of finite source 1 degree cells"
"MAP_pohl_mm_yr",295,4050,"4 degree lon/lat; lon centers -178..178; lat centers -88..88","C:/Users/Google/Documents/HMSC-HIST/Phanerozoic_Environment_540_0Ma_5Myr_4deg_landharmonized_v2/08_rds_export/Phanerozoic_Environment_540_0Ma_5Myr_Level2_4deg_landharmonized_v2_compact_float32.rds","Annual precipitation","mm yr-1","Pohl et al. 2022, land-harmonized to PALEOMAP PaleoDEM","Pohl monthly-derived climate variables from the original Level 2 workflow, land-harmonized to the PALEOMAP PaleoDEM land mask. Missing Pohl values on PALEOMAP land were filled from the nearest finite PALEOMAP-land Pohl cell using spherical-coordinate nearest-neighbour search; for continuous variables only, the filled cells were then smoothed with a 3 by 3 local mean while original finite cells were left unchanged. Ocean cells were masked to NA for terrestrial ecology use. Fill counts are recorded in land_harmonization_gapfill_audit.csv. Four-degree product: area-weighted mean of finite source 1 degree cells.","Level2 gridded","1 degree Level 2 land-harmonized V2 product","4 degree","area-weighted mean of finite source 1 degree cells"
"MAP_pohl_mm_yr",290,4050,"4 degree lon/lat; lon centers -178..178; lat centers -88..88","C:/Users/Google/Documents/HMSC-HIST/Phanerozoic_Environment_540_0Ma_5Myr_4deg_landharmonized_v2/08_rds_export/Phanerozoic_Environment_540_0Ma_5Myr_Level2_4deg_landharmonized_v2_compact_float32.rds","Annual precipitation","mm yr-1","Pohl et al. 2022, land-harmonized to PALEOMAP PaleoDEM","Pohl monthly-derived climate variables from the original Level 2 workflow, land-harmonized to the PALEOMAP PaleoDEM land mask. Missing Pohl values on PALEOMAP land were filled from the nearest finite PALEOMAP-land Pohl cell using spherical-coordinate nearest-neighbour search; for continuous variables only, the filled cells were then smoothed with a 3 by 3 local mean while original finite cells were left unchanged. Ocean cells were masked to NA for terrestrial ecology use. Fill counts are recorded in land_harmonization_gapfill_audit.csv. Four-degree product: area-weighted mean of finite source 1 degree cells.","Level2 gridded","1 degree Level 2 land-harmonized V2 product","4 degree","area-weighted mean of finite source 1 degree cells"
"MAP_pohl_mm_yr",285,4050,"4 degree lon/lat; lon centers -178..178; lat centers -88..88","C:/Users/Google/Documents/HMSC-HIST/Phanerozoic_Environment_540_0Ma_5Myr_4deg_landharmonized_v2/08_rds_export/Phanerozoic_Environment_540_0Ma_5Myr_Level2_4deg_landharmonized_v2_compact_float32.rds","Annual precipitation","mm yr-1","Pohl et al. 2022, land-harmonized to PALEOMAP PaleoDEM","Pohl monthly-derived climate variables from the original Level 2 workflow, land-harmonized to the PALEOMAP PaleoDEM land mask. Missing Pohl values on PALEOMAP land were filled from the nearest finite PALEOMAP-land Pohl cell using spherical-coordinate nearest-neighbour search; for continuous variables only, the filled cells were then smoothed with a 3 by 3 local mean while original finite cells were left unchanged. Ocean cells were masked to NA for terrestrial ecology use. Fill counts are recorded in land_harmonization_gapfill_audit.csv. Four-degree product: area-weighted mean of finite source 1 degree cells.","Level2 gridded","1 degree Level 2 land-harmonized V2 product","4 degree","area-weighted mean of finite source 1 degree cells"
"MAP_pohl_mm_yr",280,4050,"4 degree lon/lat; lon centers -178..178; lat centers -88..88","C:/Users/Google/Documents/HMSC-HIST/Phanerozoic_Environment_540_0Ma_5Myr_4deg_landharmonized_v2/08_rds_export/Phanerozoic_Environment_540_0Ma_5Myr_Level2_4deg_landharmonized_v2_compact_float32.rds","Annual precipitation","mm yr-1","Pohl et al. 2022, land-harmonized to PALEOMAP PaleoDEM","Pohl monthly-derived climate variables from the original Level 2 workflow, land-harmonized to the PALEOMAP PaleoDEM land mask. Missing Pohl values on PALEOMAP land were filled from the nearest finite PALEOMAP-land Pohl cell using spherical-coordinate nearest-neighbour search; for continuous variables only, the filled cells were then smoothed with a 3 by 3 local mean while original finite cells were left unchanged. Ocean cells were masked to NA for terrestrial ecology use. Fill counts are recorded in land_harmonization_gapfill_audit.csv. Four-degree product: area-weighted mean of finite source 1 degree cells.","Level2 gridded","1 degree Level 2 land-harmonized V2 product","4 degree","area-weighted mean of finite source 1 degree cells"
"MAP_pohl_mm_yr",275,4050,"4 degree lon/lat; lon centers -178..178; lat centers -88..88","C:/Users/Google/Documents/HMSC-HIST/Phanerozoic_Environment_540_0Ma_5Myr_4deg_landharmonized_v2/08_rds_export/Phanerozoic_Environment_540_0Ma_5Myr_Level2_4deg_landharmonized_v2_compact_float32.rds","Annual precipitation","mm yr-1","Pohl et al. 2022, land-harmonized to PALEOMAP PaleoDEM","Pohl monthly-derived climate variables from the original Level 2 workflow, land-harmonized to the PALEOMAP PaleoDEM land mask. Missing Pohl values on PALEOMAP land were filled from the nearest finite PALEOMAP-land Pohl cell using spherical-coordinate nearest-neighbour search; for continuous variables only, the filled cells were then smoothed with a 3 by 3 local mean while original finite cells were left unchanged. Ocean cells were masked to NA for terrestrial ecology use. Fill counts are recorded in land_harmonization_gapfill_audit.csv. Four-degree product: area-weighted mean of finite source 1 degree cells.","Level2 gridded","1 degree Level 2 land-harmonized V2 product","4 degree","area-weighted mean of finite source 1 degree cells"
"MAP_pohl_mm_yr",270,4050,"4 degree lon/lat; lon centers -178..178; lat centers -88..88","C:/Users/Google/Documents/HMSC-HIST/Phanerozoic_Environment_540_0Ma_5Myr_4deg_landharmonized_v2/08_rds_export/Phanerozoic_Environment_540_0Ma_5Myr_Level2_4deg_landharmonized_v2_compact_float32.rds","Annual precipitation","mm yr-1","Pohl et al. 2022, land-harmonized to PALEOMAP PaleoDEM","Pohl monthly-derived climate variables from the original Level 2 workflow, land-harmonized to the PALEOMAP PaleoDEM land mask. Missing Pohl values on PALEOMAP land were filled from the nearest finite PALEOMAP-land Pohl cell using spherical-coordinate nearest-neighbour search; for continuous variables only, the filled cells were then smoothed with a 3 by 3 local mean while original finite cells were left unchanged. Ocean cells were masked to NA for terrestrial ecology use. Fill counts are recorded in land_harmonization_gapfill_audit.csv. Four-degree product: area-weighted mean of finite source 1 degree cells.","Level2 gridded","1 degree Level 2 land-harmonized V2 product","4 degree","area-weighted mean of finite source 1 degree cells"
"MAP_pohl_mm_yr",265,4050,"4 degree lon/lat; lon centers -178..178; lat centers -88..88","C:/Users/Google/Documents/HMSC-HIST/Phanerozoic_Environment_540_0Ma_5Myr_4deg_landharmonized_v2/08_rds_export/Phanerozoic_Environment_540_0Ma_5Myr_Level2_4deg_landharmonized_v2_compact_float32.rds","Annual precipitation","mm yr-1","Pohl et al. 2022, land-harmonized to PALEOMAP PaleoDEM","Pohl monthly-derived climate variables from the original Level 2 workflow, land-harmonized to the PALEOMAP PaleoDEM land mask. Missing Pohl values on PALEOMAP land were filled from the nearest finite PALEOMAP-land Pohl cell using spherical-coordinate nearest-neighbour search; for continuous variables only, the filled cells were then smoothed with a 3 by 3 local mean while original finite cells were left unchanged. Ocean cells were masked to NA for terrestrial ecology use. Fill counts are recorded in land_harmonization_gapfill_audit.csv. Four-degree product: area-weighted mean of finite source 1 degree cells.","Level2 gridded","1 degree Level 2 land-harmonized V2 product","4 degree","area-weighted mean of finite source 1 degree cells"
"MAP_pohl_mm_yr",260,4050,"4 degree lon/lat; lon centers -178..178; lat centers -88..88","C:/Users/Google/Documents/HMSC-HIST/Phanerozoic_Environment_540_0Ma_5Myr_4deg_landharmonized_v2/08_rds_export/Phanerozoic_Environment_540_0Ma_5Myr_Level2_4deg_landharmonized_v2_compact_float32.rds","Annual precipitation","mm yr-1","Pohl et al. 2022, land-harmonized to PALEOMAP PaleoDEM","Pohl monthly-derived climate variables from the original Level 2 workflow, land-harmonized to the PALEOMAP PaleoDEM land mask. Missing Pohl values on PALEOMAP land were filled from the nearest finite PALEOMAP-land Pohl cell using spherical-coordinate nearest-neighbour search; for continuous variables only, the filled cells were then smoothed with a 3 by 3 local mean while original finite cells were left unchanged. Ocean cells were masked to NA for terrestrial ecology use. Fill counts are recorded in land_harmonization_gapfill_audit.csv. Four-degree product: area-weighted mean of finite source 1 degree cells.","Level2 gridded","1 degree Level 2 land-harmonized V2 product","4 degree","area-weighted mean of finite source 1 degree cells"
"MAP_pohl_mm_yr",255,4050,"4 degree lon/lat; lon centers -178..178; lat centers -88..88","C:/Users/Google/Documents/HMSC-HIST/Phanerozoic_Environment_540_0Ma_5Myr_4deg_landharmonized_v2/08_rds_export/Phanerozoic_Environment_540_0Ma_5Myr_Level2_4deg_landharmonized_v2_compact_float32.rds","Annual precipitation","mm yr-1","Pohl et al. 2022, land-harmonized to PALEOMAP PaleoDEM","Pohl monthly-derived climate variables from the original Level 2 workflow, land-harmonized to the PALEOMAP PaleoDEM land mask. Missing Pohl values on PALEOMAP land were filled from the nearest finite PALEOMAP-land Pohl cell using spherical-coordinate nearest-neighbour search; for continuous variables only, the filled cells were then smoothed with a 3 by 3 local mean while original finite cells were left unchanged. Ocean cells were masked to NA for terrestrial ecology use. Fill counts are recorded in land_harmonization_gapfill_audit.csv. Four-degree product: area-weighted mean of finite source 1 degree cells.","Level2 gridded","1 degree Level 2 land-harmonized V2 product","4 degree","area-weighted mean of finite source 1 degree cells"
"MAP_pohl_mm_yr",250,4050,"4 degree lon/lat; lon centers -178..178; lat centers -88..88","C:/Users/Google/Documents/HMSC-HIST/Phanerozoic_Environment_540_0Ma_5Myr_4deg_landharmonized_v2/08_rds_export/Phanerozoic_Environment_540_0Ma_5Myr_Level2_4deg_landharmonized_v2_compact_float32.rds","Annual precipitation","mm yr-1","Pohl et al. 2022, land-harmonized to PALEOMAP PaleoDEM","Pohl monthly-derived climate variables from the original Level 2 workflow, land-harmonized to the PALEOMAP PaleoDEM land mask. Missing Pohl values on PALEOMAP land were filled from the nearest finite PALEOMAP-land Pohl cell using spherical-coordinate nearest-neighbour search; for continuous variables only, the filled cells were then smoothed with a 3 by 3 local mean while original finite cells were left unchanged. Ocean cells were masked to NA for terrestrial ecology use. Fill counts are recorded in land_harmonization_gapfill_audit.csv. Four-degree product: area-weighted mean of finite source 1 degree cells.","Level2 gridded","1 degree Level 2 land-harmonized V2 product","4 degree","area-weighted mean of finite source 1 degree cells"
"MAP_pohl_mm_yr",245,4050,"4 degree lon/lat; lon centers -178..178; lat centers -88..88","C:/Users/Google/Documents/HMSC-HIST/Phanerozoic_Environment_540_0Ma_5Myr_4deg_landharmonized_v2/08_rds_export/Phanerozoic_Environment_540_0Ma_5Myr_Level2_4deg_landharmonized_v2_compact_float32.rds","Annual precipitation","mm yr-1","Pohl et al. 2022, land-harmonized to PALEOMAP PaleoDEM","Pohl monthly-derived climate variables from the original Level 2 workflow, land-harmonized to the PALEOMAP PaleoDEM land mask. Missing Pohl values on PALEOMAP land were filled from the nearest finite PALEOMAP-land Pohl cell using spherical-coordinate nearest-neighbour search; for continuous variables only, the filled cells were then smoothed with a 3 by 3 local mean while original finite cells were left unchanged. Ocean cells were masked to NA for terrestrial ecology use. Fill counts are recorded in land_harmonization_gapfill_audit.csv. Four-degree product: area-weighted mean of finite source 1 degree cells.","Level2 gridded","1 degree Level 2 land-harmonized V2 product","4 degree","area-weighted mean of finite source 1 degree cells"
"MAP_pohl_mm_yr",240,4050,"4 degree lon/lat; lon centers -178..178; lat centers -88..88","C:/Users/Google/Documents/HMSC-HIST/Phanerozoic_Environment_540_0Ma_5Myr_4deg_landharmonized_v2/08_rds_export/Phanerozoic_Environment_540_0Ma_5Myr_Level2_4deg_landharmonized_v2_compact_float32.rds","Annual precipitation","mm yr-1","Pohl et al. 2022, land-harmonized to PALEOMAP PaleoDEM","Pohl monthly-derived climate variables from the original Level 2 workflow, land-harmonized to the PALEOMAP PaleoDEM land mask. Missing Pohl values on PALEOMAP land were filled from the nearest finite PALEOMAP-land Pohl cell using spherical-coordinate nearest-neighbour search; for continuous variables only, the filled cells were then smoothed with a 3 by 3 local mean while original finite cells were left unchanged. Ocean cells were masked to NA for terrestrial ecology use. Fill counts are recorded in land_harmonization_gapfill_audit.csv. Four-degree product: area-weighted mean of finite source 1 degree cells.","Level2 gridded","1 degree Level 2 land-harmonized V2 product","4 degree","area-weighted mean of finite source 1 degree cells"
"MAP_pohl_mm_yr",235,4050,"4 degree lon/lat; lon centers -178..178; lat centers -88..88","C:/Users/Google/Documents/HMSC-HIST/Phanerozoic_Environment_540_0Ma_5Myr_4deg_landharmonized_v2/08_rds_export/Phanerozoic_Environment_540_0Ma_5Myr_Level2_4deg_landharmonized_v2_compact_float32.rds","Annual precipitation","mm yr-1","Pohl et al. 2022, land-harmonized to PALEOMAP PaleoDEM","Pohl monthly-derived climate variables from the original Level 2 workflow, land-harmonized to the PALEOMAP PaleoDEM land mask. Missing Pohl values on PALEOMAP land were filled from the nearest finite PALEOMAP-land Pohl cell using spherical-coordinate nearest-neighbour search; for continuous variables only, the filled cells were then smoothed with a 3 by 3 local mean while original finite cells were left unchanged. Ocean cells were masked to NA for terrestrial ecology use. Fill counts are recorded in land_harmonization_gapfill_audit.csv. Four-degree product: area-weighted mean of finite source 1 degree cells.","Level2 gridded","1 degree Level 2 land-harmonized V2 product","4 degree","area-weighted mean of finite source 1 degree cells"
"MAP_pohl_mm_yr",230,4050,"4 degree lon/lat; lon centers -178..178; lat centers -88..88","C:/Users/Google/Documents/HMSC-HIST/Phanerozoic_Environment_540_0Ma_5Myr_4deg_landharmonized_v2/08_rds_export/Phanerozoic_Environment_540_0Ma_5Myr_Level2_4deg_landharmonized_v2_compact_float32.rds","Annual precipitation","mm yr-1","Pohl et al. 2022, land-harmonized to PALEOMAP PaleoDEM","Pohl monthly-derived climate variables from the original Level 2 workflow, land-harmonized to the PALEOMAP PaleoDEM land mask. Missing Pohl values on PALEOMAP land were filled from the nearest finite PALEOMAP-land Pohl cell using spherical-coordinate nearest-neighbour search; for continuous variables only, the filled cells were then smoothed with a 3 by 3 local mean while original finite cells were left unchanged. Ocean cells were masked to NA for terrestrial ecology use. Fill counts are recorded in land_harmonization_gapfill_audit.csv. Four-degree product: area-weighted mean of finite source 1 degree cells.","Level2 gridded","1 degree Level 2 land-harmonized V2 product","4 degree","area-weighted mean of finite source 1 degree cells"
"MAP_pohl_mm_yr",225,4050,"4 degree lon/lat; lon centers -178..178; lat centers -88..88","C:/Users/Google/Documents/HMSC-HIST/Phanerozoic_Environment_540_0Ma_5Myr_4deg_landharmonized_v2/08_rds_export/Phanerozoic_Environment_540_0Ma_5Myr_Level2_4deg_landharmonized_v2_compact_float32.rds","Annual precipitation","mm yr-1","Pohl et al. 2022, land-harmonized to PALEOMAP PaleoDEM","Pohl monthly-derived climate variables from the original Level 2 workflow, land-harmonized to the PALEOMAP PaleoDEM land mask. Missing Pohl values on PALEOMAP land were filled from the nearest finite PALEOMAP-land Pohl cell using spherical-coordinate nearest-neighbour search; for continuous variables only, the filled cells were then smoothed with a 3 by 3 local mean while original finite cells were left unchanged. Ocean cells were masked to NA for terrestrial ecology use. Fill counts are recorded in land_harmonization_gapfill_audit.csv. Four-degree product: area-weighted mean of finite source 1 degree cells.","Level2 gridded","1 degree Level 2 land-harmonized V2 product","4 degree","area-weighted mean of finite source 1 degree cells"
"MAP_pohl_mm_yr",220,4050,"4 degree lon/lat; lon centers -178..178; lat centers -88..88","C:/Users/Google/Documents/HMSC-HIST/Phanerozoic_Environment_540_0Ma_5Myr_4deg_landharmonized_v2/08_rds_export/Phanerozoic_Environment_540_0Ma_5Myr_Level2_4deg_landharmonized_v2_compact_float32.rds","Annual precipitation","mm yr-1","Pohl et al. 2022, land-harmonized to PALEOMAP PaleoDEM","Pohl monthly-derived climate variables from the original Level 2 workflow, land-harmonized to the PALEOMAP PaleoDEM land mask. Missing Pohl values on PALEOMAP land were filled from the nearest finite PALEOMAP-land Pohl cell using spherical-coordinate nearest-neighbour search; for continuous variables only, the filled cells were then smoothed with a 3 by 3 local mean while original finite cells were left unchanged. Ocean cells were masked to NA for terrestrial ecology use. Fill counts are recorded in land_harmonization_gapfill_audit.csv. Four-degree product: area-weighted mean of finite source 1 degree cells.","Level2 gridded","1 degree Level 2 land-harmonized V2 product","4 degree","area-weighted mean of finite source 1 degree cells"
"MAP_pohl_mm_yr",215,4050,"4 degree lon/lat; lon centers -178..178; lat centers -88..88","C:/Users/Google/Documents/HMSC-HIST/Phanerozoic_Environment_540_0Ma_5Myr_4deg_landharmonized_v2/08_rds_export/Phanerozoic_Environment_540_0Ma_5Myr_Level2_4deg_landharmonized_v2_compact_float32.rds","Annual precipitation","mm yr-1","Pohl et al. 2022, land-harmonized to PALEOMAP PaleoDEM","Pohl monthly-derived climate variables from the original Level 2 workflow, land-harmonized to the PALEOMAP PaleoDEM land mask. Missing Pohl values on PALEOMAP land were filled from the nearest finite PALEOMAP-land Pohl cell using spherical-coordinate nearest-neighbour search; for continuous variables only, the filled cells were then smoothed with a 3 by 3 local mean while original finite cells were left unchanged. Ocean cells were masked to NA for terrestrial ecology use. Fill counts are recorded in land_harmonization_gapfill_audit.csv. Four-degree product: area-weighted mean of finite source 1 degree cells.","Level2 gridded","1 degree Level 2 land-harmonized V2 product","4 degree","area-weighted mean of finite source 1 degree cells"
"MAP_pohl_mm_yr",210,4050,"4 degree lon/lat; lon centers -178..178; lat centers -88..88","C:/Users/Google/Documents/HMSC-HIST/Phanerozoic_Environment_540_0Ma_5Myr_4deg_landharmonized_v2/08_rds_export/Phanerozoic_Environment_540_0Ma_5Myr_Level2_4deg_landharmonized_v2_compact_float32.rds","Annual precipitation","mm yr-1","Pohl et al. 2022, land-harmonized to PALEOMAP PaleoDEM","Pohl monthly-derived climate variables from the original Level 2 workflow, land-harmonized to the PALEOMAP PaleoDEM land mask. Missing Pohl values on PALEOMAP land were filled from the nearest finite PALEOMAP-land Pohl cell using spherical-coordinate nearest-neighbour search; for continuous variables only, the filled cells were then smoothed with a 3 by 3 local mean while original finite cells were left unchanged. Ocean cells were masked to NA for terrestrial ecology use. Fill counts are recorded in land_harmonization_gapfill_audit.csv. Four-degree product: area-weighted mean of finite source 1 degree cells.","Level2 gridded","1 degree Level 2 land-harmonized V2 product","4 degree","area-weighted mean of finite source 1 degree cells"
"MAP_pohl_mm_yr",205,4050,"4 degree lon/lat; lon centers -178..178; lat centers -88..88","C:/Users/Google/Documents/HMSC-HIST/Phanerozoic_Environment_540_0Ma_5Myr_4deg_landharmonized_v2/08_rds_export/Phanerozoic_Environment_540_0Ma_5Myr_Level2_4deg_landharmonized_v2_compact_float32.rds","Annual precipitation","mm yr-1","Pohl et al. 2022, land-harmonized to PALEOMAP PaleoDEM","Pohl monthly-derived climate variables from the original Level 2 workflow, land-harmonized to the PALEOMAP PaleoDEM land mask. Missing Pohl values on PALEOMAP land were filled from the nearest finite PALEOMAP-land Pohl cell using spherical-coordinate nearest-neighbour search; for continuous variables only, the filled cells were then smoothed with a 3 by 3 local mean while original finite cells were left unchanged. Ocean cells were masked to NA for terrestrial ecology use. Fill counts are recorded in land_harmonization_gapfill_audit.csv. Four-degree product: area-weighted mean of finite source 1 degree cells.","Level2 gridded","1 degree Level 2 land-harmonized V2 product","4 degree","area-weighted mean of finite source 1 degree cells"
"MAP_pohl_mm_yr",200,4050,"4 degree lon/lat; lon centers -178..178; lat centers -88..88","C:/Users/Google/Documents/HMSC-HIST/Phanerozoic_Environment_540_0Ma_5Myr_4deg_landharmonized_v2/08_rds_export/Phanerozoic_Environment_540_0Ma_5Myr_Level2_4deg_landharmonized_v2_compact_float32.rds","Annual precipitation","mm yr-1","Pohl et al. 2022, land-harmonized to PALEOMAP PaleoDEM","Pohl monthly-derived climate variables from the original Level 2 workflow, land-harmonized to the PALEOMAP PaleoDEM land mask. Missing Pohl values on PALEOMAP land were filled from the nearest finite PALEOMAP-land Pohl cell using spherical-coordinate nearest-neighbour search; for continuous variables only, the filled cells were then smoothed with a 3 by 3 local mean while original finite cells were left unchanged. Ocean cells were masked to NA for terrestrial ecology use. Fill counts are recorded in land_harmonization_gapfill_audit.csv. Four-degree product: area-weighted mean of finite source 1 degree cells.","Level2 gridded","1 degree Level 2 land-harmonized V2 product","4 degree","area-weighted mean of finite source 1 degree cells"
"MAP_pohl_mm_yr",195,4050,"4 degree lon/lat; lon centers -178..178; lat centers -88..88","C:/Users/Google/Documents/HMSC-HIST/Phanerozoic_Environment_540_0Ma_5Myr_4deg_landharmonized_v2/08_rds_export/Phanerozoic_Environment_540_0Ma_5Myr_Level2_4deg_landharmonized_v2_compact_float32.rds","Annual precipitation","mm yr-1","Pohl et al. 2022, land-harmonized to PALEOMAP PaleoDEM","Pohl monthly-derived climate variables from the original Level 2 workflow, land-harmonized to the PALEOMAP PaleoDEM land mask. Missing Pohl values on PALEOMAP land were filled from the nearest finite PALEOMAP-land Pohl cell using spherical-coordinate nearest-neighbour search; for continuous variables only, the filled cells were then smoothed with a 3 by 3 local mean while original finite cells were left unchanged. Ocean cells were masked to NA for terrestrial ecology use. Fill counts are recorded in land_harmonization_gapfill_audit.csv. Four-degree product: area-weighted mean of finite source 1 degree cells.","Level2 gridded","1 degree Level 2 land-harmonized V2 product","4 degree","area-weighted mean of finite source 1 degree cells"
"MAP_pohl_mm_yr",190,4050,"4 degree lon/lat; lon centers -178..178; lat centers -88..88","C:/Users/Google/Documents/HMSC-HIST/Phanerozoic_Environment_540_0Ma_5Myr_4deg_landharmonized_v2/08_rds_export/Phanerozoic_Environment_540_0Ma_5Myr_Level2_4deg_landharmonized_v2_compact_float32.rds","Annual precipitation","mm yr-1","Pohl et al. 2022, land-harmonized to PALEOMAP PaleoDEM","Pohl monthly-derived climate variables from the original Level 2 workflow, land-harmonized to the PALEOMAP PaleoDEM land mask. Missing Pohl values on PALEOMAP land were filled from the nearest finite PALEOMAP-land Pohl cell using spherical-coordinate nearest-neighbour search; for continuous variables only, the filled cells were then smoothed with a 3 by 3 local mean while original finite cells were left unchanged. Ocean cells were masked to NA for terrestrial ecology use. Fill counts are recorded in land_harmonization_gapfill_audit.csv. Four-degree product: area-weighted mean of finite source 1 degree cells.","Level2 gridded","1 degree Level 2 land-harmonized V2 product","4 degree","area-weighted mean of finite source 1 degree cells"
"MAP_pohl_mm_yr",185,4050,"4 degree lon/lat; lon centers -178..178; lat centers -88..88","C:/Users/Google/Documents/HMSC-HIST/Phanerozoic_Environment_540_0Ma_5Myr_4deg_landharmonized_v2/08_rds_export/Phanerozoic_Environment_540_0Ma_5Myr_Level2_4deg_landharmonized_v2_compact_float32.rds","Annual precipitation","mm yr-1","Pohl et al. 2022, land-harmonized to PALEOMAP PaleoDEM","Pohl monthly-derived climate variables from the original Level 2 workflow, land-harmonized to the PALEOMAP PaleoDEM land mask. Missing Pohl values on PALEOMAP land were filled from the nearest finite PALEOMAP-land Pohl cell using spherical-coordinate nearest-neighbour search; for continuous variables only, the filled cells were then smoothed with a 3 by 3 local mean while original finite cells were left unchanged. Ocean cells were masked to NA for terrestrial ecology use. Fill counts are recorded in land_harmonization_gapfill_audit.csv. Four-degree product: area-weighted mean of finite source 1 degree cells.","Level2 gridded","1 degree Level 2 land-harmonized V2 product","4 degree","area-weighted mean of finite source 1 degree cells"
"MAP_pohl_mm_yr",180,4050,"4 degree lon/lat; lon centers -178..178; lat centers -88..88","C:/Users/Google/Documents/HMSC-HIST/Phanerozoic_Environment_540_0Ma_5Myr_4deg_landharmonized_v2/08_rds_export/Phanerozoic_Environment_540_0Ma_5Myr_Level2_4deg_landharmonized_v2_compact_float32.rds","Annual precipitation","mm yr-1","Pohl et al. 2022, land-harmonized to PALEOMAP PaleoDEM","Pohl monthly-derived climate variables from the original Level 2 workflow, land-harmonized to the PALEOMAP PaleoDEM land mask. Missing Pohl values on PALEOMAP land were filled from the nearest finite PALEOMAP-land Pohl cell using spherical-coordinate nearest-neighbour search; for continuous variables only, the filled cells were then smoothed with a 3 by 3 local mean while original finite cells were left unchanged. Ocean cells were masked to NA for terrestrial ecology use. Fill counts are recorded in land_harmonization_gapfill_audit.csv. Four-degree product: area-weighted mean of finite source 1 degree cells.","Level2 gridded","1 degree Level 2 land-harmonized V2 product","4 degree","area-weighted mean of finite source 1 degree cells"
"MAP_pohl_mm_yr",175,4050,"4 degree lon/lat; lon centers -178..178; lat centers -88..88","C:/Users/Google/Documents/HMSC-HIST/Phanerozoic_Environment_540_0Ma_5Myr_4deg_landharmonized_v2/08_rds_export/Phanerozoic_Environment_540_0Ma_5Myr_Level2_4deg_landharmonized_v2_compact_float32.rds","Annual precipitation","mm yr-1","Pohl et al. 2022, land-harmonized to PALEOMAP PaleoDEM","Pohl monthly-derived climate variables from the original Level 2 workflow, land-harmonized to the PALEOMAP PaleoDEM land mask. Missing Pohl values on PALEOMAP land were filled from the nearest finite PALEOMAP-land Pohl cell using spherical-coordinate nearest-neighbour search; for continuous variables only, the filled cells were then smoothed with a 3 by 3 local mean while original finite cells were left unchanged. Ocean cells were masked to NA for terrestrial ecology use. Fill counts are recorded in land_harmonization_gapfill_audit.csv. Four-degree product: area-weighted mean of finite source 1 degree cells.","Level2 gridded","1 degree Level 2 land-harmonized V2 product","4 degree","area-weighted mean of finite source 1 degree cells"
"MAP_pohl_mm_yr",170,4050,"4 degree lon/lat; lon centers -178..178; lat centers -88..88","C:/Users/Google/Documents/HMSC-HIST/Phanerozoic_Environment_540_0Ma_5Myr_4deg_landharmonized_v2/08_rds_export/Phanerozoic_Environment_540_0Ma_5Myr_Level2_4deg_landharmonized_v2_compact_float32.rds","Annual precipitation","mm yr-1","Pohl et al. 2022, land-harmonized to PALEOMAP PaleoDEM","Pohl monthly-derived climate variables from the original Level 2 workflow, land-harmonized to the PALEOMAP PaleoDEM land mask. Missing Pohl values on PALEOMAP land were filled from the nearest finite PALEOMAP-land Pohl cell using spherical-coordinate nearest-neighbour search; for continuous variables only, the filled cells were then smoothed with a 3 by 3 local mean while original finite cells were left unchanged. Ocean cells were masked to NA for terrestrial ecology use. Fill counts are recorded in land_harmonization_gapfill_audit.csv. Four-degree product: area-weighted mean of finite source 1 degree cells.","Level2 gridded","1 degree Level 2 land-harmonized V2 product","4 degree","area-weighted mean of finite source 1 degree cells"
"MAP_pohl_mm_yr",165,4050,"4 degree lon/lat; lon centers -178..178; lat centers -88..88","C:/Users/Google/Documents/HMSC-HIST/Phanerozoic_Environment_540_0Ma_5Myr_4deg_landharmonized_v2/08_rds_export/Phanerozoic_Environment_540_0Ma_5Myr_Level2_4deg_landharmonized_v2_compact_float32.rds","Annual precipitation","mm yr-1","Pohl et al. 2022, land-harmonized to PALEOMAP PaleoDEM","Pohl monthly-derived climate variables from the original Level 2 workflow, land-harmonized to the PALEOMAP PaleoDEM land mask. Missing Pohl values on PALEOMAP land were filled from the nearest finite PALEOMAP-land Pohl cell using spherical-coordinate nearest-neighbour search; for continuous variables only, the filled cells were then smoothed with a 3 by 3 local mean while original finite cells were left unchanged. Ocean cells were masked to NA for terrestrial ecology use. Fill counts are recorded in land_harmonization_gapfill_audit.csv. Four-degree product: area-weighted mean of finite source 1 degree cells.","Level2 gridded","1 degree Level 2 land-harmonized V2 product","4 degree","area-weighted mean of finite source 1 degree cells"
"MAP_pohl_mm_yr",160,4050,"4 degree lon/lat; lon centers -178..178; lat centers -88..88","C:/Users/Google/Documents/HMSC-HIST/Phanerozoic_Environment_540_0Ma_5Myr_4deg_landharmonized_v2/08_rds_export/Phanerozoic_Environment_540_0Ma_5Myr_Level2_4deg_landharmonized_v2_compact_float32.rds","Annual precipitation","mm yr-1","Pohl et al. 2022, land-harmonized to PALEOMAP PaleoDEM","Pohl monthly-derived climate variables from the original Level 2 workflow, land-harmonized to the PALEOMAP PaleoDEM land mask. Missing Pohl values on PALEOMAP land were filled from the nearest finite PALEOMAP-land Pohl cell using spherical-coordinate nearest-neighbour search; for continuous variables only, the filled cells were then smoothed with a 3 by 3 local mean while original finite cells were left unchanged. Ocean cells were masked to NA for terrestrial ecology use. Fill counts are recorded in land_harmonization_gapfill_audit.csv. Four-degree product: area-weighted mean of finite source 1 degree cells.","Level2 gridded","1 degree Level 2 land-harmonized V2 product","4 degree","area-weighted mean of finite source 1 degree cells"
"MAP_pohl_mm_yr",155,4050,"4 degree lon/lat; lon centers -178..178; lat centers -88..88","C:/Users/Google/Documents/HMSC-HIST/Phanerozoic_Environment_540_0Ma_5Myr_4deg_landharmonized_v2/08_rds_export/Phanerozoic_Environment_540_0Ma_5Myr_Level2_4deg_landharmonized_v2_compact_float32.rds","Annual precipitation","mm yr-1","Pohl et al. 2022, land-harmonized to PALEOMAP PaleoDEM","Pohl monthly-derived climate variables from the original Level 2 workflow, land-harmonized to the PALEOMAP PaleoDEM land mask. Missing Pohl values on PALEOMAP land were filled from the nearest finite PALEOMAP-land Pohl cell using spherical-coordinate nearest-neighbour search; for continuous variables only, the filled cells were then smoothed with a 3 by 3 local mean while original finite cells were left unchanged. Ocean cells were masked to NA for terrestrial ecology use. Fill counts are recorded in land_harmonization_gapfill_audit.csv. Four-degree product: area-weighted mean of finite source 1 degree cells.","Level2 gridded","1 degree Level 2 land-harmonized V2 product","4 degree","area-weighted mean of finite source 1 degree cells"
"MAP_pohl_mm_yr",150,4050,"4 degree lon/lat; lon centers -178..178; lat centers -88..88","C:/Users/Google/Documents/HMSC-HIST/Phanerozoic_Environment_540_0Ma_5Myr_4deg_landharmonized_v2/08_rds_export/Phanerozoic_Environment_540_0Ma_5Myr_Level2_4deg_landharmonized_v2_compact_float32.rds","Annual precipitation","mm yr-1","Pohl et al. 2022, land-harmonized to PALEOMAP PaleoDEM","Pohl monthly-derived climate variables from the original Level 2 workflow, land-harmonized to the PALEOMAP PaleoDEM land mask. Missing Pohl values on PALEOMAP land were filled from the nearest finite PALEOMAP-land Pohl cell using spherical-coordinate nearest-neighbour search; for continuous variables only, the filled cells were then smoothed with a 3 by 3 local mean while original finite cells were left unchanged. Ocean cells were masked to NA for terrestrial ecology use. Fill counts are recorded in land_harmonization_gapfill_audit.csv. Four-degree product: area-weighted mean of finite source 1 degree cells.","Level2 gridded","1 degree Level 2 land-harmonized V2 product","4 degree","area-weighted mean of finite source 1 degree cells"
"MAP_pohl_mm_yr",145,4050,"4 degree lon/lat; lon centers -178..178; lat centers -88..88","C:/Users/Google/Documents/HMSC-HIST/Phanerozoic_Environment_540_0Ma_5Myr_4deg_landharmonized_v2/08_rds_export/Phanerozoic_Environment_540_0Ma_5Myr_Level2_4deg_landharmonized_v2_compact_float32.rds","Annual precipitation","mm yr-1","Pohl et al. 2022, land-harmonized to PALEOMAP PaleoDEM","Pohl monthly-derived climate variables from the original Level 2 workflow, land-harmonized to the PALEOMAP PaleoDEM land mask. Missing Pohl values on PALEOMAP land were filled from the nearest finite PALEOMAP-land Pohl cell using spherical-coordinate nearest-neighbour search; for continuous variables only, the filled cells were then smoothed with a 3 by 3 local mean while original finite cells were left unchanged. Ocean cells were masked to NA for terrestrial ecology use. Fill counts are recorded in land_harmonization_gapfill_audit.csv. Four-degree product: area-weighted mean of finite source 1 degree cells.","Level2 gridded","1 degree Level 2 land-harmonized V2 product","4 degree","area-weighted mean of finite source 1 degree cells"
"MAP_pohl_mm_yr",140,4050,"4 degree lon/lat; lon centers -178..178; lat centers -88..88","C:/Users/Google/Documents/HMSC-HIST/Phanerozoic_Environment_540_0Ma_5Myr_4deg_landharmonized_v2/08_rds_export/Phanerozoic_Environment_540_0Ma_5Myr_Level2_4deg_landharmonized_v2_compact_float32.rds","Annual precipitation","mm yr-1","Pohl et al. 2022, land-harmonized to PALEOMAP PaleoDEM","Pohl monthly-derived climate variables from the original Level 2 workflow, land-harmonized to the PALEOMAP PaleoDEM land mask. Missing Pohl values on PALEOMAP land were filled from the nearest finite PALEOMAP-land Pohl cell using spherical-coordinate nearest-neighbour search; for continuous variables only, the filled cells were then smoothed with a 3 by 3 local mean while original finite cells were left unchanged. Ocean cells were masked to NA for terrestrial ecology use. Fill counts are recorded in land_harmonization_gapfill_audit.csv. Four-degree product: area-weighted mean of finite source 1 degree cells.","Level2 gridded","1 degree Level 2 land-harmonized V2 product","4 degree","area-weighted mean of finite source 1 degree cells"
"MAP_pohl_mm_yr",135,4050,"4 degree lon/lat; lon centers -178..178; lat centers -88..88","C:/Users/Google/Documents/HMSC-HIST/Phanerozoic_Environment_540_0Ma_5Myr_4deg_landharmonized_v2/08_rds_export/Phanerozoic_Environment_540_0Ma_5Myr_Level2_4deg_landharmonized_v2_compact_float32.rds","Annual precipitation","mm yr-1","Pohl et al. 2022, land-harmonized to PALEOMAP PaleoDEM","Pohl monthly-derived climate variables from the original Level 2 workflow, land-harmonized to the PALEOMAP PaleoDEM land mask. Missing Pohl values on PALEOMAP land were filled from the nearest finite PALEOMAP-land Pohl cell using spherical-coordinate nearest-neighbour search; for continuous variables only, the filled cells were then smoothed with a 3 by 3 local mean while original finite cells were left unchanged. Ocean cells were masked to NA for terrestrial ecology use. Fill counts are recorded in land_harmonization_gapfill_audit.csv. Four-degree product: area-weighted mean of finite source 1 degree cells.","Level2 gridded","1 degree Level 2 land-harmonized V2 product","4 degree","area-weighted mean of finite source 1 degree cells"
"MAP_pohl_mm_yr",130,4050,"4 degree lon/lat; lon centers -178..178; lat centers -88..88","C:/Users/Google/Documents/HMSC-HIST/Phanerozoic_Environment_540_0Ma_5Myr_4deg_landharmonized_v2/08_rds_export/Phanerozoic_Environment_540_0Ma_5Myr_Level2_4deg_landharmonized_v2_compact_float32.rds","Annual precipitation","mm yr-1","Pohl et al. 2022, land-harmonized to PALEOMAP PaleoDEM","Pohl monthly-derived climate variables from the original Level 2 workflow, land-harmonized to the PALEOMAP PaleoDEM land mask. Missing Pohl values on PALEOMAP land were filled from the nearest finite PALEOMAP-land Pohl cell using spherical-coordinate nearest-neighbour search; for continuous variables only, the filled cells were then smoothed with a 3 by 3 local mean while original finite cells were left unchanged. Ocean cells were masked to NA for terrestrial ecology use. Fill counts are recorded in land_harmonization_gapfill_audit.csv. Four-degree product: area-weighted mean of finite source 1 degree cells.","Level2 gridded","1 degree Level 2 land-harmonized V2 product","4 degree","area-weighted mean of finite source 1 degree cells"
"MAP_pohl_mm_yr",125,4050,"4 degree lon/lat; lon centers -178..178; lat centers -88..88","C:/Users/Google/Documents/HMSC-HIST/Phanerozoic_Environment_540_0Ma_5Myr_4deg_landharmonized_v2/08_rds_export/Phanerozoic_Environment_540_0Ma_5Myr_Level2_4deg_landharmonized_v2_compact_float32.rds","Annual precipitation","mm yr-1","Pohl et al. 2022, land-harmonized to PALEOMAP PaleoDEM","Pohl monthly-derived climate variables from the original Level 2 workflow, land-harmonized to the PALEOMAP PaleoDEM land mask. Missing Pohl values on PALEOMAP land were filled from the nearest finite PALEOMAP-land Pohl cell using spherical-coordinate nearest-neighbour search; for continuous variables only, the filled cells were then smoothed with a 3 by 3 local mean while original finite cells were left unchanged. Ocean cells were masked to NA for terrestrial ecology use. Fill counts are recorded in land_harmonization_gapfill_audit.csv. Four-degree product: area-weighted mean of finite source 1 degree cells.","Level2 gridded","1 degree Level 2 land-harmonized V2 product","4 degree","area-weighted mean of finite source 1 degree cells"
"MAP_pohl_mm_yr",120,4050,"4 degree lon/lat; lon centers -178..178; lat centers -88..88","C:/Users/Google/Documents/HMSC-HIST/Phanerozoic_Environment_540_0Ma_5Myr_4deg_landharmonized_v2/08_rds_export/Phanerozoic_Environment_540_0Ma_5Myr_Level2_4deg_landharmonized_v2_compact_float32.rds","Annual precipitation","mm yr-1","Pohl et al. 2022, land-harmonized to PALEOMAP PaleoDEM","Pohl monthly-derived climate variables from the original Level 2 workflow, land-harmonized to the PALEOMAP PaleoDEM land mask. Missing Pohl values on PALEOMAP land were filled from the nearest finite PALEOMAP-land Pohl cell using spherical-coordinate nearest-neighbour search; for continuous variables only, the filled cells were then smoothed with a 3 by 3 local mean while original finite cells were left unchanged. Ocean cells were masked to NA for terrestrial ecology use. Fill counts are recorded in land_harmonization_gapfill_audit.csv. Four-degree product: area-weighted mean of finite source 1 degree cells.","Level2 gridded","1 degree Level 2 land-harmonized V2 product","4 degree","area-weighted mean of finite source 1 degree cells"
"MAP_pohl_mm_yr",115,4050,"4 degree lon/lat; lon centers -178..178; lat centers -88..88","C:/Users/Google/Documents/HMSC-HIST/Phanerozoic_Environment_540_0Ma_5Myr_4deg_landharmonized_v2/08_rds_export/Phanerozoic_Environment_540_0Ma_5Myr_Level2_4deg_landharmonized_v2_compact_float32.rds","Annual precipitation","mm yr-1","Pohl et al. 2022, land-harmonized to PALEOMAP PaleoDEM","Pohl monthly-derived climate variables from the original Level 2 workflow, land-harmonized to the PALEOMAP PaleoDEM land mask. Missing Pohl values on PALEOMAP land were filled from the nearest finite PALEOMAP-land Pohl cell using spherical-coordinate nearest-neighbour search; for continuous variables only, the filled cells were then smoothed with a 3 by 3 local mean while original finite cells were left unchanged. Ocean cells were masked to NA for terrestrial ecology use. Fill counts are recorded in land_harmonization_gapfill_audit.csv. Four-degree product: area-weighted mean of finite source 1 degree cells.","Level2 gridded","1 degree Level 2 land-harmonized V2 product","4 degree","area-weighted mean of finite source 1 degree cells"
"MAP_pohl_mm_yr",110,4050,"4 degree lon/lat; lon centers -178..178; lat centers -88..88","C:/Users/Google/Documents/HMSC-HIST/Phanerozoic_Environment_540_0Ma_5Myr_4deg_landharmonized_v2/08_rds_export/Phanerozoic_Environment_540_0Ma_5Myr_Level2_4deg_landharmonized_v2_compact_float32.rds","Annual precipitation","mm yr-1","Pohl et al. 2022, land-harmonized to PALEOMAP PaleoDEM","Pohl monthly-derived climate variables from the original Level 2 workflow, land-harmonized to the PALEOMAP PaleoDEM land mask. Missing Pohl values on PALEOMAP land were filled from the nearest finite PALEOMAP-land Pohl cell using spherical-coordinate nearest-neighbour search; for continuous variables only, the filled cells were then smoothed with a 3 by 3 local mean while original finite cells were left unchanged. Ocean cells were masked to NA for terrestrial ecology use. Fill counts are recorded in land_harmonization_gapfill_audit.csv. Four-degree product: area-weighted mean of finite source 1 degree cells.","Level2 gridded","1 degree Level 2 land-harmonized V2 product","4 degree","area-weighted mean of finite source 1 degree cells"
"MAP_pohl_mm_yr",105,4050,"4 degree lon/lat; lon centers -178..178; lat centers -88..88","C:/Users/Google/Documents/HMSC-HIST/Phanerozoic_Environment_540_0Ma_5Myr_4deg_landharmonized_v2/08_rds_export/Phanerozoic_Environment_540_0Ma_5Myr_Level2_4deg_landharmonized_v2_compact_float32.rds","Annual precipitation","mm yr-1","Pohl et al. 2022, land-harmonized to PALEOMAP PaleoDEM","Pohl monthly-derived climate variables from the original Level 2 workflow, land-harmonized to the PALEOMAP PaleoDEM land mask. Missing Pohl values on PALEOMAP land were filled from the nearest finite PALEOMAP-land Pohl cell using spherical-coordinate nearest-neighbour search; for continuous variables only, the filled cells were then smoothed with a 3 by 3 local mean while original finite cells were left unchanged. Ocean cells were masked to NA for terrestrial ecology use. Fill counts are recorded in land_harmonization_gapfill_audit.csv. Four-degree product: area-weighted mean of finite source 1 degree cells.","Level2 gridded","1 degree Level 2 land-harmonized V2 product","4 degree","area-weighted mean of finite source 1 degree cells"
"MAP_pohl_mm_yr",100,4050,"4 degree lon/lat; lon centers -178..178; lat centers -88..88","C:/Users/Google/Documents/HMSC-HIST/Phanerozoic_Environment_540_0Ma_5Myr_4deg_landharmonized_v2/08_rds_export/Phanerozoic_Environment_540_0Ma_5Myr_Level2_4deg_landharmonized_v2_compact_float32.rds","Annual precipitation","mm yr-1","Pohl et al. 2022, land-harmonized to PALEOMAP PaleoDEM","Pohl monthly-derived climate variables from the original Level 2 workflow, land-harmonized to the PALEOMAP PaleoDEM land mask. Missing Pohl values on PALEOMAP land were filled from the nearest finite PALEOMAP-land Pohl cell using spherical-coordinate nearest-neighbour search; for continuous variables only, the filled cells were then smoothed with a 3 by 3 local mean while original finite cells were left unchanged. Ocean cells were masked to NA for terrestrial ecology use. Fill counts are recorded in land_harmonization_gapfill_audit.csv. Four-degree product: area-weighted mean of finite source 1 degree cells.","Level2 gridded","1 degree Level 2 land-harmonized V2 product","4 degree","area-weighted mean of finite source 1 degree cells"
"MAP_pohl_mm_yr",95,4050,"4 degree lon/lat; lon centers -178..178; lat centers -88..88","C:/Users/Google/Documents/HMSC-HIST/Phanerozoic_Environment_540_0Ma_5Myr_4deg_landharmonized_v2/08_rds_export/Phanerozoic_Environment_540_0Ma_5Myr_Level2_4deg_landharmonized_v2_compact_float32.rds","Annual precipitation","mm yr-1","Pohl et al. 2022, land-harmonized to PALEOMAP PaleoDEM","Pohl monthly-derived climate variables from the original Level 2 workflow, land-harmonized to the PALEOMAP PaleoDEM land mask. Missing Pohl values on PALEOMAP land were filled from the nearest finite PALEOMAP-land Pohl cell using spherical-coordinate nearest-neighbour search; for continuous variables only, the filled cells were then smoothed with a 3 by 3 local mean while original finite cells were left unchanged. Ocean cells were masked to NA for terrestrial ecology use. Fill counts are recorded in land_harmonization_gapfill_audit.csv. Four-degree product: area-weighted mean of finite source 1 degree cells.","Level2 gridded","1 degree Level 2 land-harmonized V2 product","4 degree","area-weighted mean of finite source 1 degree cells"
"MAP_pohl_mm_yr",90,4050,"4 degree lon/lat; lon centers -178..178; lat centers -88..88","C:/Users/Google/Documents/HMSC-HIST/Phanerozoic_Environment_540_0Ma_5Myr_4deg_landharmonized_v2/08_rds_export/Phanerozoic_Environment_540_0Ma_5Myr_Level2_4deg_landharmonized_v2_compact_float32.rds","Annual precipitation","mm yr-1","Pohl et al. 2022, land-harmonized to PALEOMAP PaleoDEM","Pohl monthly-derived climate variables from the original Level 2 workflow, land-harmonized to the PALEOMAP PaleoDEM land mask. Missing Pohl values on PALEOMAP land were filled from the nearest finite PALEOMAP-land Pohl cell using spherical-coordinate nearest-neighbour search; for continuous variables only, the filled cells were then smoothed with a 3 by 3 local mean while original finite cells were left unchanged. Ocean cells were masked to NA for terrestrial ecology use. Fill counts are recorded in land_harmonization_gapfill_audit.csv. Four-degree product: area-weighted mean of finite source 1 degree cells.","Level2 gridded","1 degree Level 2 land-harmonized V2 product","4 degree","area-weighted mean of finite source 1 degree cells"
"MAP_pohl_mm_yr",85,4050,"4 degree lon/lat; lon centers -178..178; lat centers -88..88","C:/Users/Google/Documents/HMSC-HIST/Phanerozoic_Environment_540_0Ma_5Myr_4deg_landharmonized_v2/08_rds_export/Phanerozoic_Environment_540_0Ma_5Myr_Level2_4deg_landharmonized_v2_compact_float32.rds","Annual precipitation","mm yr-1","Pohl et al. 2022, land-harmonized to PALEOMAP PaleoDEM","Pohl monthly-derived climate variables from the original Level 2 workflow, land-harmonized to the PALEOMAP PaleoDEM land mask. Missing Pohl values on PALEOMAP land were filled from the nearest finite PALEOMAP-land Pohl cell using spherical-coordinate nearest-neighbour search; for continuous variables only, the filled cells were then smoothed with a 3 by 3 local mean while original finite cells were left unchanged. Ocean cells were masked to NA for terrestrial ecology use. Fill counts are recorded in land_harmonization_gapfill_audit.csv. Four-degree product: area-weighted mean of finite source 1 degree cells.","Level2 gridded","1 degree Level 2 land-harmonized V2 product","4 degree","area-weighted mean of finite source 1 degree cells"
"MAP_pohl_mm_yr",80,4050,"4 degree lon/lat; lon centers -178..178; lat centers -88..88","C:/Users/Google/Documents/HMSC-HIST/Phanerozoic_Environment_540_0Ma_5Myr_4deg_landharmonized_v2/08_rds_export/Phanerozoic_Environment_540_0Ma_5Myr_Level2_4deg_landharmonized_v2_compact_float32.rds","Annual precipitation","mm yr-1","Pohl et al. 2022, land-harmonized to PALEOMAP PaleoDEM","Pohl monthly-derived climate variables from the original Level 2 workflow, land-harmonized to the PALEOMAP PaleoDEM land mask. Missing Pohl values on PALEOMAP land were filled from the nearest finite PALEOMAP-land Pohl cell using spherical-coordinate nearest-neighbour search; for continuous variables only, the filled cells were then smoothed with a 3 by 3 local mean while original finite cells were left unchanged. Ocean cells were masked to NA for terrestrial ecology use. Fill counts are recorded in land_harmonization_gapfill_audit.csv. Four-degree product: area-weighted mean of finite source 1 degree cells.","Level2 gridded","1 degree Level 2 land-harmonized V2 product","4 degree","area-weighted mean of finite source 1 degree cells"
"MAP_pohl_mm_yr",75,4050,"4 degree lon/lat; lon centers -178..178; lat centers -88..88","C:/Users/Google/Documents/HMSC-HIST/Phanerozoic_Environment_540_0Ma_5Myr_4deg_landharmonized_v2/08_rds_export/Phanerozoic_Environment_540_0Ma_5Myr_Level2_4deg_landharmonized_v2_compact_float32.rds","Annual precipitation","mm yr-1","Pohl et al. 2022, land-harmonized to PALEOMAP PaleoDEM","Pohl monthly-derived climate variables from the original Level 2 workflow, land-harmonized to the PALEOMAP PaleoDEM land mask. Missing Pohl values on PALEOMAP land were filled from the nearest finite PALEOMAP-land Pohl cell using spherical-coordinate nearest-neighbour search; for continuous variables only, the filled cells were then smoothed with a 3 by 3 local mean while original finite cells were left unchanged. Ocean cells were masked to NA for terrestrial ecology use. Fill counts are recorded in land_harmonization_gapfill_audit.csv. Four-degree product: area-weighted mean of finite source 1 degree cells.","Level2 gridded","1 degree Level 2 land-harmonized V2 product","4 degree","area-weighted mean of finite source 1 degree cells"
"MAP_pohl_mm_yr",70,4050,"4 degree lon/lat; lon centers -178..178; lat centers -88..88","C:/Users/Google/Documents/HMSC-HIST/Phanerozoic_Environment_540_0Ma_5Myr_4deg_landharmonized_v2/08_rds_export/Phanerozoic_Environment_540_0Ma_5Myr_Level2_4deg_landharmonized_v2_compact_float32.rds","Annual precipitation","mm yr-1","Pohl et al. 2022, land-harmonized to PALEOMAP PaleoDEM","Pohl monthly-derived climate variables from the original Level 2 workflow, land-harmonized to the PALEOMAP PaleoDEM land mask. Missing Pohl values on PALEOMAP land were filled from the nearest finite PALEOMAP-land Pohl cell using spherical-coordinate nearest-neighbour search; for continuous variables only, the filled cells were then smoothed with a 3 by 3 local mean while original finite cells were left unchanged. Ocean cells were masked to NA for terrestrial ecology use. Fill counts are recorded in land_harmonization_gapfill_audit.csv. Four-degree product: area-weighted mean of finite source 1 degree cells.","Level2 gridded","1 degree Level 2 land-harmonized V2 product","4 degree","area-weighted mean of finite source 1 degree cells"
"MAP_pohl_mm_yr",65,4050,"4 degree lon/lat; lon centers -178..178; lat centers -88..88","C:/Users/Google/Documents/HMSC-HIST/Phanerozoic_Environment_540_0Ma_5Myr_4deg_landharmonized_v2/08_rds_export/Phanerozoic_Environment_540_0Ma_5Myr_Level2_4deg_landharmonized_v2_compact_float32.rds","Annual precipitation","mm yr-1","Pohl et al. 2022, land-harmonized to PALEOMAP PaleoDEM","Pohl monthly-derived climate variables from the original Level 2 workflow, land-harmonized to the PALEOMAP PaleoDEM land mask. Missing Pohl values on PALEOMAP land were filled from the nearest finite PALEOMAP-land Pohl cell using spherical-coordinate nearest-neighbour search; for continuous variables only, the filled cells were then smoothed with a 3 by 3 local mean while original finite cells were left unchanged. Ocean cells were masked to NA for terrestrial ecology use. Fill counts are recorded in land_harmonization_gapfill_audit.csv. Four-degree product: area-weighted mean of finite source 1 degree cells.","Level2 gridded","1 degree Level 2 land-harmonized V2 product","4 degree","area-weighted mean of finite source 1 degree cells"
"MAP_pohl_mm_yr",60,4050,"4 degree lon/lat; lon centers -178..178; lat centers -88..88","C:/Users/Google/Documents/HMSC-HIST/Phanerozoic_Environment_540_0Ma_5Myr_4deg_landharmonized_v2/08_rds_export/Phanerozoic_Environment_540_0Ma_5Myr_Level2_4deg_landharmonized_v2_compact_float32.rds","Annual precipitation","mm yr-1","Pohl et al. 2022, land-harmonized to PALEOMAP PaleoDEM","Pohl monthly-derived climate variables from the original Level 2 workflow, land-harmonized to the PALEOMAP PaleoDEM land mask. Missing Pohl values on PALEOMAP land were filled from the nearest finite PALEOMAP-land Pohl cell using spherical-coordinate nearest-neighbour search; for continuous variables only, the filled cells were then smoothed with a 3 by 3 local mean while original finite cells were left unchanged. Ocean cells were masked to NA for terrestrial ecology use. Fill counts are recorded in land_harmonization_gapfill_audit.csv. Four-degree product: area-weighted mean of finite source 1 degree cells.","Level2 gridded","1 degree Level 2 land-harmonized V2 product","4 degree","area-weighted mean of finite source 1 degree cells"
"MAP_pohl_mm_yr",55,4050,"4 degree lon/lat; lon centers -178..178; lat centers -88..88","C:/Users/Google/Documents/HMSC-HIST/Phanerozoic_Environment_540_0Ma_5Myr_4deg_landharmonized_v2/08_rds_export/Phanerozoic_Environment_540_0Ma_5Myr_Level2_4deg_landharmonized_v2_compact_float32.rds","Annual precipitation","mm yr-1","Pohl et al. 2022, land-harmonized to PALEOMAP PaleoDEM","Pohl monthly-derived climate variables from the original Level 2 workflow, land-harmonized to the PALEOMAP PaleoDEM land mask. Missing Pohl values on PALEOMAP land were filled from the nearest finite PALEOMAP-land Pohl cell using spherical-coordinate nearest-neighbour search; for continuous variables only, the filled cells were then smoothed with a 3 by 3 local mean while original finite cells were left unchanged. Ocean cells were masked to NA for terrestrial ecology use. Fill counts are recorded in land_harmonization_gapfill_audit.csv. Four-degree product: area-weighted mean of finite source 1 degree cells.","Level2 gridded","1 degree Level 2 land-harmonized V2 product","4 degree","area-weighted mean of finite source 1 degree cells"
"MAP_pohl_mm_yr",50,4050,"4 degree lon/lat; lon centers -178..178; lat centers -88..88","C:/Users/Google/Documents/HMSC-HIST/Phanerozoic_Environment_540_0Ma_5Myr_4deg_landharmonized_v2/08_rds_export/Phanerozoic_Environment_540_0Ma_5Myr_Level2_4deg_landharmonized_v2_compact_float32.rds","Annual precipitation","mm yr-1","Pohl et al. 2022, land-harmonized to PALEOMAP PaleoDEM","Pohl monthly-derived climate variables from the original Level 2 workflow, land-harmonized to the PALEOMAP PaleoDEM land mask. Missing Pohl values on PALEOMAP land were filled from the nearest finite PALEOMAP-land Pohl cell using spherical-coordinate nearest-neighbour search; for continuous variables only, the filled cells were then smoothed with a 3 by 3 local mean while original finite cells were left unchanged. Ocean cells were masked to NA for terrestrial ecology use. Fill counts are recorded in land_harmonization_gapfill_audit.csv. Four-degree product: area-weighted mean of finite source 1 degree cells.","Level2 gridded","1 degree Level 2 land-harmonized V2 product","4 degree","area-weighted mean of finite source 1 degree cells"
"MAP_pohl_mm_yr",45,4050,"4 degree lon/lat; lon centers -178..178; lat centers -88..88","C:/Users/Google/Documents/HMSC-HIST/Phanerozoic_Environment_540_0Ma_5Myr_4deg_landharmonized_v2/08_rds_export/Phanerozoic_Environment_540_0Ma_5Myr_Level2_4deg_landharmonized_v2_compact_float32.rds","Annual precipitation","mm yr-1","Pohl et al. 2022, land-harmonized to PALEOMAP PaleoDEM","Pohl monthly-derived climate variables from the original Level 2 workflow, land-harmonized to the PALEOMAP PaleoDEM land mask. Missing Pohl values on PALEOMAP land were filled from the nearest finite PALEOMAP-land Pohl cell using spherical-coordinate nearest-neighbour search; for continuous variables only, the filled cells were then smoothed with a 3 by 3 local mean while original finite cells were left unchanged. Ocean cells were masked to NA for terrestrial ecology use. Fill counts are recorded in land_harmonization_gapfill_audit.csv. Four-degree product: area-weighted mean of finite source 1 degree cells.","Level2 gridded","1 degree Level 2 land-harmonized V2 product","4 degree","area-weighted mean of finite source 1 degree cells"
"MAP_pohl_mm_yr",40,4050,"4 degree lon/lat; lon centers -178..178; lat centers -88..88","C:/Users/Google/Documents/HMSC-HIST/Phanerozoic_Environment_540_0Ma_5Myr_4deg_landharmonized_v2/08_rds_export/Phanerozoic_Environment_540_0Ma_5Myr_Level2_4deg_landharmonized_v2_compact_float32.rds","Annual precipitation","mm yr-1","Pohl et al. 2022, land-harmonized to PALEOMAP PaleoDEM","Pohl monthly-derived climate variables from the original Level 2 workflow, land-harmonized to the PALEOMAP PaleoDEM land mask. Missing Pohl values on PALEOMAP land were filled from the nearest finite PALEOMAP-land Pohl cell using spherical-coordinate nearest-neighbour search; for continuous variables only, the filled cells were then smoothed with a 3 by 3 local mean while original finite cells were left unchanged. Ocean cells were masked to NA for terrestrial ecology use. Fill counts are recorded in land_harmonization_gapfill_audit.csv. Four-degree product: area-weighted mean of finite source 1 degree cells.","Level2 gridded","1 degree Level 2 land-harmonized V2 product","4 degree","area-weighted mean of finite source 1 degree cells"
"MAP_pohl_mm_yr",35,4050,"4 degree lon/lat; lon centers -178..178; lat centers -88..88","C:/Users/Google/Documents/HMSC-HIST/Phanerozoic_Environment_540_0Ma_5Myr_4deg_landharmonized_v2/08_rds_export/Phanerozoic_Environment_540_0Ma_5Myr_Level2_4deg_landharmonized_v2_compact_float32.rds","Annual precipitation","mm yr-1","Pohl et al. 2022, land-harmonized to PALEOMAP PaleoDEM","Pohl monthly-derived climate variables from the original Level 2 workflow, land-harmonized to the PALEOMAP PaleoDEM land mask. Missing Pohl values on PALEOMAP land were filled from the nearest finite PALEOMAP-land Pohl cell using spherical-coordinate nearest-neighbour search; for continuous variables only, the filled cells were then smoothed with a 3 by 3 local mean while original finite cells were left unchanged. Ocean cells were masked to NA for terrestrial ecology use. Fill counts are recorded in land_harmonization_gapfill_audit.csv. Four-degree product: area-weighted mean of finite source 1 degree cells.","Level2 gridded","1 degree Level 2 land-harmonized V2 product","4 degree","area-weighted mean of finite source 1 degree cells"
"MAP_pohl_mm_yr",30,4050,"4 degree lon/lat; lon centers -178..178; lat centers -88..88","C:/Users/Google/Documents/HMSC-HIST/Phanerozoic_Environment_540_0Ma_5Myr_4deg_landharmonized_v2/08_rds_export/Phanerozoic_Environment_540_0Ma_5Myr_Level2_4deg_landharmonized_v2_compact_float32.rds","Annual precipitation","mm yr-1","Pohl et al. 2022, land-harmonized to PALEOMAP PaleoDEM","Pohl monthly-derived climate variables from the original Level 2 workflow, land-harmonized to the PALEOMAP PaleoDEM land mask. Missing Pohl values on PALEOMAP land were filled from the nearest finite PALEOMAP-land Pohl cell using spherical-coordinate nearest-neighbour search; for continuous variables only, the filled cells were then smoothed with a 3 by 3 local mean while original finite cells were left unchanged. Ocean cells were masked to NA for terrestrial ecology use. Fill counts are recorded in land_harmonization_gapfill_audit.csv. Four-degree product: area-weighted mean of finite source 1 degree cells.","Level2 gridded","1 degree Level 2 land-harmonized V2 product","4 degree","area-weighted mean of finite source 1 degree cells"
"MAP_pohl_mm_yr",25,4050,"4 degree lon/lat; lon centers -178..178; lat centers -88..88","C:/Users/Google/Documents/HMSC-HIST/Phanerozoic_Environment_540_0Ma_5Myr_4deg_landharmonized_v2/08_rds_export/Phanerozoic_Environment_540_0Ma_5Myr_Level2_4deg_landharmonized_v2_compact_float32.rds","Annual precipitation","mm yr-1","Pohl et al. 2022, land-harmonized to PALEOMAP PaleoDEM","Pohl monthly-derived climate variables from the original Level 2 workflow, land-harmonized to the PALEOMAP PaleoDEM land mask. Missing Pohl values on PALEOMAP land were filled from the nearest finite PALEOMAP-land Pohl cell using spherical-coordinate nearest-neighbour search; for continuous variables only, the filled cells were then smoothed with a 3 by 3 local mean while original finite cells were left unchanged. Ocean cells were masked to NA for terrestrial ecology use. Fill counts are recorded in land_harmonization_gapfill_audit.csv. Four-degree product: area-weighted mean of finite source 1 degree cells.","Level2 gridded","1 degree Level 2 land-harmonized V2 product","4 degree","area-weighted mean of finite source 1 degree cells"
"MAP_pohl_mm_yr",20,4050,"4 degree lon/lat; lon centers -178..178; lat centers -88..88","C:/Users/Google/Documents/HMSC-HIST/Phanerozoic_Environment_540_0Ma_5Myr_4deg_landharmonized_v2/08_rds_export/Phanerozoic_Environment_540_0Ma_5Myr_Level2_4deg_landharmonized_v2_compact_float32.rds","Annual precipitation","mm yr-1","Pohl et al. 2022, land-harmonized to PALEOMAP PaleoDEM","Pohl monthly-derived climate variables from the original Level 2 workflow, land-harmonized to the PALEOMAP PaleoDEM land mask. Missing Pohl values on PALEOMAP land were filled from the nearest finite PALEOMAP-land Pohl cell using spherical-coordinate nearest-neighbour search; for continuous variables only, the filled cells were then smoothed with a 3 by 3 local mean while original finite cells were left unchanged. Ocean cells were masked to NA for terrestrial ecology use. Fill counts are recorded in land_harmonization_gapfill_audit.csv. Four-degree product: area-weighted mean of finite source 1 degree cells.","Level2 gridded","1 degree Level 2 land-harmonized V2 product","4 degree","area-weighted mean of finite source 1 degree cells"
"MAP_pohl_mm_yr",15,4050,"4 degree lon/lat; lon centers -178..178; lat centers -88..88","C:/Users/Google/Documents/HMSC-HIST/Phanerozoic_Environment_540_0Ma_5Myr_4deg_landharmonized_v2/08_rds_export/Phanerozoic_Environment_540_0Ma_5Myr_Level2_4deg_landharmonized_v2_compact_float32.rds","Annual precipitation","mm yr-1","Pohl et al. 2022, land-harmonized to PALEOMAP PaleoDEM","Pohl monthly-derived climate variables from the original Level 2 workflow, land-harmonized to the PALEOMAP PaleoDEM land mask. Missing Pohl values on PALEOMAP land were filled from the nearest finite PALEOMAP-land Pohl cell using spherical-coordinate nearest-neighbour search; for continuous variables only, the filled cells were then smoothed with a 3 by 3 local mean while original finite cells were left unchanged. Ocean cells were masked to NA for terrestrial ecology use. Fill counts are recorded in land_harmonization_gapfill_audit.csv. Four-degree product: area-weighted mean of finite source 1 degree cells.","Level2 gridded","1 degree Level 2 land-harmonized V2 product","4 degree","area-weighted mean of finite source 1 degree cells"
"MAP_pohl_mm_yr",10,4050,"4 degree lon/lat; lon centers -178..178; lat centers -88..88","C:/Users/Google/Documents/HMSC-HIST/Phanerozoic_Environment_540_0Ma_5Myr_4deg_landharmonized_v2/08_rds_export/Phanerozoic_Environment_540_0Ma_5Myr_Level2_4deg_landharmonized_v2_compact_float32.rds","Annual precipitation","mm yr-1","Pohl et al. 2022, land-harmonized to PALEOMAP PaleoDEM","Pohl monthly-derived climate variables from the original Level 2 workflow, land-harmonized to the PALEOMAP PaleoDEM land mask. Missing Pohl values on PALEOMAP land were filled from the nearest finite PALEOMAP-land Pohl cell using spherical-coordinate nearest-neighbour search; for continuous variables only, the filled cells were then smoothed with a 3 by 3 local mean while original finite cells were left unchanged. Ocean cells were masked to NA for terrestrial ecology use. Fill counts are recorded in land_harmonization_gapfill_audit.csv. Four-degree product: area-weighted mean of finite source 1 degree cells.","Level2 gridded","1 degree Level 2 land-harmonized V2 product","4 degree","area-weighted mean of finite source 1 degree cells"
"MAP_pohl_mm_yr",5,4050,"4 degree lon/lat; lon centers -178..178; lat centers -88..88","C:/Users/Google/Documents/HMSC-HIST/Phanerozoic_Environment_540_0Ma_5Myr_4deg_landharmonized_v2/08_rds_export/Phanerozoic_Environment_540_0Ma_5Myr_Level2_4deg_landharmonized_v2_compact_float32.rds","Annual precipitation","mm yr-1","Pohl et al. 2022, land-harmonized to PALEOMAP PaleoDEM","Pohl monthly-derived climate variables from the original Level 2 workflow, land-harmonized to the PALEOMAP PaleoDEM land mask. Missing Pohl values on PALEOMAP land were filled from the nearest finite PALEOMAP-land Pohl cell using spherical-coordinate nearest-neighbour search; for continuous variables only, the filled cells were then smoothed with a 3 by 3 local mean while original finite cells were left unchanged. Ocean cells were masked to NA for terrestrial ecology use. Fill counts are recorded in land_harmonization_gapfill_audit.csv. Four-degree product: area-weighted mean of finite source 1 degree cells.","Level2 gridded","1 degree Level 2 land-harmonized V2 product","4 degree","area-weighted mean of finite source 1 degree cells"
"MAP_pohl_mm_yr",0,4050,"4 degree lon/lat; lon centers -178..178; lat centers -88..88","C:/Users/Google/Documents/HMSC-HIST/Phanerozoic_Environment_540_0Ma_5Myr_4deg_landharmonized_v2/08_rds_export/Phanerozoic_Environment_540_0Ma_5Myr_Level2_4deg_landharmonized_v2_compact_float32.rds","Annual precipitation","mm yr-1","Pohl et al. 2022, land-harmonized to PALEOMAP PaleoDEM","Pohl monthly-derived climate variables from the original Level 2 workflow, land-harmonized to the PALEOMAP PaleoDEM land mask. Missing Pohl values on PALEOMAP land were filled from the nearest finite PALEOMAP-land Pohl cell using spherical-coordinate nearest-neighbour search; for continuous variables only, the filled cells were then smoothed with a 3 by 3 local mean while original finite cells were left unchanged. Ocean cells were masked to NA for terrestrial ecology use. Fill counts are recorded in land_harmonization_gapfill_audit.csv. Four-degree product: area-weighted mean of finite source 1 degree cells.","Level2 gridded","1 degree Level 2 land-harmonized V2 product","4 degree","area-weighted mean of finite source 1 degree cells"
"P_seasonality_pohl_sd",540,4050,"4 degree lon/lat; lon centers -178..178; lat centers -88..88","C:/Users/Google/Documents/HMSC-HIST/Phanerozoic_Environment_540_0Ma_5Myr_4deg_landharmonized_v2/08_rds_export/Phanerozoic_Environment_540_0Ma_5Myr_Level2_4deg_landharmonized_v2_compact_float32.rds","Monthly precipitation standard deviation","mm month-1","Pohl et al. 2022, land-harmonized to PALEOMAP PaleoDEM","Pohl monthly-derived climate variables from the original Level 2 workflow, land-harmonized to the PALEOMAP PaleoDEM land mask. Missing Pohl values on PALEOMAP land were filled from the nearest finite PALEOMAP-land Pohl cell using spherical-coordinate nearest-neighbour search; for continuous variables only, the filled cells were then smoothed with a 3 by 3 local mean while original finite cells were left unchanged. Ocean cells were masked to NA for terrestrial ecology use. Fill counts are recorded in land_harmonization_gapfill_audit.csv. Four-degree product: area-weighted mean of finite source 1 degree cells.","Level2 gridded","1 degree Level 2 land-harmonized V2 product","4 degree","area-weighted mean of finite source 1 degree cells"
"P_seasonality_pohl_sd",535,4050,"4 degree lon/lat; lon centers -178..178; lat centers -88..88","C:/Users/Google/Documents/HMSC-HIST/Phanerozoic_Environment_540_0Ma_5Myr_4deg_landharmonized_v2/08_rds_export/Phanerozoic_Environment_540_0Ma_5Myr_Level2_4deg_landharmonized_v2_compact_float32.rds","Monthly precipitation standard deviation","mm month-1","Pohl et al. 2022, land-harmonized to PALEOMAP PaleoDEM","Pohl monthly-derived climate variables from the original Level 2 workflow, land-harmonized to the PALEOMAP PaleoDEM land mask. Missing Pohl values on PALEOMAP land were filled from the nearest finite PALEOMAP-land Pohl cell using spherical-coordinate nearest-neighbour search; for continuous variables only, the filled cells were then smoothed with a 3 by 3 local mean while original finite cells were left unchanged. Ocean cells were masked to NA for terrestrial ecology use. Fill counts are recorded in land_harmonization_gapfill_audit.csv. Four-degree product: area-weighted mean of finite source 1 degree cells.","Level2 gridded","1 degree Level 2 land-harmonized V2 product","4 degree","area-weighted mean of finite source 1 degree cells"
"P_seasonality_pohl_sd",530,4050,"4 degree lon/lat; lon centers -178..178; lat centers -88..88","C:/Users/Google/Documents/HMSC-HIST/Phanerozoic_Environment_540_0Ma_5Myr_4deg_landharmonized_v2/08_rds_export/Phanerozoic_Environment_540_0Ma_5Myr_Level2_4deg_landharmonized_v2_compact_float32.rds","Monthly precipitation standard deviation","mm month-1","Pohl et al. 2022, land-harmonized to PALEOMAP PaleoDEM","Pohl monthly-derived climate variables from the original Level 2 workflow, land-harmonized to the PALEOMAP PaleoDEM land mask. Missing Pohl values on PALEOMAP land were filled from the nearest finite PALEOMAP-land Pohl cell using spherical-coordinate nearest-neighbour search; for continuous variables only, the filled cells were then smoothed with a 3 by 3 local mean while original finite cells were left unchanged. Ocean cells were masked to NA for terrestrial ecology use. Fill counts are recorded in land_harmonization_gapfill_audit.csv. Four-degree product: area-weighted mean of finite source 1 degree cells.","Level2 gridded","1 degree Level 2 land-harmonized V2 product","4 degree","area-weighted mean of finite source 1 degree cells"
"P_seasonality_pohl_sd",525,4050,"4 degree lon/lat; lon centers -178..178; lat centers -88..88","C:/Users/Google/Documents/HMSC-HIST/Phanerozoic_Environment_540_0Ma_5Myr_4deg_landharmonized_v2/08_rds_export/Phanerozoic_Environment_540_0Ma_5Myr_Level2_4deg_landharmonized_v2_compact_float32.rds","Monthly precipitation standard deviation","mm month-1","Pohl et al. 2022, land-harmonized to PALEOMAP PaleoDEM","Pohl monthly-derived climate variables from the original Level 2 workflow, land-harmonized to the PALEOMAP PaleoDEM land mask. Missing Pohl values on PALEOMAP land were filled from the nearest finite PALEOMAP-land Pohl cell using spherical-coordinate nearest-neighbour search; for continuous variables only, the filled cells were then smoothed with a 3 by 3 local mean while original finite cells were left unchanged. Ocean cells were masked to NA for terrestrial ecology use. Fill counts are recorded in land_harmonization_gapfill_audit.csv. Four-degree product: area-weighted mean of finite source 1 degree cells.","Level2 gridded","1 degree Level 2 land-harmonized V2 product","4 degree","area-weighted mean of finite source 1 degree cells"
"P_seasonality_pohl_sd",520,4050,"4 degree lon/lat; lon centers -178..178; lat centers -88..88","C:/Users/Google/Documents/HMSC-HIST/Phanerozoic_Environment_540_0Ma_5Myr_4deg_landharmonized_v2/08_rds_export/Phanerozoic_Environment_540_0Ma_5Myr_Level2_4deg_landharmonized_v2_compact_float32.rds","Monthly precipitation standard deviation","mm month-1","Pohl et al. 2022, land-harmonized to PALEOMAP PaleoDEM","Pohl monthly-derived climate variables from the original Level 2 workflow, land-harmonized to the PALEOMAP PaleoDEM land mask. Missing Pohl values on PALEOMAP land were filled from the nearest finite PALEOMAP-land Pohl cell using spherical-coordinate nearest-neighbour search; for continuous variables only, the filled cells were then smoothed with a 3 by 3 local mean while original finite cells were left unchanged. Ocean cells were masked to NA for terrestrial ecology use. Fill counts are recorded in land_harmonization_gapfill_audit.csv. Four-degree product: area-weighted mean of finite source 1 degree cells.","Level2 gridded","1 degree Level 2 land-harmonized V2 product","4 degree","area-weighted mean of finite source 1 degree cells"
"P_seasonality_pohl_sd",515,4050,"4 degree lon/lat; lon centers -178..178; lat centers -88..88","C:/Users/Google/Documents/HMSC-HIST/Phanerozoic_Environment_540_0Ma_5Myr_4deg_landharmonized_v2/08_rds_export/Phanerozoic_Environment_540_0Ma_5Myr_Level2_4deg_landharmonized_v2_compact_float32.rds","Monthly precipitation standard deviation","mm month-1","Pohl et al. 2022, land-harmonized to PALEOMAP PaleoDEM","Pohl monthly-derived climate variables from the original Level 2 workflow, land-harmonized to the PALEOMAP PaleoDEM land mask. Missing Pohl values on PALEOMAP land were filled from the nearest finite PALEOMAP-land Pohl cell using spherical-coordinate nearest-neighbour search; for continuous variables only, the filled cells were then smoothed with a 3 by 3 local mean while original finite cells were left unchanged. Ocean cells were masked to NA for terrestrial ecology use. Fill counts are recorded in land_harmonization_gapfill_audit.csv. Four-degree product: area-weighted mean of finite source 1 degree cells.","Level2 gridded","1 degree Level 2 land-harmonized V2 product","4 degree","area-weighted mean of finite source 1 degree cells"
"P_seasonality_pohl_sd",510,4050,"4 degree lon/lat; lon centers -178..178; lat centers -88..88","C:/Users/Google/Documents/HMSC-HIST/Phanerozoic_Environment_540_0Ma_5Myr_4deg_landharmonized_v2/08_rds_export/Phanerozoic_Environment_540_0Ma_5Myr_Level2_4deg_landharmonized_v2_compact_float32.rds","Monthly precipitation standard deviation","mm month-1","Pohl et al. 2022, land-harmonized to PALEOMAP PaleoDEM","Pohl monthly-derived climate variables from the original Level 2 workflow, land-harmonized to the PALEOMAP PaleoDEM land mask. Missing Pohl values on PALEOMAP land were filled from the nearest finite PALEOMAP-land Pohl cell using spherical-coordinate nearest-neighbour search; for continuous variables only, the filled cells were then smoothed with a 3 by 3 local mean while original finite cells were left unchanged. Ocean cells were masked to NA for terrestrial ecology use. Fill counts are recorded in land_harmonization_gapfill_audit.csv. Four-degree product: area-weighted mean of finite source 1 degree cells.","Level2 gridded","1 degree Level 2 land-harmonized V2 product","4 degree","area-weighted mean of finite source 1 degree cells"
"P_seasonality_pohl_sd",505,4050,"4 degree lon/lat; lon centers -178..178; lat centers -88..88","C:/Users/Google/Documents/HMSC-HIST/Phanerozoic_Environment_540_0Ma_5Myr_4deg_landharmonized_v2/08_rds_export/Phanerozoic_Environment_540_0Ma_5Myr_Level2_4deg_landharmonized_v2_compact_float32.rds","Monthly precipitation standard deviation","mm month-1","Pohl et al. 2022, land-harmonized to PALEOMAP PaleoDEM","Pohl monthly-derived climate variables from the original Level 2 workflow, land-harmonized to the PALEOMAP PaleoDEM land mask. Missing Pohl values on PALEOMAP land were filled from the nearest finite PALEOMAP-land Pohl cell using spherical-coordinate nearest-neighbour search; for continuous variables only, the filled cells were then smoothed with a 3 by 3 local mean while original finite cells were left unchanged. Ocean cells were masked to NA for terrestrial ecology use. Fill counts are recorded in land_harmonization_gapfill_audit.csv. Four-degree product: area-weighted mean of finite source 1 degree cells.","Level2 gridded","1 degree Level 2 land-harmonized V2 product","4 degree","area-weighted mean of finite source 1 degree cells"
"P_seasonality_pohl_sd",500,4050,"4 degree lon/lat; lon centers -178..178; lat centers -88..88","C:/Users/Google/Documents/HMSC-HIST/Phanerozoic_Environment_540_0Ma_5Myr_4deg_landharmonized_v2/08_rds_export/Phanerozoic_Environment_540_0Ma_5Myr_Level2_4deg_landharmonized_v2_compact_float32.rds","Monthly precipitation standard deviation","mm month-1","Pohl et al. 2022, land-harmonized to PALEOMAP PaleoDEM","Pohl monthly-derived climate variables from the original Level 2 workflow, land-harmonized to the PALEOMAP PaleoDEM land mask. Missing Pohl values on PALEOMAP land were filled from the nearest finite PALEOMAP-land Pohl cell using spherical-coordinate nearest-neighbour search; for continuous variables only, the filled cells were then smoothed with a 3 by 3 local mean while original finite cells were left unchanged. Ocean cells were masked to NA for terrestrial ecology use. Fill counts are recorded in land_harmonization_gapfill_audit.csv. Four-degree product: area-weighted mean of finite source 1 degree cells.","Level2 gridded","1 degree Level 2 land-harmonized V2 product","4 degree","area-weighted mean of finite source 1 degree cells"
"P_seasonality_pohl_sd",495,4050,"4 degree lon/lat; lon centers -178..178; lat centers -88..88","C:/Users/Google/Documents/HMSC-HIST/Phanerozoic_Environment_540_0Ma_5Myr_4deg_landharmonized_v2/08_rds_export/Phanerozoic_Environment_540_0Ma_5Myr_Level2_4deg_landharmonized_v2_compact_float32.rds","Monthly precipitation standard deviation","mm month-1","Pohl et al. 2022, land-harmonized to PALEOMAP PaleoDEM","Pohl monthly-derived climate variables from the original Level 2 workflow, land-harmonized to the PALEOMAP PaleoDEM land mask. Missing Pohl values on PALEOMAP land were filled from the nearest finite PALEOMAP-land Pohl cell using spherical-coordinate nearest-neighbour search; for continuous variables only, the filled cells were then smoothed with a 3 by 3 local mean while original finite cells were left unchanged. Ocean cells were masked to NA for terrestrial ecology use. Fill counts are recorded in land_harmonization_gapfill_audit.csv. Four-degree product: area-weighted mean of finite source 1 degree cells.","Level2 gridded","1 degree Level 2 land-harmonized V2 product","4 degree","area-weighted mean of finite source 1 degree cells"
"P_seasonality_pohl_sd",490,4050,"4 degree lon/lat; lon centers -178..178; lat centers -88..88","C:/Users/Google/Documents/HMSC-HIST/Phanerozoic_Environment_540_0Ma_5Myr_4deg_landharmonized_v2/08_rds_export/Phanerozoic_Environment_540_0Ma_5Myr_Level2_4deg_landharmonized_v2_compact_float32.rds","Monthly precipitation standard deviation","mm month-1","Pohl et al. 2022, land-harmonized to PALEOMAP PaleoDEM","Pohl monthly-derived climate variables from the original Level 2 workflow, land-harmonized to the PALEOMAP PaleoDEM land mask. Missing Pohl values on PALEOMAP land were filled from the nearest finite PALEOMAP-land Pohl cell using spherical-coordinate nearest-neighbour search; for continuous variables only, the filled cells were then smoothed with a 3 by 3 local mean while original finite cells were left unchanged. Ocean cells were masked to NA for terrestrial ecology use. Fill counts are recorded in land_harmonization_gapfill_audit.csv. Four-degree product: area-weighted mean of finite source 1 degree cells.","Level2 gridded","1 degree Level 2 land-harmonized V2 product","4 degree","area-weighted mean of finite source 1 degree cells"
"P_seasonality_pohl_sd",485,4050,"4 degree lon/lat; lon centers -178..178; lat centers -88..88","C:/Users/Google/Documents/HMSC-HIST/Phanerozoic_Environment_540_0Ma_5Myr_4deg_landharmonized_v2/08_rds_export/Phanerozoic_Environment_540_0Ma_5Myr_Level2_4deg_landharmonized_v2_compact_float32.rds","Monthly precipitation standard deviation","mm month-1","Pohl et al. 2022, land-harmonized to PALEOMAP PaleoDEM","Pohl monthly-derived climate variables from the original Level 2 workflow, land-harmonized to the PALEOMAP PaleoDEM land mask. Missing Pohl values on PALEOMAP land were filled from the nearest finite PALEOMAP-land Pohl cell using spherical-coordinate nearest-neighbour search; for continuous variables only, the filled cells were then smoothed with a 3 by 3 local mean while original finite cells were left unchanged. Ocean cells were masked to NA for terrestrial ecology use. Fill counts are recorded in land_harmonization_gapfill_audit.csv. Four-degree product: area-weighted mean of finite source 1 degree cells.","Level2 gridded","1 degree Level 2 land-harmonized V2 product","4 degree","area-weighted mean of finite source 1 degree cells"
"P_seasonality_pohl_sd",480,4050,"4 degree lon/lat; lon centers -178..178; lat centers -88..88","C:/Users/Google/Documents/HMSC-HIST/Phanerozoic_Environment_540_0Ma_5Myr_4deg_landharmonized_v2/08_rds_export/Phanerozoic_Environment_540_0Ma_5Myr_Level2_4deg_landharmonized_v2_compact_float32.rds","Monthly precipitation standard deviation","mm month-1","Pohl et al. 2022, land-harmonized to PALEOMAP PaleoDEM","Pohl monthly-derived climate variables from the original Level 2 workflow, land-harmonized to the PALEOMAP PaleoDEM land mask. Missing Pohl values on PALEOMAP land were filled from the nearest finite PALEOMAP-land Pohl cell using spherical-coordinate nearest-neighbour search; for continuous variables only, the filled cells were then smoothed with a 3 by 3 local mean while original finite cells were left unchanged. Ocean cells were masked to NA for terrestrial ecology use. Fill counts are recorded in land_harmonization_gapfill_audit.csv. Four-degree product: area-weighted mean of finite source 1 degree cells.","Level2 gridded","1 degree Level 2 land-harmonized V2 product","4 degree","area-weighted mean of finite source 1 degree cells"
"P_seasonality_pohl_sd",475,4050,"4 degree lon/lat; lon centers -178..178; lat centers -88..88","C:/Users/Google/Documents/HMSC-HIST/Phanerozoic_Environment_540_0Ma_5Myr_4deg_landharmonized_v2/08_rds_export/Phanerozoic_Environment_540_0Ma_5Myr_Level2_4deg_landharmonized_v2_compact_float32.rds","Monthly precipitation standard deviation","mm month-1","Pohl et al. 2022, land-harmonized to PALEOMAP PaleoDEM","Pohl monthly-derived climate variables from the original Level 2 workflow, land-harmonized to the PALEOMAP PaleoDEM land mask. Missing Pohl values on PALEOMAP land were filled from the nearest finite PALEOMAP-land Pohl cell using spherical-coordinate nearest-neighbour search; for continuous variables only, the filled cells were then smoothed with a 3 by 3 local mean while original finite cells were left unchanged. Ocean cells were masked to NA for terrestrial ecology use. Fill counts are recorded in land_harmonization_gapfill_audit.csv. Four-degree product: area-weighted mean of finite source 1 degree cells.","Level2 gridded","1 degree Level 2 land-harmonized V2 product","4 degree","area-weighted mean of finite source 1 degree cells"
"P_seasonality_pohl_sd",470,4050,"4 degree lon/lat; lon centers -178..178; lat centers -88..88","C:/Users/Google/Documents/HMSC-HIST/Phanerozoic_Environment_540_0Ma_5Myr_4deg_landharmonized_v2/08_rds_export/Phanerozoic_Environment_540_0Ma_5Myr_Level2_4deg_landharmonized_v2_compact_float32.rds","Monthly precipitation standard deviation","mm month-1","Pohl et al. 2022, land-harmonized to PALEOMAP PaleoDEM","Pohl monthly-derived climate variables from the original Level 2 workflow, land-harmonized to the PALEOMAP PaleoDEM land mask. Missing Pohl values on PALEOMAP land were filled from the nearest finite PALEOMAP-land Pohl cell using spherical-coordinate nearest-neighbour search; for continuous variables only, the filled cells were then smoothed with a 3 by 3 local mean while original finite cells were left unchanged. Ocean cells were masked to NA for terrestrial ecology use. Fill counts are recorded in land_harmonization_gapfill_audit.csv. Four-degree product: area-weighted mean of finite source 1 degree cells.","Level2 gridded","1 degree Level 2 land-harmonized V2 product","4 degree","area-weighted mean of finite source 1 degree cells"
"P_seasonality_pohl_sd",465,4050,"4 degree lon/lat; lon centers -178..178; lat centers -88..88","C:/Users/Google/Documents/HMSC-HIST/Phanerozoic_Environment_540_0Ma_5Myr_4deg_landharmonized_v2/08_rds_export/Phanerozoic_Environment_540_0Ma_5Myr_Level2_4deg_landharmonized_v2_compact_float32.rds","Monthly precipitation standard deviation","mm month-1","Pohl et al. 2022, land-harmonized to PALEOMAP PaleoDEM","Pohl monthly-derived climate variables from the original Level 2 workflow, land-harmonized to the PALEOMAP PaleoDEM land mask. Missing Pohl values on PALEOMAP land were filled from the nearest finite PALEOMAP-land Pohl cell using spherical-coordinate nearest-neighbour search; for continuous variables only, the filled cells were then smoothed with a 3 by 3 local mean while original finite cells were left unchanged. Ocean cells were masked to NA for terrestrial ecology use. Fill counts are recorded in land_harmonization_gapfill_audit.csv. Four-degree product: area-weighted mean of finite source 1 degree cells.","Level2 gridded","1 degree Level 2 land-harmonized V2 product","4 degree","area-weighted mean of finite source 1 degree cells"
"P_seasonality_pohl_sd",460,4050,"4 degree lon/lat; lon centers -178..178; lat centers -88..88","C:/Users/Google/Documents/HMSC-HIST/Phanerozoic_Environment_540_0Ma_5Myr_4deg_landharmonized_v2/08_rds_export/Phanerozoic_Environment_540_0Ma_5Myr_Level2_4deg_landharmonized_v2_compact_float32.rds","Monthly precipitation standard deviation","mm month-1","Pohl et al. 2022, land-harmonized to PALEOMAP PaleoDEM","Pohl monthly-derived climate variables from the original Level 2 workflow, land-harmonized to the PALEOMAP PaleoDEM land mask. Missing Pohl values on PALEOMAP land were filled from the nearest finite PALEOMAP-land Pohl cell using spherical-coordinate nearest-neighbour search; for continuous variables only, the filled cells were then smoothed with a 3 by 3 local mean while original finite cells were left unchanged. Ocean cells were masked to NA for terrestrial ecology use. Fill counts are recorded in land_harmonization_gapfill_audit.csv. Four-degree product: area-weighted mean of finite source 1 degree cells.","Level2 gridded","1 degree Level 2 land-harmonized V2 product","4 degree","area-weighted mean of finite source 1 degree cells"
"P_seasonality_pohl_sd",455,4050,"4 degree lon/lat; lon centers -178..178; lat centers -88..88","C:/Users/Google/Documents/HMSC-HIST/Phanerozoic_Environment_540_0Ma_5Myr_4deg_landharmonized_v2/08_rds_export/Phanerozoic_Environment_540_0Ma_5Myr_Level2_4deg_landharmonized_v2_compact_float32.rds","Monthly precipitation standard deviation","mm month-1","Pohl et al. 2022, land-harmonized to PALEOMAP PaleoDEM","Pohl monthly-derived climate variables from the original Level 2 workflow, land-harmonized to the PALEOMAP PaleoDEM land mask. Missing Pohl values on PALEOMAP land were filled from the nearest finite PALEOMAP-land Pohl cell using spherical-coordinate nearest-neighbour search; for continuous variables only, the filled cells were then smoothed with a 3 by 3 local mean while original finite cells were left unchanged. Ocean cells were masked to NA for terrestrial ecology use. Fill counts are recorded in land_harmonization_gapfill_audit.csv. Four-degree product: area-weighted mean of finite source 1 degree cells.","Level2 gridded","1 degree Level 2 land-harmonized V2 product","4 degree","area-weighted mean of finite source 1 degree cells"
"P_seasonality_pohl_sd",450,4050,"4 degree lon/lat; lon centers -178..178; lat centers -88..88","C:/Users/Google/Documents/HMSC-HIST/Phanerozoic_Environment_540_0Ma_5Myr_4deg_landharmonized_v2/08_rds_export/Phanerozoic_Environment_540_0Ma_5Myr_Level2_4deg_landharmonized_v2_compact_float32.rds","Monthly precipitation standard deviation","mm month-1","Pohl et al. 2022, land-harmonized to PALEOMAP PaleoDEM","Pohl monthly-derived climate variables from the original Level 2 workflow, land-harmonized to the PALEOMAP PaleoDEM land mask. Missing Pohl values on PALEOMAP land were filled from the nearest finite PALEOMAP-land Pohl cell using spherical-coordinate nearest-neighbour search; for continuous variables only, the filled cells were then smoothed with a 3 by 3 local mean while original finite cells were left unchanged. Ocean cells were masked to NA for terrestrial ecology use. Fill counts are recorded in land_harmonization_gapfill_audit.csv. Four-degree product: area-weighted mean of finite source 1 degree cells.","Level2 gridded","1 degree Level 2 land-harmonized V2 product","4 degree","area-weighted mean of finite source 1 degree cells"
"P_seasonality_pohl_sd",445,4050,"4 degree lon/lat; lon centers -178..178; lat centers -88..88","C:/Users/Google/Documents/HMSC-HIST/Phanerozoic_Environment_540_0Ma_5Myr_4deg_landharmonized_v2/08_rds_export/Phanerozoic_Environment_540_0Ma_5Myr_Level2_4deg_landharmonized_v2_compact_float32.rds","Monthly precipitation standard deviation","mm month-1","Pohl et al. 2022, land-harmonized to PALEOMAP PaleoDEM","Pohl monthly-derived climate variables from the original Level 2 workflow, land-harmonized to the PALEOMAP PaleoDEM land mask. Missing Pohl values on PALEOMAP land were filled from the nearest finite PALEOMAP-land Pohl cell using spherical-coordinate nearest-neighbour search; for continuous variables only, the filled cells were then smoothed with a 3 by 3 local mean while original finite cells were left unchanged. Ocean cells were masked to NA for terrestrial ecology use. Fill counts are recorded in land_harmonization_gapfill_audit.csv. Four-degree product: area-weighted mean of finite source 1 degree cells.","Level2 gridded","1 degree Level 2 land-harmonized V2 product","4 degree","area-weighted mean of finite source 1 degree cells"
"P_seasonality_pohl_sd",440,4050,"4 degree lon/lat; lon centers -178..178; lat centers -88..88","C:/Users/Google/Documents/HMSC-HIST/Phanerozoic_Environment_540_0Ma_5Myr_4deg_landharmonized_v2/08_rds_export/Phanerozoic_Environment_540_0Ma_5Myr_Level2_4deg_landharmonized_v2_compact_float32.rds","Monthly precipitation standard deviation","mm month-1","Pohl et al. 2022, land-harmonized to PALEOMAP PaleoDEM","Pohl monthly-derived climate variables from the original Level 2 workflow, land-harmonized to the PALEOMAP PaleoDEM land mask. Missing Pohl values on PALEOMAP land were filled from the nearest finite PALEOMAP-land Pohl cell using spherical-coordinate nearest-neighbour search; for continuous variables only, the filled cells were then smoothed with a 3 by 3 local mean while original finite cells were left unchanged. Ocean cells were masked to NA for terrestrial ecology use. Fill counts are recorded in land_harmonization_gapfill_audit.csv. Four-degree product: area-weighted mean of finite source 1 degree cells.","Level2 gridded","1 degree Level 2 land-harmonized V2 product","4 degree","area-weighted mean of finite source 1 degree cells"
"P_seasonality_pohl_sd",435,4050,"4 degree lon/lat; lon centers -178..178; lat centers -88..88","C:/Users/Google/Documents/HMSC-HIST/Phanerozoic_Environment_540_0Ma_5Myr_4deg_landharmonized_v2/08_rds_export/Phanerozoic_Environment_540_0Ma_5Myr_Level2_4deg_landharmonized_v2_compact_float32.rds","Monthly precipitation standard deviation","mm month-1","Pohl et al. 2022, land-harmonized to PALEOMAP PaleoDEM","Pohl monthly-derived climate variables from the original Level 2 workflow, land-harmonized to the PALEOMAP PaleoDEM land mask. Missing Pohl values on PALEOMAP land were filled from the nearest finite PALEOMAP-land Pohl cell using spherical-coordinate nearest-neighbour search; for continuous variables only, the filled cells were then smoothed with a 3 by 3 local mean while original finite cells were left unchanged. Ocean cells were masked to NA for terrestrial ecology use. Fill counts are recorded in land_harmonization_gapfill_audit.csv. Four-degree product: area-weighted mean of finite source 1 degree cells.","Level2 gridded","1 degree Level 2 land-harmonized V2 product","4 degree","area-weighted mean of finite source 1 degree cells"
"P_seasonality_pohl_sd",430,4050,"4 degree lon/lat; lon centers -178..178; lat centers -88..88","C:/Users/Google/Documents/HMSC-HIST/Phanerozoic_Environment_540_0Ma_5Myr_4deg_landharmonized_v2/08_rds_export/Phanerozoic_Environment_540_0Ma_5Myr_Level2_4deg_landharmonized_v2_compact_float32.rds","Monthly precipitation standard deviation","mm month-1","Pohl et al. 2022, land-harmonized to PALEOMAP PaleoDEM","Pohl monthly-derived climate variables from the original Level 2 workflow, land-harmonized to the PALEOMAP PaleoDEM land mask. Missing Pohl values on PALEOMAP land were filled from the nearest finite PALEOMAP-land Pohl cell using spherical-coordinate nearest-neighbour search; for continuous variables only, the filled cells were then smoothed with a 3 by 3 local mean while original finite cells were left unchanged. Ocean cells were masked to NA for terrestrial ecology use. Fill counts are recorded in land_harmonization_gapfill_audit.csv. Four-degree product: area-weighted mean of finite source 1 degree cells.","Level2 gridded","1 degree Level 2 land-harmonized V2 product","4 degree","area-weighted mean of finite source 1 degree cells"
"P_seasonality_pohl_sd",425,4050,"4 degree lon/lat; lon centers -178..178; lat centers -88..88","C:/Users/Google/Documents/HMSC-HIST/Phanerozoic_Environment_540_0Ma_5Myr_4deg_landharmonized_v2/08_rds_export/Phanerozoic_Environment_540_0Ma_5Myr_Level2_4deg_landharmonized_v2_compact_float32.rds","Monthly precipitation standard deviation","mm month-1","Pohl et al. 2022, land-harmonized to PALEOMAP PaleoDEM","Pohl monthly-derived climate variables from the original Level 2 workflow, land-harmonized to the PALEOMAP PaleoDEM land mask. Missing Pohl values on PALEOMAP land were filled from the nearest finite PALEOMAP-land Pohl cell using spherical-coordinate nearest-neighbour search; for continuous variables only, the filled cells were then smoothed with a 3 by 3 local mean while original finite cells were left unchanged. Ocean cells were masked to NA for terrestrial ecology use. Fill counts are recorded in land_harmonization_gapfill_audit.csv. Four-degree product: area-weighted mean of finite source 1 degree cells.","Level2 gridded","1 degree Level 2 land-harmonized V2 product","4 degree","area-weighted mean of finite source 1 degree cells"
"P_seasonality_pohl_sd",420,4050,"4 degree lon/lat; lon centers -178..178; lat centers -88..88","C:/Users/Google/Documents/HMSC-HIST/Phanerozoic_Environment_540_0Ma_5Myr_4deg_landharmonized_v2/08_rds_export/Phanerozoic_Environment_540_0Ma_5Myr_Level2_4deg_landharmonized_v2_compact_float32.rds","Monthly precipitation standard deviation","mm month-1","Pohl et al. 2022, land-harmonized to PALEOMAP PaleoDEM","Pohl monthly-derived climate variables from the original Level 2 workflow, land-harmonized to the PALEOMAP PaleoDEM land mask. Missing Pohl values on PALEOMAP land were filled from the nearest finite PALEOMAP-land Pohl cell using spherical-coordinate nearest-neighbour search; for continuous variables only, the filled cells were then smoothed with a 3 by 3 local mean while original finite cells were left unchanged. Ocean cells were masked to NA for terrestrial ecology use. Fill counts are recorded in land_harmonization_gapfill_audit.csv. Four-degree product: area-weighted mean of finite source 1 degree cells.","Level2 gridded","1 degree Level 2 land-harmonized V2 product","4 degree","area-weighted mean of finite source 1 degree cells"
"P_seasonality_pohl_sd",415,4050,"4 degree lon/lat; lon centers -178..178; lat centers -88..88","C:/Users/Google/Documents/HMSC-HIST/Phanerozoic_Environment_540_0Ma_5Myr_4deg_landharmonized_v2/08_rds_export/Phanerozoic_Environment_540_0Ma_5Myr_Level2_4deg_landharmonized_v2_compact_float32.rds","Monthly precipitation standard deviation","mm month-1","Pohl et al. 2022, land-harmonized to PALEOMAP PaleoDEM","Pohl monthly-derived climate variables from the original Level 2 workflow, land-harmonized to the PALEOMAP PaleoDEM land mask. Missing Pohl values on PALEOMAP land were filled from the nearest finite PALEOMAP-land Pohl cell using spherical-coordinate nearest-neighbour search; for continuous variables only, the filled cells were then smoothed with a 3 by 3 local mean while original finite cells were left unchanged. Ocean cells were masked to NA for terrestrial ecology use. Fill counts are recorded in land_harmonization_gapfill_audit.csv. Four-degree product: area-weighted mean of finite source 1 degree cells.","Level2 gridded","1 degree Level 2 land-harmonized V2 product","4 degree","area-weighted mean of finite source 1 degree cells"
"P_seasonality_pohl_sd",410,4050,"4 degree lon/lat; lon centers -178..178; lat centers -88..88","C:/Users/Google/Documents/HMSC-HIST/Phanerozoic_Environment_540_0Ma_5Myr_4deg_landharmonized_v2/08_rds_export/Phanerozoic_Environment_540_0Ma_5Myr_Level2_4deg_landharmonized_v2_compact_float32.rds","Monthly precipitation standard deviation","mm month-1","Pohl et al. 2022, land-harmonized to PALEOMAP PaleoDEM","Pohl monthly-derived climate variables from the original Level 2 workflow, land-harmonized to the PALEOMAP PaleoDEM land mask. Missing Pohl values on PALEOMAP land were filled from the nearest finite PALEOMAP-land Pohl cell using spherical-coordinate nearest-neighbour search; for continuous variables only, the filled cells were then smoothed with a 3 by 3 local mean while original finite cells were left unchanged. Ocean cells were masked to NA for terrestrial ecology use. Fill counts are recorded in land_harmonization_gapfill_audit.csv. Four-degree product: area-weighted mean of finite source 1 degree cells.","Level2 gridded","1 degree Level 2 land-harmonized V2 product","4 degree","area-weighted mean of finite source 1 degree cells"
"P_seasonality_pohl_sd",405,4050,"4 degree lon/lat; lon centers -178..178; lat centers -88..88","C:/Users/Google/Documents/HMSC-HIST/Phanerozoic_Environment_540_0Ma_5Myr_4deg_landharmonized_v2/08_rds_export/Phanerozoic_Environment_540_0Ma_5Myr_Level2_4deg_landharmonized_v2_compact_float32.rds","Monthly precipitation standard deviation","mm month-1","Pohl et al. 2022, land-harmonized to PALEOMAP PaleoDEM","Pohl monthly-derived climate variables from the original Level 2 workflow, land-harmonized to the PALEOMAP PaleoDEM land mask. Missing Pohl values on PALEOMAP land were filled from the nearest finite PALEOMAP-land Pohl cell using spherical-coordinate nearest-neighbour search; for continuous variables only, the filled cells were then smoothed with a 3 by 3 local mean while original finite cells were left unchanged. Ocean cells were masked to NA for terrestrial ecology use. Fill counts are recorded in land_harmonization_gapfill_audit.csv. Four-degree product: area-weighted mean of finite source 1 degree cells.","Level2 gridded","1 degree Level 2 land-harmonized V2 product","4 degree","area-weighted mean of finite source 1 degree cells"
"P_seasonality_pohl_sd",400,4050,"4 degree lon/lat; lon centers -178..178; lat centers -88..88","C:/Users/Google/Documents/HMSC-HIST/Phanerozoic_Environment_540_0Ma_5Myr_4deg_landharmonized_v2/08_rds_export/Phanerozoic_Environment_540_0Ma_5Myr_Level2_4deg_landharmonized_v2_compact_float32.rds","Monthly precipitation standard deviation","mm month-1","Pohl et al. 2022, land-harmonized to PALEOMAP PaleoDEM","Pohl monthly-derived climate variables from the original Level 2 workflow, land-harmonized to the PALEOMAP PaleoDEM land mask. Missing Pohl values on PALEOMAP land were filled from the nearest finite PALEOMAP-land Pohl cell using spherical-coordinate nearest-neighbour search; for continuous variables only, the filled cells were then smoothed with a 3 by 3 local mean while original finite cells were left unchanged. Ocean cells were masked to NA for terrestrial ecology use. Fill counts are recorded in land_harmonization_gapfill_audit.csv. Four-degree product: area-weighted mean of finite source 1 degree cells.","Level2 gridded","1 degree Level 2 land-harmonized V2 product","4 degree","area-weighted mean of finite source 1 degree cells"
"P_seasonality_pohl_sd",395,4050,"4 degree lon/lat; lon centers -178..178; lat centers -88..88","C:/Users/Google/Documents/HMSC-HIST/Phanerozoic_Environment_540_0Ma_5Myr_4deg_landharmonized_v2/08_rds_export/Phanerozoic_Environment_540_0Ma_5Myr_Level2_4deg_landharmonized_v2_compact_float32.rds","Monthly precipitation standard deviation","mm month-1","Pohl et al. 2022, land-harmonized to PALEOMAP PaleoDEM","Pohl monthly-derived climate variables from the original Level 2 workflow, land-harmonized to the PALEOMAP PaleoDEM land mask. Missing Pohl values on PALEOMAP land were filled from the nearest finite PALEOMAP-land Pohl cell using spherical-coordinate nearest-neighbour search; for continuous variables only, the filled cells were then smoothed with a 3 by 3 local mean while original finite cells were left unchanged. Ocean cells were masked to NA for terrestrial ecology use. Fill counts are recorded in land_harmonization_gapfill_audit.csv. Four-degree product: area-weighted mean of finite source 1 degree cells.","Level2 gridded","1 degree Level 2 land-harmonized V2 product","4 degree","area-weighted mean of finite source 1 degree cells"
"P_seasonality_pohl_sd",390,4050,"4 degree lon/lat; lon centers -178..178; lat centers -88..88","C:/Users/Google/Documents/HMSC-HIST/Phanerozoic_Environment_540_0Ma_5Myr_4deg_landharmonized_v2/08_rds_export/Phanerozoic_Environment_540_0Ma_5Myr_Level2_4deg_landharmonized_v2_compact_float32.rds","Monthly precipitation standard deviation","mm month-1","Pohl et al. 2022, land-harmonized to PALEOMAP PaleoDEM","Pohl monthly-derived climate variables from the original Level 2 workflow, land-harmonized to the PALEOMAP PaleoDEM land mask. Missing Pohl values on PALEOMAP land were filled from the nearest finite PALEOMAP-land Pohl cell using spherical-coordinate nearest-neighbour search; for continuous variables only, the filled cells were then smoothed with a 3 by 3 local mean while original finite cells were left unchanged. Ocean cells were masked to NA for terrestrial ecology use. Fill counts are recorded in land_harmonization_gapfill_audit.csv. Four-degree product: area-weighted mean of finite source 1 degree cells.","Level2 gridded","1 degree Level 2 land-harmonized V2 product","4 degree","area-weighted mean of finite source 1 degree cells"
"P_seasonality_pohl_sd",385,4050,"4 degree lon/lat; lon centers -178..178; lat centers -88..88","C:/Users/Google/Documents/HMSC-HIST/Phanerozoic_Environment_540_0Ma_5Myr_4deg_landharmonized_v2/08_rds_export/Phanerozoic_Environment_540_0Ma_5Myr_Level2_4deg_landharmonized_v2_compact_float32.rds","Monthly precipitation standard deviation","mm month-1","Pohl et al. 2022, land-harmonized to PALEOMAP PaleoDEM","Pohl monthly-derived climate variables from the original Level 2 workflow, land-harmonized to the PALEOMAP PaleoDEM land mask. Missing Pohl values on PALEOMAP land were filled from the nearest finite PALEOMAP-land Pohl cell using spherical-coordinate nearest-neighbour search; for continuous variables only, the filled cells were then smoothed with a 3 by 3 local mean while original finite cells were left unchanged. Ocean cells were masked to NA for terrestrial ecology use. Fill counts are recorded in land_harmonization_gapfill_audit.csv. Four-degree product: area-weighted mean of finite source 1 degree cells.","Level2 gridded","1 degree Level 2 land-harmonized V2 product","4 degree","area-weighted mean of finite source 1 degree cells"
"P_seasonality_pohl_sd",380,4050,"4 degree lon/lat; lon centers -178..178; lat centers -88..88","C:/Users/Google/Documents/HMSC-HIST/Phanerozoic_Environment_540_0Ma_5Myr_4deg_landharmonized_v2/08_rds_export/Phanerozoic_Environment_540_0Ma_5Myr_Level2_4deg_landharmonized_v2_compact_float32.rds","Monthly precipitation standard deviation","mm month-1","Pohl et al. 2022, land-harmonized to PALEOMAP PaleoDEM","Pohl monthly-derived climate variables from the original Level 2 workflow, land-harmonized to the PALEOMAP PaleoDEM land mask. Missing Pohl values on PALEOMAP land were filled from the nearest finite PALEOMAP-land Pohl cell using spherical-coordinate nearest-neighbour search; for continuous variables only, the filled cells were then smoothed with a 3 by 3 local mean while original finite cells were left unchanged. Ocean cells were masked to NA for terrestrial ecology use. Fill counts are recorded in land_harmonization_gapfill_audit.csv. Four-degree product: area-weighted mean of finite source 1 degree cells.","Level2 gridded","1 degree Level 2 land-harmonized V2 product","4 degree","area-weighted mean of finite source 1 degree cells"
"P_seasonality_pohl_sd",375,4050,"4 degree lon/lat; lon centers -178..178; lat centers -88..88","C:/Users/Google/Documents/HMSC-HIST/Phanerozoic_Environment_540_0Ma_5Myr_4deg_landharmonized_v2/08_rds_export/Phanerozoic_Environment_540_0Ma_5Myr_Level2_4deg_landharmonized_v2_compact_float32.rds","Monthly precipitation standard deviation","mm month-1","Pohl et al. 2022, land-harmonized to PALEOMAP PaleoDEM","Pohl monthly-derived climate variables from the original Level 2 workflow, land-harmonized to the PALEOMAP PaleoDEM land mask. Missing Pohl values on PALEOMAP land were filled from the nearest finite PALEOMAP-land Pohl cell using spherical-coordinate nearest-neighbour search; for continuous variables only, the filled cells were then smoothed with a 3 by 3 local mean while original finite cells were left unchanged. Ocean cells were masked to NA for terrestrial ecology use. Fill counts are recorded in land_harmonization_gapfill_audit.csv. Four-degree product: area-weighted mean of finite source 1 degree cells.","Level2 gridded","1 degree Level 2 land-harmonized V2 product","4 degree","area-weighted mean of finite source 1 degree cells"
"P_seasonality_pohl_sd",370,4050,"4 degree lon/lat; lon centers -178..178; lat centers -88..88","C:/Users/Google/Documents/HMSC-HIST/Phanerozoic_Environment_540_0Ma_5Myr_4deg_landharmonized_v2/08_rds_export/Phanerozoic_Environment_540_0Ma_5Myr_Level2_4deg_landharmonized_v2_compact_float32.rds","Monthly precipitation standard deviation","mm month-1","Pohl et al. 2022, land-harmonized to PALEOMAP PaleoDEM","Pohl monthly-derived climate variables from the original Level 2 workflow, land-harmonized to the PALEOMAP PaleoDEM land mask. Missing Pohl values on PALEOMAP land were filled from the nearest finite PALEOMAP-land Pohl cell using spherical-coordinate nearest-neighbour search; for continuous variables only, the filled cells were then smoothed with a 3 by 3 local mean while original finite cells were left unchanged. Ocean cells were masked to NA for terrestrial ecology use. Fill counts are recorded in land_harmonization_gapfill_audit.csv. Four-degree product: area-weighted mean of finite source 1 degree cells.","Level2 gridded","1 degree Level 2 land-harmonized V2 product","4 degree","area-weighted mean of finite source 1 degree cells"
"P_seasonality_pohl_sd",365,4050,"4 degree lon/lat; lon centers -178..178; lat centers -88..88","C:/Users/Google/Documents/HMSC-HIST/Phanerozoic_Environment_540_0Ma_5Myr_4deg_landharmonized_v2/08_rds_export/Phanerozoic_Environment_540_0Ma_5Myr_Level2_4deg_landharmonized_v2_compact_float32.rds","Monthly precipitation standard deviation","mm month-1","Pohl et al. 2022, land-harmonized to PALEOMAP PaleoDEM","Pohl monthly-derived climate variables from the original Level 2 workflow, land-harmonized to the PALEOMAP PaleoDEM land mask. Missing Pohl values on PALEOMAP land were filled from the nearest finite PALEOMAP-land Pohl cell using spherical-coordinate nearest-neighbour search; for continuous variables only, the filled cells were then smoothed with a 3 by 3 local mean while original finite cells were left unchanged. Ocean cells were masked to NA for terrestrial ecology use. Fill counts are recorded in land_harmonization_gapfill_audit.csv. Four-degree product: area-weighted mean of finite source 1 degree cells.","Level2 gridded","1 degree Level 2 land-harmonized V2 product","4 degree","area-weighted mean of finite source 1 degree cells"
"P_seasonality_pohl_sd",360,4050,"4 degree lon/lat; lon centers -178..178; lat centers -88..88","C:/Users/Google/Documents/HMSC-HIST/Phanerozoic_Environment_540_0Ma_5Myr_4deg_landharmonized_v2/08_rds_export/Phanerozoic_Environment_540_0Ma_5Myr_Level2_4deg_landharmonized_v2_compact_float32.rds","Monthly precipitation standard deviation","mm month-1","Pohl et al. 2022, land-harmonized to PALEOMAP PaleoDEM","Pohl monthly-derived climate variables from the original Level 2 workflow, land-harmonized to the PALEOMAP PaleoDEM land mask. Missing Pohl values on PALEOMAP land were filled from the nearest finite PALEOMAP-land Pohl cell using spherical-coordinate nearest-neighbour search; for continuous variables only, the filled cells were then smoothed with a 3 by 3 local mean while original finite cells were left unchanged. Ocean cells were masked to NA for terrestrial ecology use. Fill counts are recorded in land_harmonization_gapfill_audit.csv. Four-degree product: area-weighted mean of finite source 1 degree cells.","Level2 gridded","1 degree Level 2 land-harmonized V2 product","4 degree","area-weighted mean of finite source 1 degree cells"
"P_seasonality_pohl_sd",355,4050,"4 degree lon/lat; lon centers -178..178; lat centers -88..88","C:/Users/Google/Documents/HMSC-HIST/Phanerozoic_Environment_540_0Ma_5Myr_4deg_landharmonized_v2/08_rds_export/Phanerozoic_Environment_540_0Ma_5Myr_Level2_4deg_landharmonized_v2_compact_float32.rds","Monthly precipitation standard deviation","mm month-1","Pohl et al. 2022, land-harmonized to PALEOMAP PaleoDEM","Pohl monthly-derived climate variables from the original Level 2 workflow, land-harmonized to the PALEOMAP PaleoDEM land mask. Missing Pohl values on PALEOMAP land were filled from the nearest finite PALEOMAP-land Pohl cell using spherical-coordinate nearest-neighbour search; for continuous variables only, the filled cells were then smoothed with a 3 by 3 local mean while original finite cells were left unchanged. Ocean cells were masked to NA for terrestrial ecology use. Fill counts are recorded in land_harmonization_gapfill_audit.csv. Four-degree product: area-weighted mean of finite source 1 degree cells.","Level2 gridded","1 degree Level 2 land-harmonized V2 product","4 degree","area-weighted mean of finite source 1 degree cells"
"P_seasonality_pohl_sd",350,4050,"4 degree lon/lat; lon centers -178..178; lat centers -88..88","C:/Users/Google/Documents/HMSC-HIST/Phanerozoic_Environment_540_0Ma_5Myr_4deg_landharmonized_v2/08_rds_export/Phanerozoic_Environment_540_0Ma_5Myr_Level2_4deg_landharmonized_v2_compact_float32.rds","Monthly precipitation standard deviation","mm month-1","Pohl et al. 2022, land-harmonized to PALEOMAP PaleoDEM","Pohl monthly-derived climate variables from the original Level 2 workflow, land-harmonized to the PALEOMAP PaleoDEM land mask. Missing Pohl values on PALEOMAP land were filled from the nearest finite PALEOMAP-land Pohl cell using spherical-coordinate nearest-neighbour search; for continuous variables only, the filled cells were then smoothed with a 3 by 3 local mean while original finite cells were left unchanged. Ocean cells were masked to NA for terrestrial ecology use. Fill counts are recorded in land_harmonization_gapfill_audit.csv. Four-degree product: area-weighted mean of finite source 1 degree cells.","Level2 gridded","1 degree Level 2 land-harmonized V2 product","4 degree","area-weighted mean of finite source 1 degree cells"
"P_seasonality_pohl_sd",345,4050,"4 degree lon/lat; lon centers -178..178; lat centers -88..88","C:/Users/Google/Documents/HMSC-HIST/Phanerozoic_Environment_540_0Ma_5Myr_4deg_landharmonized_v2/08_rds_export/Phanerozoic_Environment_540_0Ma_5Myr_Level2_4deg_landharmonized_v2_compact_float32.rds","Monthly precipitation standard deviation","mm month-1","Pohl et al. 2022, land-harmonized to PALEOMAP PaleoDEM","Pohl monthly-derived climate variables from the original Level 2 workflow, land-harmonized to the PALEOMAP PaleoDEM land mask. Missing Pohl values on PALEOMAP land were filled from the nearest finite PALEOMAP-land Pohl cell using spherical-coordinate nearest-neighbour search; for continuous variables only, the filled cells were then smoothed with a 3 by 3 local mean while original finite cells were left unchanged. Ocean cells were masked to NA for terrestrial ecology use. Fill counts are recorded in land_harmonization_gapfill_audit.csv. Four-degree product: area-weighted mean of finite source 1 degree cells.","Level2 gridded","1 degree Level 2 land-harmonized V2 product","4 degree","area-weighted mean of finite source 1 degree cells"
"P_seasonality_pohl_sd",340,4050,"4 degree lon/lat; lon centers -178..178; lat centers -88..88","C:/Users/Google/Documents/HMSC-HIST/Phanerozoic_Environment_540_0Ma_5Myr_4deg_landharmonized_v2/08_rds_export/Phanerozoic_Environment_540_0Ma_5Myr_Level2_4deg_landharmonized_v2_compact_float32.rds","Monthly precipitation standard deviation","mm month-1","Pohl et al. 2022, land-harmonized to PALEOMAP PaleoDEM","Pohl monthly-derived climate variables from the original Level 2 workflow, land-harmonized to the PALEOMAP PaleoDEM land mask. Missing Pohl values on PALEOMAP land were filled from the nearest finite PALEOMAP-land Pohl cell using spherical-coordinate nearest-neighbour search; for continuous variables only, the filled cells were then smoothed with a 3 by 3 local mean while original finite cells were left unchanged. Ocean cells were masked to NA for terrestrial ecology use. Fill counts are recorded in land_harmonization_gapfill_audit.csv. Four-degree product: area-weighted mean of finite source 1 degree cells.","Level2 gridded","1 degree Level 2 land-harmonized V2 product","4 degree","area-weighted mean of finite source 1 degree cells"
"P_seasonality_pohl_sd",335,4050,"4 degree lon/lat; lon centers -178..178; lat centers -88..88","C:/Users/Google/Documents/HMSC-HIST/Phanerozoic_Environment_540_0Ma_5Myr_4deg_landharmonized_v2/08_rds_export/Phanerozoic_Environment_540_0Ma_5Myr_Level2_4deg_landharmonized_v2_compact_float32.rds","Monthly precipitation standard deviation","mm month-1","Pohl et al. 2022, land-harmonized to PALEOMAP PaleoDEM","Pohl monthly-derived climate variables from the original Level 2 workflow, land-harmonized to the PALEOMAP PaleoDEM land mask. Missing Pohl values on PALEOMAP land were filled from the nearest finite PALEOMAP-land Pohl cell using spherical-coordinate nearest-neighbour search; for continuous variables only, the filled cells were then smoothed with a 3 by 3 local mean while original finite cells were left unchanged. Ocean cells were masked to NA for terrestrial ecology use. Fill counts are recorded in land_harmonization_gapfill_audit.csv. Four-degree product: area-weighted mean of finite source 1 degree cells.","Level2 gridded","1 degree Level 2 land-harmonized V2 product","4 degree","area-weighted mean of finite source 1 degree cells"
"P_seasonality_pohl_sd",330,4050,"4 degree lon/lat; lon centers -178..178; lat centers -88..88","C:/Users/Google/Documents/HMSC-HIST/Phanerozoic_Environment_540_0Ma_5Myr_4deg_landharmonized_v2/08_rds_export/Phanerozoic_Environment_540_0Ma_5Myr_Level2_4deg_landharmonized_v2_compact_float32.rds","Monthly precipitation standard deviation","mm month-1","Pohl et al. 2022, land-harmonized to PALEOMAP PaleoDEM","Pohl monthly-derived climate variables from the original Level 2 workflow, land-harmonized to the PALEOMAP PaleoDEM land mask. Missing Pohl values on PALEOMAP land were filled from the nearest finite PALEOMAP-land Pohl cell using spherical-coordinate nearest-neighbour search; for continuous variables only, the filled cells were then smoothed with a 3 by 3 local mean while original finite cells were left unchanged. Ocean cells were masked to NA for terrestrial ecology use. Fill counts are recorded in land_harmonization_gapfill_audit.csv. Four-degree product: area-weighted mean of finite source 1 degree cells.","Level2 gridded","1 degree Level 2 land-harmonized V2 product","4 degree","area-weighted mean of finite source 1 degree cells"
"P_seasonality_pohl_sd",325,4050,"4 degree lon/lat; lon centers -178..178; lat centers -88..88","C:/Users/Google/Documents/HMSC-HIST/Phanerozoic_Environment_540_0Ma_5Myr_4deg_landharmonized_v2/08_rds_export/Phanerozoic_Environment_540_0Ma_5Myr_Level2_4deg_landharmonized_v2_compact_float32.rds","Monthly precipitation standard deviation","mm month-1","Pohl et al. 2022, land-harmonized to PALEOMAP PaleoDEM","Pohl monthly-derived climate variables from the original Level 2 workflow, land-harmonized to the PALEOMAP PaleoDEM land mask. Missing Pohl values on PALEOMAP land were filled from the nearest finite PALEOMAP-land Pohl cell using spherical-coordinate nearest-neighbour search; for continuous variables only, the filled cells were then smoothed with a 3 by 3 local mean while original finite cells were left unchanged. Ocean cells were masked to NA for terrestrial ecology use. Fill counts are recorded in land_harmonization_gapfill_audit.csv. Four-degree product: area-weighted mean of finite source 1 degree cells.","Level2 gridded","1 degree Level 2 land-harmonized V2 product","4 degree","area-weighted mean of finite source 1 degree cells"
"P_seasonality_pohl_sd",320,4050,"4 degree lon/lat; lon centers -178..178; lat centers -88..88","C:/Users/Google/Documents/HMSC-HIST/Phanerozoic_Environment_540_0Ma_5Myr_4deg_landharmonized_v2/08_rds_export/Phanerozoic_Environment_540_0Ma_5Myr_Level2_4deg_landharmonized_v2_compact_float32.rds","Monthly precipitation standard deviation","mm month-1","Pohl et al. 2022, land-harmonized to PALEOMAP PaleoDEM","Pohl monthly-derived climate variables from the original Level 2 workflow, land-harmonized to the PALEOMAP PaleoDEM land mask. Missing Pohl values on PALEOMAP land were filled from the nearest finite PALEOMAP-land Pohl cell using spherical-coordinate nearest-neighbour search; for continuous variables only, the filled cells were then smoothed with a 3 by 3 local mean while original finite cells were left unchanged. Ocean cells were masked to NA for terrestrial ecology use. Fill counts are recorded in land_harmonization_gapfill_audit.csv. Four-degree product: area-weighted mean of finite source 1 degree cells.","Level2 gridded","1 degree Level 2 land-harmonized V2 product","4 degree","area-weighted mean of finite source 1 degree cells"
"P_seasonality_pohl_sd",315,4050,"4 degree lon/lat; lon centers -178..178; lat centers -88..88","C:/Users/Google/Documents/HMSC-HIST/Phanerozoic_Environment_540_0Ma_5Myr_4deg_landharmonized_v2/08_rds_export/Phanerozoic_Environment_540_0Ma_5Myr_Level2_4deg_landharmonized_v2_compact_float32.rds","Monthly precipitation standard deviation","mm month-1","Pohl et al. 2022, land-harmonized to PALEOMAP PaleoDEM","Pohl monthly-derived climate variables from the original Level 2 workflow, land-harmonized to the PALEOMAP PaleoDEM land mask. Missing Pohl values on PALEOMAP land were filled from the nearest finite PALEOMAP-land Pohl cell using spherical-coordinate nearest-neighbour search; for continuous variables only, the filled cells were then smoothed with a 3 by 3 local mean while original finite cells were left unchanged. Ocean cells were masked to NA for terrestrial ecology use. Fill counts are recorded in land_harmonization_gapfill_audit.csv. Four-degree product: area-weighted mean of finite source 1 degree cells.","Level2 gridded","1 degree Level 2 land-harmonized V2 product","4 degree","area-weighted mean of finite source 1 degree cells"
"P_seasonality_pohl_sd",310,4050,"4 degree lon/lat; lon centers -178..178; lat centers -88..88","C:/Users/Google/Documents/HMSC-HIST/Phanerozoic_Environment_540_0Ma_5Myr_4deg_landharmonized_v2/08_rds_export/Phanerozoic_Environment_540_0Ma_5Myr_Level2_4deg_landharmonized_v2_compact_float32.rds","Monthly precipitation standard deviation","mm month-1","Pohl et al. 2022, land-harmonized to PALEOMAP PaleoDEM","Pohl monthly-derived climate variables from the original Level 2 workflow, land-harmonized to the PALEOMAP PaleoDEM land mask. Missing Pohl values on PALEOMAP land were filled from the nearest finite PALEOMAP-land Pohl cell using spherical-coordinate nearest-neighbour search; for continuous variables only, the filled cells were then smoothed with a 3 by 3 local mean while original finite cells were left unchanged. Ocean cells were masked to NA for terrestrial ecology use. Fill counts are recorded in land_harmonization_gapfill_audit.csv. Four-degree product: area-weighted mean of finite source 1 degree cells.","Level2 gridded","1 degree Level 2 land-harmonized V2 product","4 degree","area-weighted mean of finite source 1 degree cells"
"P_seasonality_pohl_sd",305,4050,"4 degree lon/lat; lon centers -178..178; lat centers -88..88","C:/Users/Google/Documents/HMSC-HIST/Phanerozoic_Environment_540_0Ma_5Myr_4deg_landharmonized_v2/08_rds_export/Phanerozoic_Environment_540_0Ma_5Myr_Level2_4deg_landharmonized_v2_compact_float32.rds","Monthly precipitation standard deviation","mm month-1","Pohl et al. 2022, land-harmonized to PALEOMAP PaleoDEM","Pohl monthly-derived climate variables from the original Level 2 workflow, land-harmonized to the PALEOMAP PaleoDEM land mask. Missing Pohl values on PALEOMAP land were filled from the nearest finite PALEOMAP-land Pohl cell using spherical-coordinate nearest-neighbour search; for continuous variables only, the filled cells were then smoothed with a 3 by 3 local mean while original finite cells were left unchanged. Ocean cells were masked to NA for terrestrial ecology use. Fill counts are recorded in land_harmonization_gapfill_audit.csv. Four-degree product: area-weighted mean of finite source 1 degree cells.","Level2 gridded","1 degree Level 2 land-harmonized V2 product","4 degree","area-weighted mean of finite source 1 degree cells"
"P_seasonality_pohl_sd",300,4050,"4 degree lon/lat; lon centers -178..178; lat centers -88..88","C:/Users/Google/Documents/HMSC-HIST/Phanerozoic_Environment_540_0Ma_5Myr_4deg_landharmonized_v2/08_rds_export/Phanerozoic_Environment_540_0Ma_5Myr_Level2_4deg_landharmonized_v2_compact_float32.rds","Monthly precipitation standard deviation","mm month-1","Pohl et al. 2022, land-harmonized to PALEOMAP PaleoDEM","Pohl monthly-derived climate variables from the original Level 2 workflow, land-harmonized to the PALEOMAP PaleoDEM land mask. Missing Pohl values on PALEOMAP land were filled from the nearest finite PALEOMAP-land Pohl cell using spherical-coordinate nearest-neighbour search; for continuous variables only, the filled cells were then smoothed with a 3 by 3 local mean while original finite cells were left unchanged. Ocean cells were masked to NA for terrestrial ecology use. Fill counts are recorded in land_harmonization_gapfill_audit.csv. Four-degree product: area-weighted mean of finite source 1 degree cells.","Level2 gridded","1 degree Level 2 land-harmonized V2 product","4 degree","area-weighted mean of finite source 1 degree cells"
"P_seasonality_pohl_sd",295,4050,"4 degree lon/lat; lon centers -178..178; lat centers -88..88","C:/Users/Google/Documents/HMSC-HIST/Phanerozoic_Environment_540_0Ma_5Myr_4deg_landharmonized_v2/08_rds_export/Phanerozoic_Environment_540_0Ma_5Myr_Level2_4deg_landharmonized_v2_compact_float32.rds","Monthly precipitation standard deviation","mm month-1","Pohl et al. 2022, land-harmonized to PALEOMAP PaleoDEM","Pohl monthly-derived climate variables from the original Level 2 workflow, land-harmonized to the PALEOMAP PaleoDEM land mask. Missing Pohl values on PALEOMAP land were filled from the nearest finite PALEOMAP-land Pohl cell using spherical-coordinate nearest-neighbour search; for continuous variables only, the filled cells were then smoothed with a 3 by 3 local mean while original finite cells were left unchanged. Ocean cells were masked to NA for terrestrial ecology use. Fill counts are recorded in land_harmonization_gapfill_audit.csv. Four-degree product: area-weighted mean of finite source 1 degree cells.","Level2 gridded","1 degree Level 2 land-harmonized V2 product","4 degree","area-weighted mean of finite source 1 degree cells"
"P_seasonality_pohl_sd",290,4050,"4 degree lon/lat; lon centers -178..178; lat centers -88..88","C:/Users/Google/Documents/HMSC-HIST/Phanerozoic_Environment_540_0Ma_5Myr_4deg_landharmonized_v2/08_rds_export/Phanerozoic_Environment_540_0Ma_5Myr_Level2_4deg_landharmonized_v2_compact_float32.rds","Monthly precipitation standard deviation","mm month-1","Pohl et al. 2022, land-harmonized to PALEOMAP PaleoDEM","Pohl monthly-derived climate variables from the original Level 2 workflow, land-harmonized to the PALEOMAP PaleoDEM land mask. Missing Pohl values on PALEOMAP land were filled from the nearest finite PALEOMAP-land Pohl cell using spherical-coordinate nearest-neighbour search; for continuous variables only, the filled cells were then smoothed with a 3 by 3 local mean while original finite cells were left unchanged. Ocean cells were masked to NA for terrestrial ecology use. Fill counts are recorded in land_harmonization_gapfill_audit.csv. Four-degree product: area-weighted mean of finite source 1 degree cells.","Level2 gridded","1 degree Level 2 land-harmonized V2 product","4 degree","area-weighted mean of finite source 1 degree cells"
"P_seasonality_pohl_sd",285,4050,"4 degree lon/lat; lon centers -178..178; lat centers -88..88","C:/Users/Google/Documents/HMSC-HIST/Phanerozoic_Environment_540_0Ma_5Myr_4deg_landharmonized_v2/08_rds_export/Phanerozoic_Environment_540_0Ma_5Myr_Level2_4deg_landharmonized_v2_compact_float32.rds","Monthly precipitation standard deviation","mm month-1","Pohl et al. 2022, land-harmonized to PALEOMAP PaleoDEM","Pohl monthly-derived climate variables from the original Level 2 workflow, land-harmonized to the PALEOMAP PaleoDEM land mask. Missing Pohl values on PALEOMAP land were filled from the nearest finite PALEOMAP-land Pohl cell using spherical-coordinate nearest-neighbour search; for continuous variables only, the filled cells were then smoothed with a 3 by 3 local mean while original finite cells were left unchanged. Ocean cells were masked to NA for terrestrial ecology use. Fill counts are recorded in land_harmonization_gapfill_audit.csv. Four-degree product: area-weighted mean of finite source 1 degree cells.","Level2 gridded","1 degree Level 2 land-harmonized V2 product","4 degree","area-weighted mean of finite source 1 degree cells"
"P_seasonality_pohl_sd",280,4050,"4 degree lon/lat; lon centers -178..178; lat centers -88..88","C:/Users/Google/Documents/HMSC-HIST/Phanerozoic_Environment_540_0Ma_5Myr_4deg_landharmonized_v2/08_rds_export/Phanerozoic_Environment_540_0Ma_5Myr_Level2_4deg_landharmonized_v2_compact_float32.rds","Monthly precipitation standard deviation","mm month-1","Pohl et al. 2022, land-harmonized to PALEOMAP PaleoDEM","Pohl monthly-derived climate variables from the original Level 2 workflow, land-harmonized to the PALEOMAP PaleoDEM land mask. Missing Pohl values on PALEOMAP land were filled from the nearest finite PALEOMAP-land Pohl cell using spherical-coordinate nearest-neighbour search; for continuous variables only, the filled cells were then smoothed with a 3 by 3 local mean while original finite cells were left unchanged. Ocean cells were masked to NA for terrestrial ecology use. Fill counts are recorded in land_harmonization_gapfill_audit.csv. Four-degree product: area-weighted mean of finite source 1 degree cells.","Level2 gridded","1 degree Level 2 land-harmonized V2 product","4 degree","area-weighted mean of finite source 1 degree cells"
"P_seasonality_pohl_sd",275,4050,"4 degree lon/lat; lon centers -178..178; lat centers -88..88","C:/Users/Google/Documents/HMSC-HIST/Phanerozoic_Environment_540_0Ma_5Myr_4deg_landharmonized_v2/08_rds_export/Phanerozoic_Environment_540_0Ma_5Myr_Level2_4deg_landharmonized_v2_compact_float32.rds","Monthly precipitation standard deviation","mm month-1","Pohl et al. 2022, land-harmonized to PALEOMAP PaleoDEM","Pohl monthly-derived climate variables from the original Level 2 workflow, land-harmonized to the PALEOMAP PaleoDEM land mask. Missing Pohl values on PALEOMAP land were filled from the nearest finite PALEOMAP-land Pohl cell using spherical-coordinate nearest-neighbour search; for continuous variables only, the filled cells were then smoothed with a 3 by 3 local mean while original finite cells were left unchanged. Ocean cells were masked to NA for terrestrial ecology use. Fill counts are recorded in land_harmonization_gapfill_audit.csv. Four-degree product: area-weighted mean of finite source 1 degree cells.","Level2 gridded","1 degree Level 2 land-harmonized V2 product","4 degree","area-weighted mean of finite source 1 degree cells"
"P_seasonality_pohl_sd",270,4050,"4 degree lon/lat; lon centers -178..178; lat centers -88..88","C:/Users/Google/Documents/HMSC-HIST/Phanerozoic_Environment_540_0Ma_5Myr_4deg_landharmonized_v2/08_rds_export/Phanerozoic_Environment_540_0Ma_5Myr_Level2_4deg_landharmonized_v2_compact_float32.rds","Monthly precipitation standard deviation","mm month-1","Pohl et al. 2022, land-harmonized to PALEOMAP PaleoDEM","Pohl monthly-derived climate variables from the original Level 2 workflow, land-harmonized to the PALEOMAP PaleoDEM land mask. Missing Pohl values on PALEOMAP land were filled from the nearest finite PALEOMAP-land Pohl cell using spherical-coordinate nearest-neighbour search; for continuous variables only, the filled cells were then smoothed with a 3 by 3 local mean while original finite cells were left unchanged. Ocean cells were masked to NA for terrestrial ecology use. Fill counts are recorded in land_harmonization_gapfill_audit.csv. Four-degree product: area-weighted mean of finite source 1 degree cells.","Level2 gridded","1 degree Level 2 land-harmonized V2 product","4 degree","area-weighted mean of finite source 1 degree cells"
"P_seasonality_pohl_sd",265,4050,"4 degree lon/lat; lon centers -178..178; lat centers -88..88","C:/Users/Google/Documents/HMSC-HIST/Phanerozoic_Environment_540_0Ma_5Myr_4deg_landharmonized_v2/08_rds_export/Phanerozoic_Environment_540_0Ma_5Myr_Level2_4deg_landharmonized_v2_compact_float32.rds","Monthly precipitation standard deviation","mm month-1","Pohl et al. 2022, land-harmonized to PALEOMAP PaleoDEM","Pohl monthly-derived climate variables from the original Level 2 workflow, land-harmonized to the PALEOMAP PaleoDEM land mask. Missing Pohl values on PALEOMAP land were filled from the nearest finite PALEOMAP-land Pohl cell using spherical-coordinate nearest-neighbour search; for continuous variables only, the filled cells were then smoothed with a 3 by 3 local mean while original finite cells were left unchanged. Ocean cells were masked to NA for terrestrial ecology use. Fill counts are recorded in land_harmonization_gapfill_audit.csv. Four-degree product: area-weighted mean of finite source 1 degree cells.","Level2 gridded","1 degree Level 2 land-harmonized V2 product","4 degree","area-weighted mean of finite source 1 degree cells"
"P_seasonality_pohl_sd",260,4050,"4 degree lon/lat; lon centers -178..178; lat centers -88..88","C:/Users/Google/Documents/HMSC-HIST/Phanerozoic_Environment_540_0Ma_5Myr_4deg_landharmonized_v2/08_rds_export/Phanerozoic_Environment_540_0Ma_5Myr_Level2_4deg_landharmonized_v2_compact_float32.rds","Monthly precipitation standard deviation","mm month-1","Pohl et al. 2022, land-harmonized to PALEOMAP PaleoDEM","Pohl monthly-derived climate variables from the original Level 2 workflow, land-harmonized to the PALEOMAP PaleoDEM land mask. Missing Pohl values on PALEOMAP land were filled from the nearest finite PALEOMAP-land Pohl cell using spherical-coordinate nearest-neighbour search; for continuous variables only, the filled cells were then smoothed with a 3 by 3 local mean while original finite cells were left unchanged. Ocean cells were masked to NA for terrestrial ecology use. Fill counts are recorded in land_harmonization_gapfill_audit.csv. Four-degree product: area-weighted mean of finite source 1 degree cells.","Level2 gridded","1 degree Level 2 land-harmonized V2 product","4 degree","area-weighted mean of finite source 1 degree cells"
"P_seasonality_pohl_sd",255,4050,"4 degree lon/lat; lon centers -178..178; lat centers -88..88","C:/Users/Google/Documents/HMSC-HIST/Phanerozoic_Environment_540_0Ma_5Myr_4deg_landharmonized_v2/08_rds_export/Phanerozoic_Environment_540_0Ma_5Myr_Level2_4deg_landharmonized_v2_compact_float32.rds","Monthly precipitation standard deviation","mm month-1","Pohl et al. 2022, land-harmonized to PALEOMAP PaleoDEM","Pohl monthly-derived climate variables from the original Level 2 workflow, land-harmonized to the PALEOMAP PaleoDEM land mask. Missing Pohl values on PALEOMAP land were filled from the nearest finite PALEOMAP-land Pohl cell using spherical-coordinate nearest-neighbour search; for continuous variables only, the filled cells were then smoothed with a 3 by 3 local mean while original finite cells were left unchanged. Ocean cells were masked to NA for terrestrial ecology use. Fill counts are recorded in land_harmonization_gapfill_audit.csv. Four-degree product: area-weighted mean of finite source 1 degree cells.","Level2 gridded","1 degree Level 2 land-harmonized V2 product","4 degree","area-weighted mean of finite source 1 degree cells"
"P_seasonality_pohl_sd",250,4050,"4 degree lon/lat; lon centers -178..178; lat centers -88..88","C:/Users/Google/Documents/HMSC-HIST/Phanerozoic_Environment_540_0Ma_5Myr_4deg_landharmonized_v2/08_rds_export/Phanerozoic_Environment_540_0Ma_5Myr_Level2_4deg_landharmonized_v2_compact_float32.rds","Monthly precipitation standard deviation","mm month-1","Pohl et al. 2022, land-harmonized to PALEOMAP PaleoDEM","Pohl monthly-derived climate variables from the original Level 2 workflow, land-harmonized to the PALEOMAP PaleoDEM land mask. Missing Pohl values on PALEOMAP land were filled from the nearest finite PALEOMAP-land Pohl cell using spherical-coordinate nearest-neighbour search; for continuous variables only, the filled cells were then smoothed with a 3 by 3 local mean while original finite cells were left unchanged. Ocean cells were masked to NA for terrestrial ecology use. Fill counts are recorded in land_harmonization_gapfill_audit.csv. Four-degree product: area-weighted mean of finite source 1 degree cells.","Level2 gridded","1 degree Level 2 land-harmonized V2 product","4 degree","area-weighted mean of finite source 1 degree cells"
"P_seasonality_pohl_sd",245,4050,"4 degree lon/lat; lon centers -178..178; lat centers -88..88","C:/Users/Google/Documents/HMSC-HIST/Phanerozoic_Environment_540_0Ma_5Myr_4deg_landharmonized_v2/08_rds_export/Phanerozoic_Environment_540_0Ma_5Myr_Level2_4deg_landharmonized_v2_compact_float32.rds","Monthly precipitation standard deviation","mm month-1","Pohl et al. 2022, land-harmonized to PALEOMAP PaleoDEM","Pohl monthly-derived climate variables from the original Level 2 workflow, land-harmonized to the PALEOMAP PaleoDEM land mask. Missing Pohl values on PALEOMAP land were filled from the nearest finite PALEOMAP-land Pohl cell using spherical-coordinate nearest-neighbour search; for continuous variables only, the filled cells were then smoothed with a 3 by 3 local mean while original finite cells were left unchanged. Ocean cells were masked to NA for terrestrial ecology use. Fill counts are recorded in land_harmonization_gapfill_audit.csv. Four-degree product: area-weighted mean of finite source 1 degree cells.","Level2 gridded","1 degree Level 2 land-harmonized V2 product","4 degree","area-weighted mean of finite source 1 degree cells"
"P_seasonality_pohl_sd",240,4050,"4 degree lon/lat; lon centers -178..178; lat centers -88..88","C:/Users/Google/Documents/HMSC-HIST/Phanerozoic_Environment_540_0Ma_5Myr_4deg_landharmonized_v2/08_rds_export/Phanerozoic_Environment_540_0Ma_5Myr_Level2_4deg_landharmonized_v2_compact_float32.rds","Monthly precipitation standard deviation","mm month-1","Pohl et al. 2022, land-harmonized to PALEOMAP PaleoDEM","Pohl monthly-derived climate variables from the original Level 2 workflow, land-harmonized to the PALEOMAP PaleoDEM land mask. Missing Pohl values on PALEOMAP land were filled from the nearest finite PALEOMAP-land Pohl cell using spherical-coordinate nearest-neighbour search; for continuous variables only, the filled cells were then smoothed with a 3 by 3 local mean while original finite cells were left unchanged. Ocean cells were masked to NA for terrestrial ecology use. Fill counts are recorded in land_harmonization_gapfill_audit.csv. Four-degree product: area-weighted mean of finite source 1 degree cells.","Level2 gridded","1 degree Level 2 land-harmonized V2 product","4 degree","area-weighted mean of finite source 1 degree cells"
"P_seasonality_pohl_sd",235,4050,"4 degree lon/lat; lon centers -178..178; lat centers -88..88","C:/Users/Google/Documents/HMSC-HIST/Phanerozoic_Environment_540_0Ma_5Myr_4deg_landharmonized_v2/08_rds_export/Phanerozoic_Environment_540_0Ma_5Myr_Level2_4deg_landharmonized_v2_compact_float32.rds","Monthly precipitation standard deviation","mm month-1","Pohl et al. 2022, land-harmonized to PALEOMAP PaleoDEM","Pohl monthly-derived climate variables from the original Level 2 workflow, land-harmonized to the PALEOMAP PaleoDEM land mask. Missing Pohl values on PALEOMAP land were filled from the nearest finite PALEOMAP-land Pohl cell using spherical-coordinate nearest-neighbour search; for continuous variables only, the filled cells were then smoothed with a 3 by 3 local mean while original finite cells were left unchanged. Ocean cells were masked to NA for terrestrial ecology use. Fill counts are recorded in land_harmonization_gapfill_audit.csv. Four-degree product: area-weighted mean of finite source 1 degree cells.","Level2 gridded","1 degree Level 2 land-harmonized V2 product","4 degree","area-weighted mean of finite source 1 degree cells"
"P_seasonality_pohl_sd",230,4050,"4 degree lon/lat; lon centers -178..178; lat centers -88..88","C:/Users/Google/Documents/HMSC-HIST/Phanerozoic_Environment_540_0Ma_5Myr_4deg_landharmonized_v2/08_rds_export/Phanerozoic_Environment_540_0Ma_5Myr_Level2_4deg_landharmonized_v2_compact_float32.rds","Monthly precipitation standard deviation","mm month-1","Pohl et al. 2022, land-harmonized to PALEOMAP PaleoDEM","Pohl monthly-derived climate variables from the original Level 2 workflow, land-harmonized to the PALEOMAP PaleoDEM land mask. Missing Pohl values on PALEOMAP land were filled from the nearest finite PALEOMAP-land Pohl cell using spherical-coordinate nearest-neighbour search; for continuous variables only, the filled cells were then smoothed with a 3 by 3 local mean while original finite cells were left unchanged. Ocean cells were masked to NA for terrestrial ecology use. Fill counts are recorded in land_harmonization_gapfill_audit.csv. Four-degree product: area-weighted mean of finite source 1 degree cells.","Level2 gridded","1 degree Level 2 land-harmonized V2 product","4 degree","area-weighted mean of finite source 1 degree cells"
"P_seasonality_pohl_sd",225,4050,"4 degree lon/lat; lon centers -178..178; lat centers -88..88","C:/Users/Google/Documents/HMSC-HIST/Phanerozoic_Environment_540_0Ma_5Myr_4deg_landharmonized_v2/08_rds_export/Phanerozoic_Environment_540_0Ma_5Myr_Level2_4deg_landharmonized_v2_compact_float32.rds","Monthly precipitation standard deviation","mm month-1","Pohl et al. 2022, land-harmonized to PALEOMAP PaleoDEM","Pohl monthly-derived climate variables from the original Level 2 workflow, land-harmonized to the PALEOMAP PaleoDEM land mask. Missing Pohl values on PALEOMAP land were filled from the nearest finite PALEOMAP-land Pohl cell using spherical-coordinate nearest-neighbour search; for continuous variables only, the filled cells were then smoothed with a 3 by 3 local mean while original finite cells were left unchanged. Ocean cells were masked to NA for terrestrial ecology use. Fill counts are recorded in land_harmonization_gapfill_audit.csv. Four-degree product: area-weighted mean of finite source 1 degree cells.","Level2 gridded","1 degree Level 2 land-harmonized V2 product","4 degree","area-weighted mean of finite source 1 degree cells"
"P_seasonality_pohl_sd",220,4050,"4 degree lon/lat; lon centers -178..178; lat centers -88..88","C:/Users/Google/Documents/HMSC-HIST/Phanerozoic_Environment_540_0Ma_5Myr_4deg_landharmonized_v2/08_rds_export/Phanerozoic_Environment_540_0Ma_5Myr_Level2_4deg_landharmonized_v2_compact_float32.rds","Monthly precipitation standard deviation","mm month-1","Pohl et al. 2022, land-harmonized to PALEOMAP PaleoDEM","Pohl monthly-derived climate variables from the original Level 2 workflow, land-harmonized to the PALEOMAP PaleoDEM land mask. Missing Pohl values on PALEOMAP land were filled from the nearest finite PALEOMAP-land Pohl cell using spherical-coordinate nearest-neighbour search; for continuous variables only, the filled cells were then smoothed with a 3 by 3 local mean while original finite cells were left unchanged. Ocean cells were masked to NA for terrestrial ecology use. Fill counts are recorded in land_harmonization_gapfill_audit.csv. Four-degree product: area-weighted mean of finite source 1 degree cells.","Level2 gridded","1 degree Level 2 land-harmonized V2 product","4 degree","area-weighted mean of finite source 1 degree cells"
"P_seasonality_pohl_sd",215,4050,"4 degree lon/lat; lon centers -178..178; lat centers -88..88","C:/Users/Google/Documents/HMSC-HIST/Phanerozoic_Environment_540_0Ma_5Myr_4deg_landharmonized_v2/08_rds_export/Phanerozoic_Environment_540_0Ma_5Myr_Level2_4deg_landharmonized_v2_compact_float32.rds","Monthly precipitation standard deviation","mm month-1","Pohl et al. 2022, land-harmonized to PALEOMAP PaleoDEM","Pohl monthly-derived climate variables from the original Level 2 workflow, land-harmonized to the PALEOMAP PaleoDEM land mask. Missing Pohl values on PALEOMAP land were filled from the nearest finite PALEOMAP-land Pohl cell using spherical-coordinate nearest-neighbour search; for continuous variables only, the filled cells were then smoothed with a 3 by 3 local mean while original finite cells were left unchanged. Ocean cells were masked to NA for terrestrial ecology use. Fill counts are recorded in land_harmonization_gapfill_audit.csv. Four-degree product: area-weighted mean of finite source 1 degree cells.","Level2 gridded","1 degree Level 2 land-harmonized V2 product","4 degree","area-weighted mean of finite source 1 degree cells"
"P_seasonality_pohl_sd",210,4050,"4 degree lon/lat; lon centers -178..178; lat centers -88..88","C:/Users/Google/Documents/HMSC-HIST/Phanerozoic_Environment_540_0Ma_5Myr_4deg_landharmonized_v2/08_rds_export/Phanerozoic_Environment_540_0Ma_5Myr_Level2_4deg_landharmonized_v2_compact_float32.rds","Monthly precipitation standard deviation","mm month-1","Pohl et al. 2022, land-harmonized to PALEOMAP PaleoDEM","Pohl monthly-derived climate variables from the original Level 2 workflow, land-harmonized to the PALEOMAP PaleoDEM land mask. Missing Pohl values on PALEOMAP land were filled from the nearest finite PALEOMAP-land Pohl cell using spherical-coordinate nearest-neighbour search; for continuous variables only, the filled cells were then smoothed with a 3 by 3 local mean while original finite cells were left unchanged. Ocean cells were masked to NA for terrestrial ecology use. Fill counts are recorded in land_harmonization_gapfill_audit.csv. Four-degree product: area-weighted mean of finite source 1 degree cells.","Level2 gridded","1 degree Level 2 land-harmonized V2 product","4 degree","area-weighted mean of finite source 1 degree cells"
"P_seasonality_pohl_sd",205,4050,"4 degree lon/lat; lon centers -178..178; lat centers -88..88","C:/Users/Google/Documents/HMSC-HIST/Phanerozoic_Environment_540_0Ma_5Myr_4deg_landharmonized_v2/08_rds_export/Phanerozoic_Environment_540_0Ma_5Myr_Level2_4deg_landharmonized_v2_compact_float32.rds","Monthly precipitation standard deviation","mm month-1","Pohl et al. 2022, land-harmonized to PALEOMAP PaleoDEM","Pohl monthly-derived climate variables from the original Level 2 workflow, land-harmonized to the PALEOMAP PaleoDEM land mask. Missing Pohl values on PALEOMAP land were filled from the nearest finite PALEOMAP-land Pohl cell using spherical-coordinate nearest-neighbour search; for continuous variables only, the filled cells were then smoothed with a 3 by 3 local mean while original finite cells were left unchanged. Ocean cells were masked to NA for terrestrial ecology use. Fill counts are recorded in land_harmonization_gapfill_audit.csv. Four-degree product: area-weighted mean of finite source 1 degree cells.","Level2 gridded","1 degree Level 2 land-harmonized V2 product","4 degree","area-weighted mean of finite source 1 degree cells"
"P_seasonality_pohl_sd",200,4050,"4 degree lon/lat; lon centers -178..178; lat centers -88..88","C:/Users/Google/Documents/HMSC-HIST/Phanerozoic_Environment_540_0Ma_5Myr_4deg_landharmonized_v2/08_rds_export/Phanerozoic_Environment_540_0Ma_5Myr_Level2_4deg_landharmonized_v2_compact_float32.rds","Monthly precipitation standard deviation","mm month-1","Pohl et al. 2022, land-harmonized to PALEOMAP PaleoDEM","Pohl monthly-derived climate variables from the original Level 2 workflow, land-harmonized to the PALEOMAP PaleoDEM land mask. Missing Pohl values on PALEOMAP land were filled from the nearest finite PALEOMAP-land Pohl cell using spherical-coordinate nearest-neighbour search; for continuous variables only, the filled cells were then smoothed with a 3 by 3 local mean while original finite cells were left unchanged. Ocean cells were masked to NA for terrestrial ecology use. Fill counts are recorded in land_harmonization_gapfill_audit.csv. Four-degree product: area-weighted mean of finite source 1 degree cells.","Level2 gridded","1 degree Level 2 land-harmonized V2 product","4 degree","area-weighted mean of finite source 1 degree cells"
"P_seasonality_pohl_sd",195,4050,"4 degree lon/lat; lon centers -178..178; lat centers -88..88","C:/Users/Google/Documents/HMSC-HIST/Phanerozoic_Environment_540_0Ma_5Myr_4deg_landharmonized_v2/08_rds_export/Phanerozoic_Environment_540_0Ma_5Myr_Level2_4deg_landharmonized_v2_compact_float32.rds","Monthly precipitation standard deviation","mm month-1","Pohl et al. 2022, land-harmonized to PALEOMAP PaleoDEM","Pohl monthly-derived climate variables from the original Level 2 workflow, land-harmonized to the PALEOMAP PaleoDEM land mask. Missing Pohl values on PALEOMAP land were filled from the nearest finite PALEOMAP-land Pohl cell using spherical-coordinate nearest-neighbour search; for continuous variables only, the filled cells were then smoothed with a 3 by 3 local mean while original finite cells were left unchanged. Ocean cells were masked to NA for terrestrial ecology use. Fill counts are recorded in land_harmonization_gapfill_audit.csv. Four-degree product: area-weighted mean of finite source 1 degree cells.","Level2 gridded","1 degree Level 2 land-harmonized V2 product","4 degree","area-weighted mean of finite source 1 degree cells"
"P_seasonality_pohl_sd",190,4050,"4 degree lon/lat; lon centers -178..178; lat centers -88..88","C:/Users/Google/Documents/HMSC-HIST/Phanerozoic_Environment_540_0Ma_5Myr_4deg_landharmonized_v2/08_rds_export/Phanerozoic_Environment_540_0Ma_5Myr_Level2_4deg_landharmonized_v2_compact_float32.rds","Monthly precipitation standard deviation","mm month-1","Pohl et al. 2022, land-harmonized to PALEOMAP PaleoDEM","Pohl monthly-derived climate variables from the original Level 2 workflow, land-harmonized to the PALEOMAP PaleoDEM land mask. Missing Pohl values on PALEOMAP land were filled from the nearest finite PALEOMAP-land Pohl cell using spherical-coordinate nearest-neighbour search; for continuous variables only, the filled cells were then smoothed with a 3 by 3 local mean while original finite cells were left unchanged. Ocean cells were masked to NA for terrestrial ecology use. Fill counts are recorded in land_harmonization_gapfill_audit.csv. Four-degree product: area-weighted mean of finite source 1 degree cells.","Level2 gridded","1 degree Level 2 land-harmonized V2 product","4 degree","area-weighted mean of finite source 1 degree cells"
"P_seasonality_pohl_sd",185,4050,"4 degree lon/lat; lon centers -178..178; lat centers -88..88","C:/Users/Google/Documents/HMSC-HIST/Phanerozoic_Environment_540_0Ma_5Myr_4deg_landharmonized_v2/08_rds_export/Phanerozoic_Environment_540_0Ma_5Myr_Level2_4deg_landharmonized_v2_compact_float32.rds","Monthly precipitation standard deviation","mm month-1","Pohl et al. 2022, land-harmonized to PALEOMAP PaleoDEM","Pohl monthly-derived climate variables from the original Level 2 workflow, land-harmonized to the PALEOMAP PaleoDEM land mask. Missing Pohl values on PALEOMAP land were filled from the nearest finite PALEOMAP-land Pohl cell using spherical-coordinate nearest-neighbour search; for continuous variables only, the filled cells were then smoothed with a 3 by 3 local mean while original finite cells were left unchanged. Ocean cells were masked to NA for terrestrial ecology use. Fill counts are recorded in land_harmonization_gapfill_audit.csv. Four-degree product: area-weighted mean of finite source 1 degree cells.","Level2 gridded","1 degree Level 2 land-harmonized V2 product","4 degree","area-weighted mean of finite source 1 degree cells"
"P_seasonality_pohl_sd",180,4050,"4 degree lon/lat; lon centers -178..178; lat centers -88..88","C:/Users/Google/Documents/HMSC-HIST/Phanerozoic_Environment_540_0Ma_5Myr_4deg_landharmonized_v2/08_rds_export/Phanerozoic_Environment_540_0Ma_5Myr_Level2_4deg_landharmonized_v2_compact_float32.rds","Monthly precipitation standard deviation","mm month-1","Pohl et al. 2022, land-harmonized to PALEOMAP PaleoDEM","Pohl monthly-derived climate variables from the original Level 2 workflow, land-harmonized to the PALEOMAP PaleoDEM land mask. Missing Pohl values on PALEOMAP land were filled from the nearest finite PALEOMAP-land Pohl cell using spherical-coordinate nearest-neighbour search; for continuous variables only, the filled cells were then smoothed with a 3 by 3 local mean while original finite cells were left unchanged. Ocean cells were masked to NA for terrestrial ecology use. Fill counts are recorded in land_harmonization_gapfill_audit.csv. Four-degree product: area-weighted mean of finite source 1 degree cells.","Level2 gridded","1 degree Level 2 land-harmonized V2 product","4 degree","area-weighted mean of finite source 1 degree cells"
"P_seasonality_pohl_sd",175,4050,"4 degree lon/lat; lon centers -178..178; lat centers -88..88","C:/Users/Google/Documents/HMSC-HIST/Phanerozoic_Environment_540_0Ma_5Myr_4deg_landharmonized_v2/08_rds_export/Phanerozoic_Environment_540_0Ma_5Myr_Level2_4deg_landharmonized_v2_compact_float32.rds","Monthly precipitation standard deviation","mm month-1","Pohl et al. 2022, land-harmonized to PALEOMAP PaleoDEM","Pohl monthly-derived climate variables from the original Level 2 workflow, land-harmonized to the PALEOMAP PaleoDEM land mask. Missing Pohl values on PALEOMAP land were filled from the nearest finite PALEOMAP-land Pohl cell using spherical-coordinate nearest-neighbour search; for continuous variables only, the filled cells were then smoothed with a 3 by 3 local mean while original finite cells were left unchanged. Ocean cells were masked to NA for terrestrial ecology use. Fill counts are recorded in land_harmonization_gapfill_audit.csv. Four-degree product: area-weighted mean of finite source 1 degree cells.","Level2 gridded","1 degree Level 2 land-harmonized V2 product","4 degree","area-weighted mean of finite source 1 degree cells"
"P_seasonality_pohl_sd",170,4050,"4 degree lon/lat; lon centers -178..178; lat centers -88..88","C:/Users/Google/Documents/HMSC-HIST/Phanerozoic_Environment_540_0Ma_5Myr_4deg_landharmonized_v2/08_rds_export/Phanerozoic_Environment_540_0Ma_5Myr_Level2_4deg_landharmonized_v2_compact_float32.rds","Monthly precipitation standard deviation","mm month-1","Pohl et al. 2022, land-harmonized to PALEOMAP PaleoDEM","Pohl monthly-derived climate variables from the original Level 2 workflow, land-harmonized to the PALEOMAP PaleoDEM land mask. Missing Pohl values on PALEOMAP land were filled from the nearest finite PALEOMAP-land Pohl cell using spherical-coordinate nearest-neighbour search; for continuous variables only, the filled cells were then smoothed with a 3 by 3 local mean while original finite cells were left unchanged. Ocean cells were masked to NA for terrestrial ecology use. Fill counts are recorded in land_harmonization_gapfill_audit.csv. Four-degree product: area-weighted mean of finite source 1 degree cells.","Level2 gridded","1 degree Level 2 land-harmonized V2 product","4 degree","area-weighted mean of finite source 1 degree cells"
"P_seasonality_pohl_sd",165,4050,"4 degree lon/lat; lon centers -178..178; lat centers -88..88","C:/Users/Google/Documents/HMSC-HIST/Phanerozoic_Environment_540_0Ma_5Myr_4deg_landharmonized_v2/08_rds_export/Phanerozoic_Environment_540_0Ma_5Myr_Level2_4deg_landharmonized_v2_compact_float32.rds","Monthly precipitation standard deviation","mm month-1","Pohl et al. 2022, land-harmonized to PALEOMAP PaleoDEM","Pohl monthly-derived climate variables from the original Level 2 workflow, land-harmonized to the PALEOMAP PaleoDEM land mask. Missing Pohl values on PALEOMAP land were filled from the nearest finite PALEOMAP-land Pohl cell using spherical-coordinate nearest-neighbour search; for continuous variables only, the filled cells were then smoothed with a 3 by 3 local mean while original finite cells were left unchanged. Ocean cells were masked to NA for terrestrial ecology use. Fill counts are recorded in land_harmonization_gapfill_audit.csv. Four-degree product: area-weighted mean of finite source 1 degree cells.","Level2 gridded","1 degree Level 2 land-harmonized V2 product","4 degree","area-weighted mean of finite source 1 degree cells"
"P_seasonality_pohl_sd",160,4050,"4 degree lon/lat; lon centers -178..178; lat centers -88..88","C:/Users/Google/Documents/HMSC-HIST/Phanerozoic_Environment_540_0Ma_5Myr_4deg_landharmonized_v2/08_rds_export/Phanerozoic_Environment_540_0Ma_5Myr_Level2_4deg_landharmonized_v2_compact_float32.rds","Monthly precipitation standard deviation","mm month-1","Pohl et al. 2022, land-harmonized to PALEOMAP PaleoDEM","Pohl monthly-derived climate variables from the original Level 2 workflow, land-harmonized to the PALEOMAP PaleoDEM land mask. Missing Pohl values on PALEOMAP land were filled from the nearest finite PALEOMAP-land Pohl cell using spherical-coordinate nearest-neighbour search; for continuous variables only, the filled cells were then smoothed with a 3 by 3 local mean while original finite cells were left unchanged. Ocean cells were masked to NA for terrestrial ecology use. Fill counts are recorded in land_harmonization_gapfill_audit.csv. Four-degree product: area-weighted mean of finite source 1 degree cells.","Level2 gridded","1 degree Level 2 land-harmonized V2 product","4 degree","area-weighted mean of finite source 1 degree cells"
"P_seasonality_pohl_sd",155,4050,"4 degree lon/lat; lon centers -178..178; lat centers -88..88","C:/Users/Google/Documents/HMSC-HIST/Phanerozoic_Environment_540_0Ma_5Myr_4deg_landharmonized_v2/08_rds_export/Phanerozoic_Environment_540_0Ma_5Myr_Level2_4deg_landharmonized_v2_compact_float32.rds","Monthly precipitation standard deviation","mm month-1","Pohl et al. 2022, land-harmonized to PALEOMAP PaleoDEM","Pohl monthly-derived climate variables from the original Level 2 workflow, land-harmonized to the PALEOMAP PaleoDEM land mask. Missing Pohl values on PALEOMAP land were filled from the nearest finite PALEOMAP-land Pohl cell using spherical-coordinate nearest-neighbour search; for continuous variables only, the filled cells were then smoothed with a 3 by 3 local mean while original finite cells were left unchanged. Ocean cells were masked to NA for terrestrial ecology use. Fill counts are recorded in land_harmonization_gapfill_audit.csv. Four-degree product: area-weighted mean of finite source 1 degree cells.","Level2 gridded","1 degree Level 2 land-harmonized V2 product","4 degree","area-weighted mean of finite source 1 degree cells"
"P_seasonality_pohl_sd",150,4050,"4 degree lon/lat; lon centers -178..178; lat centers -88..88","C:/Users/Google/Documents/HMSC-HIST/Phanerozoic_Environment_540_0Ma_5Myr_4deg_landharmonized_v2/08_rds_export/Phanerozoic_Environment_540_0Ma_5Myr_Level2_4deg_landharmonized_v2_compact_float32.rds","Monthly precipitation standard deviation","mm month-1","Pohl et al. 2022, land-harmonized to PALEOMAP PaleoDEM","Pohl monthly-derived climate variables from the original Level 2 workflow, land-harmonized to the PALEOMAP PaleoDEM land mask. Missing Pohl values on PALEOMAP land were filled from the nearest finite PALEOMAP-land Pohl cell using spherical-coordinate nearest-neighbour search; for continuous variables only, the filled cells were then smoothed with a 3 by 3 local mean while original finite cells were left unchanged. Ocean cells were masked to NA for terrestrial ecology use. Fill counts are recorded in land_harmonization_gapfill_audit.csv. Four-degree product: area-weighted mean of finite source 1 degree cells.","Level2 gridded","1 degree Level 2 land-harmonized V2 product","4 degree","area-weighted mean of finite source 1 degree cells"
"P_seasonality_pohl_sd",145,4050,"4 degree lon/lat; lon centers -178..178; lat centers -88..88","C:/Users/Google/Documents/HMSC-HIST/Phanerozoic_Environment_540_0Ma_5Myr_4deg_landharmonized_v2/08_rds_export/Phanerozoic_Environment_540_0Ma_5Myr_Level2_4deg_landharmonized_v2_compact_float32.rds","Monthly precipitation standard deviation","mm month-1","Pohl et al. 2022, land-harmonized to PALEOMAP PaleoDEM","Pohl monthly-derived climate variables from the original Level 2 workflow, land-harmonized to the PALEOMAP PaleoDEM land mask. Missing Pohl values on PALEOMAP land were filled from the nearest finite PALEOMAP-land Pohl cell using spherical-coordinate nearest-neighbour search; for continuous variables only, the filled cells were then smoothed with a 3 by 3 local mean while original finite cells were left unchanged. Ocean cells were masked to NA for terrestrial ecology use. Fill counts are recorded in land_harmonization_gapfill_audit.csv. Four-degree product: area-weighted mean of finite source 1 degree cells.","Level2 gridded","1 degree Level 2 land-harmonized V2 product","4 degree","area-weighted mean of finite source 1 degree cells"
"P_seasonality_pohl_sd",140,4050,"4 degree lon/lat; lon centers -178..178; lat centers -88..88","C:/Users/Google/Documents/HMSC-HIST/Phanerozoic_Environment_540_0Ma_5Myr_4deg_landharmonized_v2/08_rds_export/Phanerozoic_Environment_540_0Ma_5Myr_Level2_4deg_landharmonized_v2_compact_float32.rds","Monthly precipitation standard deviation","mm month-1","Pohl et al. 2022, land-harmonized to PALEOMAP PaleoDEM","Pohl monthly-derived climate variables from the original Level 2 workflow, land-harmonized to the PALEOMAP PaleoDEM land mask. Missing Pohl values on PALEOMAP land were filled from the nearest finite PALEOMAP-land Pohl cell using spherical-coordinate nearest-neighbour search; for continuous variables only, the filled cells were then smoothed with a 3 by 3 local mean while original finite cells were left unchanged. Ocean cells were masked to NA for terrestrial ecology use. Fill counts are recorded in land_harmonization_gapfill_audit.csv. Four-degree product: area-weighted mean of finite source 1 degree cells.","Level2 gridded","1 degree Level 2 land-harmonized V2 product","4 degree","area-weighted mean of finite source 1 degree cells"
"P_seasonality_pohl_sd",135,4050,"4 degree lon/lat; lon centers -178..178; lat centers -88..88","C:/Users/Google/Documents/HMSC-HIST/Phanerozoic_Environment_540_0Ma_5Myr_4deg_landharmonized_v2/08_rds_export/Phanerozoic_Environment_540_0Ma_5Myr_Level2_4deg_landharmonized_v2_compact_float32.rds","Monthly precipitation standard deviation","mm month-1","Pohl et al. 2022, land-harmonized to PALEOMAP PaleoDEM","Pohl monthly-derived climate variables from the original Level 2 workflow, land-harmonized to the PALEOMAP PaleoDEM land mask. Missing Pohl values on PALEOMAP land were filled from the nearest finite PALEOMAP-land Pohl cell using spherical-coordinate nearest-neighbour search; for continuous variables only, the filled cells were then smoothed with a 3 by 3 local mean while original finite cells were left unchanged. Ocean cells were masked to NA for terrestrial ecology use. Fill counts are recorded in land_harmonization_gapfill_audit.csv. Four-degree product: area-weighted mean of finite source 1 degree cells.","Level2 gridded","1 degree Level 2 land-harmonized V2 product","4 degree","area-weighted mean of finite source 1 degree cells"
"P_seasonality_pohl_sd",130,4050,"4 degree lon/lat; lon centers -178..178; lat centers -88..88","C:/Users/Google/Documents/HMSC-HIST/Phanerozoic_Environment_540_0Ma_5Myr_4deg_landharmonized_v2/08_rds_export/Phanerozoic_Environment_540_0Ma_5Myr_Level2_4deg_landharmonized_v2_compact_float32.rds","Monthly precipitation standard deviation","mm month-1","Pohl et al. 2022, land-harmonized to PALEOMAP PaleoDEM","Pohl monthly-derived climate variables from the original Level 2 workflow, land-harmonized to the PALEOMAP PaleoDEM land mask. Missing Pohl values on PALEOMAP land were filled from the nearest finite PALEOMAP-land Pohl cell using spherical-coordinate nearest-neighbour search; for continuous variables only, the filled cells were then smoothed with a 3 by 3 local mean while original finite cells were left unchanged. Ocean cells were masked to NA for terrestrial ecology use. Fill counts are recorded in land_harmonization_gapfill_audit.csv. Four-degree product: area-weighted mean of finite source 1 degree cells.","Level2 gridded","1 degree Level 2 land-harmonized V2 product","4 degree","area-weighted mean of finite source 1 degree cells"
"P_seasonality_pohl_sd",125,4050,"4 degree lon/lat; lon centers -178..178; lat centers -88..88","C:/Users/Google/Documents/HMSC-HIST/Phanerozoic_Environment_540_0Ma_5Myr_4deg_landharmonized_v2/08_rds_export/Phanerozoic_Environment_540_0Ma_5Myr_Level2_4deg_landharmonized_v2_compact_float32.rds","Monthly precipitation standard deviation","mm month-1","Pohl et al. 2022, land-harmonized to PALEOMAP PaleoDEM","Pohl monthly-derived climate variables from the original Level 2 workflow, land-harmonized to the PALEOMAP PaleoDEM land mask. Missing Pohl values on PALEOMAP land were filled from the nearest finite PALEOMAP-land Pohl cell using spherical-coordinate nearest-neighbour search; for continuous variables only, the filled cells were then smoothed with a 3 by 3 local mean while original finite cells were left unchanged. Ocean cells were masked to NA for terrestrial ecology use. Fill counts are recorded in land_harmonization_gapfill_audit.csv. Four-degree product: area-weighted mean of finite source 1 degree cells.","Level2 gridded","1 degree Level 2 land-harmonized V2 product","4 degree","area-weighted mean of finite source 1 degree cells"
"P_seasonality_pohl_sd",120,4050,"4 degree lon/lat; lon centers -178..178; lat centers -88..88","C:/Users/Google/Documents/HMSC-HIST/Phanerozoic_Environment_540_0Ma_5Myr_4deg_landharmonized_v2/08_rds_export/Phanerozoic_Environment_540_0Ma_5Myr_Level2_4deg_landharmonized_v2_compact_float32.rds","Monthly precipitation standard deviation","mm month-1","Pohl et al. 2022, land-harmonized to PALEOMAP PaleoDEM","Pohl monthly-derived climate variables from the original Level 2 workflow, land-harmonized to the PALEOMAP PaleoDEM land mask. Missing Pohl values on PALEOMAP land were filled from the nearest finite PALEOMAP-land Pohl cell using spherical-coordinate nearest-neighbour search; for continuous variables only, the filled cells were then smoothed with a 3 by 3 local mean while original finite cells were left unchanged. Ocean cells were masked to NA for terrestrial ecology use. Fill counts are recorded in land_harmonization_gapfill_audit.csv. Four-degree product: area-weighted mean of finite source 1 degree cells.","Level2 gridded","1 degree Level 2 land-harmonized V2 product","4 degree","area-weighted mean of finite source 1 degree cells"
"P_seasonality_pohl_sd",115,4050,"4 degree lon/lat; lon centers -178..178; lat centers -88..88","C:/Users/Google/Documents/HMSC-HIST/Phanerozoic_Environment_540_0Ma_5Myr_4deg_landharmonized_v2/08_rds_export/Phanerozoic_Environment_540_0Ma_5Myr_Level2_4deg_landharmonized_v2_compact_float32.rds","Monthly precipitation standard deviation","mm month-1","Pohl et al. 2022, land-harmonized to PALEOMAP PaleoDEM","Pohl monthly-derived climate variables from the original Level 2 workflow, land-harmonized to the PALEOMAP PaleoDEM land mask. Missing Pohl values on PALEOMAP land were filled from the nearest finite PALEOMAP-land Pohl cell using spherical-coordinate nearest-neighbour search; for continuous variables only, the filled cells were then smoothed with a 3 by 3 local mean while original finite cells were left unchanged. Ocean cells were masked to NA for terrestrial ecology use. Fill counts are recorded in land_harmonization_gapfill_audit.csv. Four-degree product: area-weighted mean of finite source 1 degree cells.","Level2 gridded","1 degree Level 2 land-harmonized V2 product","4 degree","area-weighted mean of finite source 1 degree cells"
"P_seasonality_pohl_sd",110,4050,"4 degree lon/lat; lon centers -178..178; lat centers -88..88","C:/Users/Google/Documents/HMSC-HIST/Phanerozoic_Environment_540_0Ma_5Myr_4deg_landharmonized_v2/08_rds_export/Phanerozoic_Environment_540_0Ma_5Myr_Level2_4deg_landharmonized_v2_compact_float32.rds","Monthly precipitation standard deviation","mm month-1","Pohl et al. 2022, land-harmonized to PALEOMAP PaleoDEM","Pohl monthly-derived climate variables from the original Level 2 workflow, land-harmonized to the PALEOMAP PaleoDEM land mask. Missing Pohl values on PALEOMAP land were filled from the nearest finite PALEOMAP-land Pohl cell using spherical-coordinate nearest-neighbour search; for continuous variables only, the filled cells were then smoothed with a 3 by 3 local mean while original finite cells were left unchanged. Ocean cells were masked to NA for terrestrial ecology use. Fill counts are recorded in land_harmonization_gapfill_audit.csv. Four-degree product: area-weighted mean of finite source 1 degree cells.","Level2 gridded","1 degree Level 2 land-harmonized V2 product","4 degree","area-weighted mean of finite source 1 degree cells"
"P_seasonality_pohl_sd",105,4050,"4 degree lon/lat; lon centers -178..178; lat centers -88..88","C:/Users/Google/Documents/HMSC-HIST/Phanerozoic_Environment_540_0Ma_5Myr_4deg_landharmonized_v2/08_rds_export/Phanerozoic_Environment_540_0Ma_5Myr_Level2_4deg_landharmonized_v2_compact_float32.rds","Monthly precipitation standard deviation","mm month-1","Pohl et al. 2022, land-harmonized to PALEOMAP PaleoDEM","Pohl monthly-derived climate variables from the original Level 2 workflow, land-harmonized to the PALEOMAP PaleoDEM land mask. Missing Pohl values on PALEOMAP land were filled from the nearest finite PALEOMAP-land Pohl cell using spherical-coordinate nearest-neighbour search; for continuous variables only, the filled cells were then smoothed with a 3 by 3 local mean while original finite cells were left unchanged. Ocean cells were masked to NA for terrestrial ecology use. Fill counts are recorded in land_harmonization_gapfill_audit.csv. Four-degree product: area-weighted mean of finite source 1 degree cells.","Level2 gridded","1 degree Level 2 land-harmonized V2 product","4 degree","area-weighted mean of finite source 1 degree cells"
"P_seasonality_pohl_sd",100,4050,"4 degree lon/lat; lon centers -178..178; lat centers -88..88","C:/Users/Google/Documents/HMSC-HIST/Phanerozoic_Environment_540_0Ma_5Myr_4deg_landharmonized_v2/08_rds_export/Phanerozoic_Environment_540_0Ma_5Myr_Level2_4deg_landharmonized_v2_compact_float32.rds","Monthly precipitation standard deviation","mm month-1","Pohl et al. 2022, land-harmonized to PALEOMAP PaleoDEM","Pohl monthly-derived climate variables from the original Level 2 workflow, land-harmonized to the PALEOMAP PaleoDEM land mask. Missing Pohl values on PALEOMAP land were filled from the nearest finite PALEOMAP-land Pohl cell using spherical-coordinate nearest-neighbour search; for continuous variables only, the filled cells were then smoothed with a 3 by 3 local mean while original finite cells were left unchanged. Ocean cells were masked to NA for terrestrial ecology use. Fill counts are recorded in land_harmonization_gapfill_audit.csv. Four-degree product: area-weighted mean of finite source 1 degree cells.","Level2 gridded","1 degree Level 2 land-harmonized V2 product","4 degree","area-weighted mean of finite source 1 degree cells"
"P_seasonality_pohl_sd",95,4050,"4 degree lon/lat; lon centers -178..178; lat centers -88..88","C:/Users/Google/Documents/HMSC-HIST/Phanerozoic_Environment_540_0Ma_5Myr_4deg_landharmonized_v2/08_rds_export/Phanerozoic_Environment_540_0Ma_5Myr_Level2_4deg_landharmonized_v2_compact_float32.rds","Monthly precipitation standard deviation","mm month-1","Pohl et al. 2022, land-harmonized to PALEOMAP PaleoDEM","Pohl monthly-derived climate variables from the original Level 2 workflow, land-harmonized to the PALEOMAP PaleoDEM land mask. Missing Pohl values on PALEOMAP land were filled from the nearest finite PALEOMAP-land Pohl cell using spherical-coordinate nearest-neighbour search; for continuous variables only, the filled cells were then smoothed with a 3 by 3 local mean while original finite cells were left unchanged. Ocean cells were masked to NA for terrestrial ecology use. Fill counts are recorded in land_harmonization_gapfill_audit.csv. Four-degree product: area-weighted mean of finite source 1 degree cells.","Level2 gridded","1 degree Level 2 land-harmonized V2 product","4 degree","area-weighted mean of finite source 1 degree cells"
"P_seasonality_pohl_sd",90,4050,"4 degree lon/lat; lon centers -178..178; lat centers -88..88","C:/Users/Google/Documents/HMSC-HIST/Phanerozoic_Environment_540_0Ma_5Myr_4deg_landharmonized_v2/08_rds_export/Phanerozoic_Environment_540_0Ma_5Myr_Level2_4deg_landharmonized_v2_compact_float32.rds","Monthly precipitation standard deviation","mm month-1","Pohl et al. 2022, land-harmonized to PALEOMAP PaleoDEM","Pohl monthly-derived climate variables from the original Level 2 workflow, land-harmonized to the PALEOMAP PaleoDEM land mask. Missing Pohl values on PALEOMAP land were filled from the nearest finite PALEOMAP-land Pohl cell using spherical-coordinate nearest-neighbour search; for continuous variables only, the filled cells were then smoothed with a 3 by 3 local mean while original finite cells were left unchanged. Ocean cells were masked to NA for terrestrial ecology use. Fill counts are recorded in land_harmonization_gapfill_audit.csv. Four-degree product: area-weighted mean of finite source 1 degree cells.","Level2 gridded","1 degree Level 2 land-harmonized V2 product","4 degree","area-weighted mean of finite source 1 degree cells"
"P_seasonality_pohl_sd",85,4050,"4 degree lon/lat; lon centers -178..178; lat centers -88..88","C:/Users/Google/Documents/HMSC-HIST/Phanerozoic_Environment_540_0Ma_5Myr_4deg_landharmonized_v2/08_rds_export/Phanerozoic_Environment_540_0Ma_5Myr_Level2_4deg_landharmonized_v2_compact_float32.rds","Monthly precipitation standard deviation","mm month-1","Pohl et al. 2022, land-harmonized to PALEOMAP PaleoDEM","Pohl monthly-derived climate variables from the original Level 2 workflow, land-harmonized to the PALEOMAP PaleoDEM land mask. Missing Pohl values on PALEOMAP land were filled from the nearest finite PALEOMAP-land Pohl cell using spherical-coordinate nearest-neighbour search; for continuous variables only, the filled cells were then smoothed with a 3 by 3 local mean while original finite cells were left unchanged. Ocean cells were masked to NA for terrestrial ecology use. Fill counts are recorded in land_harmonization_gapfill_audit.csv. Four-degree product: area-weighted mean of finite source 1 degree cells.","Level2 gridded","1 degree Level 2 land-harmonized V2 product","4 degree","area-weighted mean of finite source 1 degree cells"
"P_seasonality_pohl_sd",80,4050,"4 degree lon/lat; lon centers -178..178; lat centers -88..88","C:/Users/Google/Documents/HMSC-HIST/Phanerozoic_Environment_540_0Ma_5Myr_4deg_landharmonized_v2/08_rds_export/Phanerozoic_Environment_540_0Ma_5Myr_Level2_4deg_landharmonized_v2_compact_float32.rds","Monthly precipitation standard deviation","mm month-1","Pohl et al. 2022, land-harmonized to PALEOMAP PaleoDEM","Pohl monthly-derived climate variables from the original Level 2 workflow, land-harmonized to the PALEOMAP PaleoDEM land mask. Missing Pohl values on PALEOMAP land were filled from the nearest finite PALEOMAP-land Pohl cell using spherical-coordinate nearest-neighbour search; for continuous variables only, the filled cells were then smoothed with a 3 by 3 local mean while original finite cells were left unchanged. Ocean cells were masked to NA for terrestrial ecology use. Fill counts are recorded in land_harmonization_gapfill_audit.csv. Four-degree product: area-weighted mean of finite source 1 degree cells.","Level2 gridded","1 degree Level 2 land-harmonized V2 product","4 degree","area-weighted mean of finite source 1 degree cells"
"P_seasonality_pohl_sd",75,4050,"4 degree lon/lat; lon centers -178..178; lat centers -88..88","C:/Users/Google/Documents/HMSC-HIST/Phanerozoic_Environment_540_0Ma_5Myr_4deg_landharmonized_v2/08_rds_export/Phanerozoic_Environment_540_0Ma_5Myr_Level2_4deg_landharmonized_v2_compact_float32.rds","Monthly precipitation standard deviation","mm month-1","Pohl et al. 2022, land-harmonized to PALEOMAP PaleoDEM","Pohl monthly-derived climate variables from the original Level 2 workflow, land-harmonized to the PALEOMAP PaleoDEM land mask. Missing Pohl values on PALEOMAP land were filled from the nearest finite PALEOMAP-land Pohl cell using spherical-coordinate nearest-neighbour search; for continuous variables only, the filled cells were then smoothed with a 3 by 3 local mean while original finite cells were left unchanged. Ocean cells were masked to NA for terrestrial ecology use. Fill counts are recorded in land_harmonization_gapfill_audit.csv. Four-degree product: area-weighted mean of finite source 1 degree cells.","Level2 gridded","1 degree Level 2 land-harmonized V2 product","4 degree","area-weighted mean of finite source 1 degree cells"
"P_seasonality_pohl_sd",70,4050,"4 degree lon/lat; lon centers -178..178; lat centers -88..88","C:/Users/Google/Documents/HMSC-HIST/Phanerozoic_Environment_540_0Ma_5Myr_4deg_landharmonized_v2/08_rds_export/Phanerozoic_Environment_540_0Ma_5Myr_Level2_4deg_landharmonized_v2_compact_float32.rds","Monthly precipitation standard deviation","mm month-1","Pohl et al. 2022, land-harmonized to PALEOMAP PaleoDEM","Pohl monthly-derived climate variables from the original Level 2 workflow, land-harmonized to the PALEOMAP PaleoDEM land mask. Missing Pohl values on PALEOMAP land were filled from the nearest finite PALEOMAP-land Pohl cell using spherical-coordinate nearest-neighbour search; for continuous variables only, the filled cells were then smoothed with a 3 by 3 local mean while original finite cells were left unchanged. Ocean cells were masked to NA for terrestrial ecology use. Fill counts are recorded in land_harmonization_gapfill_audit.csv. Four-degree product: area-weighted mean of finite source 1 degree cells.","Level2 gridded","1 degree Level 2 land-harmonized V2 product","4 degree","area-weighted mean of finite source 1 degree cells"
"P_seasonality_pohl_sd",65,4050,"4 degree lon/lat; lon centers -178..178; lat centers -88..88","C:/Users/Google/Documents/HMSC-HIST/Phanerozoic_Environment_540_0Ma_5Myr_4deg_landharmonized_v2/08_rds_export/Phanerozoic_Environment_540_0Ma_5Myr_Level2_4deg_landharmonized_v2_compact_float32.rds","Monthly precipitation standard deviation","mm month-1","Pohl et al. 2022, land-harmonized to PALEOMAP PaleoDEM","Pohl monthly-derived climate variables from the original Level 2 workflow, land-harmonized to the PALEOMAP PaleoDEM land mask. Missing Pohl values on PALEOMAP land were filled from the nearest finite PALEOMAP-land Pohl cell using spherical-coordinate nearest-neighbour search; for continuous variables only, the filled cells were then smoothed with a 3 by 3 local mean while original finite cells were left unchanged. Ocean cells were masked to NA for terrestrial ecology use. Fill counts are recorded in land_harmonization_gapfill_audit.csv. Four-degree product: area-weighted mean of finite source 1 degree cells.","Level2 gridded","1 degree Level 2 land-harmonized V2 product","4 degree","area-weighted mean of finite source 1 degree cells"
"P_seasonality_pohl_sd",60,4050,"4 degree lon/lat; lon centers -178..178; lat centers -88..88","C:/Users/Google/Documents/HMSC-HIST/Phanerozoic_Environment_540_0Ma_5Myr_4deg_landharmonized_v2/08_rds_export/Phanerozoic_Environment_540_0Ma_5Myr_Level2_4deg_landharmonized_v2_compact_float32.rds","Monthly precipitation standard deviation","mm month-1","Pohl et al. 2022, land-harmonized to PALEOMAP PaleoDEM","Pohl monthly-derived climate variables from the original Level 2 workflow, land-harmonized to the PALEOMAP PaleoDEM land mask. Missing Pohl values on PALEOMAP land were filled from the nearest finite PALEOMAP-land Pohl cell using spherical-coordinate nearest-neighbour search; for continuous variables only, the filled cells were then smoothed with a 3 by 3 local mean while original finite cells were left unchanged. Ocean cells were masked to NA for terrestrial ecology use. Fill counts are recorded in land_harmonization_gapfill_audit.csv. Four-degree product: area-weighted mean of finite source 1 degree cells.","Level2 gridded","1 degree Level 2 land-harmonized V2 product","4 degree","area-weighted mean of finite source 1 degree cells"
"P_seasonality_pohl_sd",55,4050,"4 degree lon/lat; lon centers -178..178; lat centers -88..88","C:/Users/Google/Documents/HMSC-HIST/Phanerozoic_Environment_540_0Ma_5Myr_4deg_landharmonized_v2/08_rds_export/Phanerozoic_Environment_540_0Ma_5Myr_Level2_4deg_landharmonized_v2_compact_float32.rds","Monthly precipitation standard deviation","mm month-1","Pohl et al. 2022, land-harmonized to PALEOMAP PaleoDEM","Pohl monthly-derived climate variables from the original Level 2 workflow, land-harmonized to the PALEOMAP PaleoDEM land mask. Missing Pohl values on PALEOMAP land were filled from the nearest finite PALEOMAP-land Pohl cell using spherical-coordinate nearest-neighbour search; for continuous variables only, the filled cells were then smoothed with a 3 by 3 local mean while original finite cells were left unchanged. Ocean cells were masked to NA for terrestrial ecology use. Fill counts are recorded in land_harmonization_gapfill_audit.csv. Four-degree product: area-weighted mean of finite source 1 degree cells.","Level2 gridded","1 degree Level 2 land-harmonized V2 product","4 degree","area-weighted mean of finite source 1 degree cells"
"P_seasonality_pohl_sd",50,4050,"4 degree lon/lat; lon centers -178..178; lat centers -88..88","C:/Users/Google/Documents/HMSC-HIST/Phanerozoic_Environment_540_0Ma_5Myr_4deg_landharmonized_v2/08_rds_export/Phanerozoic_Environment_540_0Ma_5Myr_Level2_4deg_landharmonized_v2_compact_float32.rds","Monthly precipitation standard deviation","mm month-1","Pohl et al. 2022, land-harmonized to PALEOMAP PaleoDEM","Pohl monthly-derived climate variables from the original Level 2 workflow, land-harmonized to the PALEOMAP PaleoDEM land mask. Missing Pohl values on PALEOMAP land were filled from the nearest finite PALEOMAP-land Pohl cell using spherical-coordinate nearest-neighbour search; for continuous variables only, the filled cells were then smoothed with a 3 by 3 local mean while original finite cells were left unchanged. Ocean cells were masked to NA for terrestrial ecology use. Fill counts are recorded in land_harmonization_gapfill_audit.csv. Four-degree product: area-weighted mean of finite source 1 degree cells.","Level2 gridded","1 degree Level 2 land-harmonized V2 product","4 degree","area-weighted mean of finite source 1 degree cells"
"P_seasonality_pohl_sd",45,4050,"4 degree lon/lat; lon centers -178..178; lat centers -88..88","C:/Users/Google/Documents/HMSC-HIST/Phanerozoic_Environment_540_0Ma_5Myr_4deg_landharmonized_v2/08_rds_export/Phanerozoic_Environment_540_0Ma_5Myr_Level2_4deg_landharmonized_v2_compact_float32.rds","Monthly precipitation standard deviation","mm month-1","Pohl et al. 2022, land-harmonized to PALEOMAP PaleoDEM","Pohl monthly-derived climate variables from the original Level 2 workflow, land-harmonized to the PALEOMAP PaleoDEM land mask. Missing Pohl values on PALEOMAP land were filled from the nearest finite PALEOMAP-land Pohl cell using spherical-coordinate nearest-neighbour search; for continuous variables only, the filled cells were then smoothed with a 3 by 3 local mean while original finite cells were left unchanged. Ocean cells were masked to NA for terrestrial ecology use. Fill counts are recorded in land_harmonization_gapfill_audit.csv. Four-degree product: area-weighted mean of finite source 1 degree cells.","Level2 gridded","1 degree Level 2 land-harmonized V2 product","4 degree","area-weighted mean of finite source 1 degree cells"
"P_seasonality_pohl_sd",40,4050,"4 degree lon/lat; lon centers -178..178; lat centers -88..88","C:/Users/Google/Documents/HMSC-HIST/Phanerozoic_Environment_540_0Ma_5Myr_4deg_landharmonized_v2/08_rds_export/Phanerozoic_Environment_540_0Ma_5Myr_Level2_4deg_landharmonized_v2_compact_float32.rds","Monthly precipitation standard deviation","mm month-1","Pohl et al. 2022, land-harmonized to PALEOMAP PaleoDEM","Pohl monthly-derived climate variables from the original Level 2 workflow, land-harmonized to the PALEOMAP PaleoDEM land mask. Missing Pohl values on PALEOMAP land were filled from the nearest finite PALEOMAP-land Pohl cell using spherical-coordinate nearest-neighbour search; for continuous variables only, the filled cells were then smoothed with a 3 by 3 local mean while original finite cells were left unchanged. Ocean cells were masked to NA for terrestrial ecology use. Fill counts are recorded in land_harmonization_gapfill_audit.csv. Four-degree product: area-weighted mean of finite source 1 degree cells.","Level2 gridded","1 degree Level 2 land-harmonized V2 product","4 degree","area-weighted mean of finite source 1 degree cells"
"P_seasonality_pohl_sd",35,4050,"4 degree lon/lat; lon centers -178..178; lat centers -88..88","C:/Users/Google/Documents/HMSC-HIST/Phanerozoic_Environment_540_0Ma_5Myr_4deg_landharmonized_v2/08_rds_export/Phanerozoic_Environment_540_0Ma_5Myr_Level2_4deg_landharmonized_v2_compact_float32.rds","Monthly precipitation standard deviation","mm month-1","Pohl et al. 2022, land-harmonized to PALEOMAP PaleoDEM","Pohl monthly-derived climate variables from the original Level 2 workflow, land-harmonized to the PALEOMAP PaleoDEM land mask. Missing Pohl values on PALEOMAP land were filled from the nearest finite PALEOMAP-land Pohl cell using spherical-coordinate nearest-neighbour search; for continuous variables only, the filled cells were then smoothed with a 3 by 3 local mean while original finite cells were left unchanged. Ocean cells were masked to NA for terrestrial ecology use. Fill counts are recorded in land_harmonization_gapfill_audit.csv. Four-degree product: area-weighted mean of finite source 1 degree cells.","Level2 gridded","1 degree Level 2 land-harmonized V2 product","4 degree","area-weighted mean of finite source 1 degree cells"
"P_seasonality_pohl_sd",30,4050,"4 degree lon/lat; lon centers -178..178; lat centers -88..88","C:/Users/Google/Documents/HMSC-HIST/Phanerozoic_Environment_540_0Ma_5Myr_4deg_landharmonized_v2/08_rds_export/Phanerozoic_Environment_540_0Ma_5Myr_Level2_4deg_landharmonized_v2_compact_float32.rds","Monthly precipitation standard deviation","mm month-1","Pohl et al. 2022, land-harmonized to PALEOMAP PaleoDEM","Pohl monthly-derived climate variables from the original Level 2 workflow, land-harmonized to the PALEOMAP PaleoDEM land mask. Missing Pohl values on PALEOMAP land were filled from the nearest finite PALEOMAP-land Pohl cell using spherical-coordinate nearest-neighbour search; for continuous variables only, the filled cells were then smoothed with a 3 by 3 local mean while original finite cells were left unchanged. Ocean cells were masked to NA for terrestrial ecology use. Fill counts are recorded in land_harmonization_gapfill_audit.csv. Four-degree product: area-weighted mean of finite source 1 degree cells.","Level2 gridded","1 degree Level 2 land-harmonized V2 product","4 degree","area-weighted mean of finite source 1 degree cells"
"P_seasonality_pohl_sd",25,4050,"4 degree lon/lat; lon centers -178..178; lat centers -88..88","C:/Users/Google/Documents/HMSC-HIST/Phanerozoic_Environment_540_0Ma_5Myr_4deg_landharmonized_v2/08_rds_export/Phanerozoic_Environment_540_0Ma_5Myr_Level2_4deg_landharmonized_v2_compact_float32.rds","Monthly precipitation standard deviation","mm month-1","Pohl et al. 2022, land-harmonized to PALEOMAP PaleoDEM","Pohl monthly-derived climate variables from the original Level 2 workflow, land-harmonized to the PALEOMAP PaleoDEM land mask. Missing Pohl values on PALEOMAP land were filled from the nearest finite PALEOMAP-land Pohl cell using spherical-coordinate nearest-neighbour search; for continuous variables only, the filled cells were then smoothed with a 3 by 3 local mean while original finite cells were left unchanged. Ocean cells were masked to NA for terrestrial ecology use. Fill counts are recorded in land_harmonization_gapfill_audit.csv. Four-degree product: area-weighted mean of finite source 1 degree cells.","Level2 gridded","1 degree Level 2 land-harmonized V2 product","4 degree","area-weighted mean of finite source 1 degree cells"
"P_seasonality_pohl_sd",20,4050,"4 degree lon/lat; lon centers -178..178; lat centers -88..88","C:/Users/Google/Documents/HMSC-HIST/Phanerozoic_Environment_540_0Ma_5Myr_4deg_landharmonized_v2/08_rds_export/Phanerozoic_Environment_540_0Ma_5Myr_Level2_4deg_landharmonized_v2_compact_float32.rds","Monthly precipitation standard deviation","mm month-1","Pohl et al. 2022, land-harmonized to PALEOMAP PaleoDEM","Pohl monthly-derived climate variables from the original Level 2 workflow, land-harmonized to the PALEOMAP PaleoDEM land mask. Missing Pohl values on PALEOMAP land were filled from the nearest finite PALEOMAP-land Pohl cell using spherical-coordinate nearest-neighbour search; for continuous variables only, the filled cells were then smoothed with a 3 by 3 local mean while original finite cells were left unchanged. Ocean cells were masked to NA for terrestrial ecology use. Fill counts are recorded in land_harmonization_gapfill_audit.csv. Four-degree product: area-weighted mean of finite source 1 degree cells.","Level2 gridded","1 degree Level 2 land-harmonized V2 product","4 degree","area-weighted mean of finite source 1 degree cells"
"P_seasonality_pohl_sd",15,4050,"4 degree lon/lat; lon centers -178..178; lat centers -88..88","C:/Users/Google/Documents/HMSC-HIST/Phanerozoic_Environment_540_0Ma_5Myr_4deg_landharmonized_v2/08_rds_export/Phanerozoic_Environment_540_0Ma_5Myr_Level2_4deg_landharmonized_v2_compact_float32.rds","Monthly precipitation standard deviation","mm month-1","Pohl et al. 2022, land-harmonized to PALEOMAP PaleoDEM","Pohl monthly-derived climate variables from the original Level 2 workflow, land-harmonized to the PALEOMAP PaleoDEM land mask. Missing Pohl values on PALEOMAP land were filled from the nearest finite PALEOMAP-land Pohl cell using spherical-coordinate nearest-neighbour search; for continuous variables only, the filled cells were then smoothed with a 3 by 3 local mean while original finite cells were left unchanged. Ocean cells were masked to NA for terrestrial ecology use. Fill counts are recorded in land_harmonization_gapfill_audit.csv. Four-degree product: area-weighted mean of finite source 1 degree cells.","Level2 gridded","1 degree Level 2 land-harmonized V2 product","4 degree","area-weighted mean of finite source 1 degree cells"
"P_seasonality_pohl_sd",10,4050,"4 degree lon/lat; lon centers -178..178; lat centers -88..88","C:/Users/Google/Documents/HMSC-HIST/Phanerozoic_Environment_540_0Ma_5Myr_4deg_landharmonized_v2/08_rds_export/Phanerozoic_Environment_540_0Ma_5Myr_Level2_4deg_landharmonized_v2_compact_float32.rds","Monthly precipitation standard deviation","mm month-1","Pohl et al. 2022, land-harmonized to PALEOMAP PaleoDEM","Pohl monthly-derived climate variables from the original Level 2 workflow, land-harmonized to the PALEOMAP PaleoDEM land mask. Missing Pohl values on PALEOMAP land were filled from the nearest finite PALEOMAP-land Pohl cell using spherical-coordinate nearest-neighbour search; for continuous variables only, the filled cells were then smoothed with a 3 by 3 local mean while original finite cells were left unchanged. Ocean cells were masked to NA for terrestrial ecology use. Fill counts are recorded in land_harmonization_gapfill_audit.csv. Four-degree product: area-weighted mean of finite source 1 degree cells.","Level2 gridded","1 degree Level 2 land-harmonized V2 product","4 degree","area-weighted mean of finite source 1 degree cells"
"P_seasonality_pohl_sd",5,4050,"4 degree lon/lat; lon centers -178..178; lat centers -88..88","C:/Users/Google/Documents/HMSC-HIST/Phanerozoic_Environment_540_0Ma_5Myr_4deg_landharmonized_v2/08_rds_export/Phanerozoic_Environment_540_0Ma_5Myr_Level2_4deg_landharmonized_v2_compact_float32.rds","Monthly precipitation standard deviation","mm month-1","Pohl et al. 2022, land-harmonized to PALEOMAP PaleoDEM","Pohl monthly-derived climate variables from the original Level 2 workflow, land-harmonized to the PALEOMAP PaleoDEM land mask. Missing Pohl values on PALEOMAP land were filled from the nearest finite PALEOMAP-land Pohl cell using spherical-coordinate nearest-neighbour search; for continuous variables only, the filled cells were then smoothed with a 3 by 3 local mean while original finite cells were left unchanged. Ocean cells were masked to NA for terrestrial ecology use. Fill counts are recorded in land_harmonization_gapfill_audit.csv. Four-degree product: area-weighted mean of finite source 1 degree cells.","Level2 gridded","1 degree Level 2 land-harmonized V2 product","4 degree","area-weighted mean of finite source 1 degree cells"
"P_seasonality_pohl_sd",0,4050,"4 degree lon/lat; lon centers -178..178; lat centers -88..88","C:/Users/Google/Documents/HMSC-HIST/Phanerozoic_Environment_540_0Ma_5Myr_4deg_landharmonized_v2/08_rds_export/Phanerozoic_Environment_540_0Ma_5Myr_Level2_4deg_landharmonized_v2_compact_float32.rds","Monthly precipitation standard deviation","mm month-1","Pohl et al. 2022, land-harmonized to PALEOMAP PaleoDEM","Pohl monthly-derived climate variables from the original Level 2 workflow, land-harmonized to the PALEOMAP PaleoDEM land mask. Missing Pohl values on PALEOMAP land were filled from the nearest finite PALEOMAP-land Pohl cell using spherical-coordinate nearest-neighbour search; for continuous variables only, the filled cells were then smoothed with a 3 by 3 local mean while original finite cells were left unchanged. Ocean cells were masked to NA for terrestrial ecology use. Fill counts are recorded in land_harmonization_gapfill_audit.csv. Four-degree product: area-weighted mean of finite source 1 degree cells.","Level2 gridded","1 degree Level 2 land-harmonized V2 product","4 degree","area-weighted mean of finite source 1 degree cells"
"elevation_m",540,4050,"4 degree lon/lat; lon centers -178..178; lat centers -88..88","C:/Users/Google/Documents/HMSC-HIST/Phanerozoic_Environment_540_0Ma_5Myr_4deg_landharmonized_v2/08_rds_export/Phanerozoic_Environment_540_0Ma_5Myr_Level2_4deg_landharmonized_v2_compact_float32.rds","Land elevation","m","Scotese & Wright PALEOMAP PaleoDEMs","PALEOMAP PaleoDEM CSV was read as lon-lat-elevation, resampled to the 1 degree target grid, and used as the authoritative land-sea framework. In V2, terrestrial terrain variables are masked to PALEOMAP land and filled on land where the old terrain derivative had edge NA values; bathymetry, shelf, and deep-ocean masks are constrained to ocean cells. Four-degree product: area-weighted mean of finite source 1 degree cells.","Level2 gridded","1 degree Level 2 land-harmonized V2 product","4 degree","area-weighted mean of finite source 1 degree cells"
"elevation_m",535,4050,"4 degree lon/lat; lon centers -178..178; lat centers -88..88","C:/Users/Google/Documents/HMSC-HIST/Phanerozoic_Environment_540_0Ma_5Myr_4deg_landharmonized_v2/08_rds_export/Phanerozoic_Environment_540_0Ma_5Myr_Level2_4deg_landharmonized_v2_compact_float32.rds","Land elevation","m","Scotese & Wright PALEOMAP PaleoDEMs","PALEOMAP PaleoDEM CSV was read as lon-lat-elevation, resampled to the 1 degree target grid, and used as the authoritative land-sea framework. In V2, terrestrial terrain variables are masked to PALEOMAP land and filled on land where the old terrain derivative had edge NA values; bathymetry, shelf, and deep-ocean masks are constrained to ocean cells. Four-degree product: area-weighted mean of finite source 1 degree cells.","Level2 gridded","1 degree Level 2 land-harmonized V2 product","4 degree","area-weighted mean of finite source 1 degree cells"
"elevation_m",530,4050,"4 degree lon/lat; lon centers -178..178; lat centers -88..88","C:/Users/Google/Documents/HMSC-HIST/Phanerozoic_Environment_540_0Ma_5Myr_4deg_landharmonized_v2/08_rds_export/Phanerozoic_Environment_540_0Ma_5Myr_Level2_4deg_landharmonized_v2_compact_float32.rds","Land elevation","m","Scotese & Wright PALEOMAP PaleoDEMs","PALEOMAP PaleoDEM CSV was read as lon-lat-elevation, resampled to the 1 degree target grid, and used as the authoritative land-sea framework. In V2, terrestrial terrain variables are masked to PALEOMAP land and filled on land where the old terrain derivative had edge NA values; bathymetry, shelf, and deep-ocean masks are constrained to ocean cells. Four-degree product: area-weighted mean of finite source 1 degree cells.","Level2 gridded","1 degree Level 2 land-harmonized V2 product","4 degree","area-weighted mean of finite source 1 degree cells"
"elevation_m",525,4050,"4 degree lon/lat; lon centers -178..178; lat centers -88..88","C:/Users/Google/Documents/HMSC-HIST/Phanerozoic_Environment_540_0Ma_5Myr_4deg_landharmonized_v2/08_rds_export/Phanerozoic_Environment_540_0Ma_5Myr_Level2_4deg_landharmonized_v2_compact_float32.rds","Land elevation","m","Scotese & Wright PALEOMAP PaleoDEMs","PALEOMAP PaleoDEM CSV was read as lon-lat-elevation, resampled to the 1 degree target grid, and used as the authoritative land-sea framework. In V2, terrestrial terrain variables are masked to PALEOMAP land and filled on land where the old terrain derivative had edge NA values; bathymetry, shelf, and deep-ocean masks are constrained to ocean cells. Four-degree product: area-weighted mean of finite source 1 degree cells.","Level2 gridded","1 degree Level 2 land-harmonized V2 product","4 degree","area-weighted mean of finite source 1 degree cells"
"elevation_m",520,4050,"4 degree lon/lat; lon centers -178..178; lat centers -88..88","C:/Users/Google/Documents/HMSC-HIST/Phanerozoic_Environment_540_0Ma_5Myr_4deg_landharmonized_v2/08_rds_export/Phanerozoic_Environment_540_0Ma_5Myr_Level2_4deg_landharmonized_v2_compact_float32.rds","Land elevation","m","Scotese & Wright PALEOMAP PaleoDEMs","PALEOMAP PaleoDEM CSV was read as lon-lat-elevation, resampled to the 1 degree target grid, and used as the authoritative land-sea framework. In V2, terrestrial terrain variables are masked to PALEOMAP land and filled on land where the old terrain derivative had edge NA values; bathymetry, shelf, and deep-ocean masks are constrained to ocean cells. Four-degree product: area-weighted mean of finite source 1 degree cells.","Level2 gridded","1 degree Level 2 land-harmonized V2 product","4 degree","area-weighted mean of finite source 1 degree cells"
"elevation_m",515,4050,"4 degree lon/lat; lon centers -178..178; lat centers -88..88","C:/Users/Google/Documents/HMSC-HIST/Phanerozoic_Environment_540_0Ma_5Myr_4deg_landharmonized_v2/08_rds_export/Phanerozoic_Environment_540_0Ma_5Myr_Level2_4deg_landharmonized_v2_compact_float32.rds","Land elevation","m","Scotese & Wright PALEOMAP PaleoDEMs","PALEOMAP PaleoDEM CSV was read as lon-lat-elevation, resampled to the 1 degree target grid, and used as the authoritative land-sea framework. In V2, terrestrial terrain variables are masked to PALEOMAP land and filled on land where the old terrain derivative had edge NA values; bathymetry, shelf, and deep-ocean masks are constrained to ocean cells. Four-degree product: area-weighted mean of finite source 1 degree cells.","Level2 gridded","1 degree Level 2 land-harmonized V2 product","4 degree","area-weighted mean of finite source 1 degree cells"
"elevation_m",510,4050,"4 degree lon/lat; lon centers -178..178; lat centers -88..88","C:/Users/Google/Documents/HMSC-HIST/Phanerozoic_Environment_540_0Ma_5Myr_4deg_landharmonized_v2/08_rds_export/Phanerozoic_Environment_540_0Ma_5Myr_Level2_4deg_landharmonized_v2_compact_float32.rds","Land elevation","m","Scotese & Wright PALEOMAP PaleoDEMs","PALEOMAP PaleoDEM CSV was read as lon-lat-elevation, resampled to the 1 degree target grid, and used as the authoritative land-sea framework. In V2, terrestrial terrain variables are masked to PALEOMAP land and filled on land where the old terrain derivative had edge NA values; bathymetry, shelf, and deep-ocean masks are constrained to ocean cells. Four-degree product: area-weighted mean of finite source 1 degree cells.","Level2 gridded","1 degree Level 2 land-harmonized V2 product","4 degree","area-weighted mean of finite source 1 degree cells"
"elevation_m",505,4050,"4 degree lon/lat; lon centers -178..178; lat centers -88..88","C:/Users/Google/Documents/HMSC-HIST/Phanerozoic_Environment_540_0Ma_5Myr_4deg_landharmonized_v2/08_rds_export/Phanerozoic_Environment_540_0Ma_5Myr_Level2_4deg_landharmonized_v2_compact_float32.rds","Land elevation","m","Scotese & Wright PALEOMAP PaleoDEMs","PALEOMAP PaleoDEM CSV was read as lon-lat-elevation, resampled to the 1 degree target grid, and used as the authoritative land-sea framework. In V2, terrestrial terrain variables are masked to PALEOMAP land and filled on land where the old terrain derivative had edge NA values; bathymetry, shelf, and deep-ocean masks are constrained to ocean cells. Four-degree product: area-weighted mean of finite source 1 degree cells.","Level2 gridded","1 degree Level 2 land-harmonized V2 product","4 degree","area-weighted mean of finite source 1 degree cells"
"elevation_m",500,4050,"4 degree lon/lat; lon centers -178..178; lat centers -88..88","C:/Users/Google/Documents/HMSC-HIST/Phanerozoic_Environment_540_0Ma_5Myr_4deg_landharmonized_v2/08_rds_export/Phanerozoic_Environment_540_0Ma_5Myr_Level2_4deg_landharmonized_v2_compact_float32.rds","Land elevation","m","Scotese & Wright PALEOMAP PaleoDEMs","PALEOMAP PaleoDEM CSV was read as lon-lat-elevation, resampled to the 1 degree target grid, and used as the authoritative land-sea framework. In V2, terrestrial terrain variables are masked to PALEOMAP land and filled on land where the old terrain derivative had edge NA values; bathymetry, shelf, and deep-ocean masks are constrained to ocean cells. Four-degree product: area-weighted mean of finite source 1 degree cells.","Level2 gridded","1 degree Level 2 land-harmonized V2 product","4 degree","area-weighted mean of finite source 1 degree cells"
"elevation_m",495,4050,"4 degree lon/lat; lon centers -178..178; lat centers -88..88","C:/Users/Google/Documents/HMSC-HIST/Phanerozoic_Environment_540_0Ma_5Myr_4deg_landharmonized_v2/08_rds_export/Phanerozoic_Environment_540_0Ma_5Myr_Level2_4deg_landharmonized_v2_compact_float32.rds","Land elevation","m","Scotese & Wright PALEOMAP PaleoDEMs","PALEOMAP PaleoDEM CSV was read as lon-lat-elevation, resampled to the 1 degree target grid, and used as the authoritative land-sea framework. In V2, terrestrial terrain variables are masked to PALEOMAP land and filled on land where the old terrain derivative had edge NA values; bathymetry, shelf, and deep-ocean masks are constrained to ocean cells. Four-degree product: area-weighted mean of finite source 1 degree cells.","Level2 gridded","1 degree Level 2 land-harmonized V2 product","4 degree","area-weighted mean of finite source 1 degree cells"
"elevation_m",490,4050,"4 degree lon/lat; lon centers -178..178; lat centers -88..88","C:/Users/Google/Documents/HMSC-HIST/Phanerozoic_Environment_540_0Ma_5Myr_4deg_landharmonized_v2/08_rds_export/Phanerozoic_Environment_540_0Ma_5Myr_Level2_4deg_landharmonized_v2_compact_float32.rds","Land elevation","m","Scotese & Wright PALEOMAP PaleoDEMs","PALEOMAP PaleoDEM CSV was read as lon-lat-elevation, resampled to the 1 degree target grid, and used as the authoritative land-sea framework. In V2, terrestrial terrain variables are masked to PALEOMAP land and filled on land where the old terrain derivative had edge NA values; bathymetry, shelf, and deep-ocean masks are constrained to ocean cells. Four-degree product: area-weighted mean of finite source 1 degree cells.","Level2 gridded","1 degree Level 2 land-harmonized V2 product","4 degree","area-weighted mean of finite source 1 degree cells"
"elevation_m",485,4050,"4 degree lon/lat; lon centers -178..178; lat centers -88..88","C:/Users/Google/Documents/HMSC-HIST/Phanerozoic_Environment_540_0Ma_5Myr_4deg_landharmonized_v2/08_rds_export/Phanerozoic_Environment_540_0Ma_5Myr_Level2_4deg_landharmonized_v2_compact_float32.rds","Land elevation","m","Scotese & Wright PALEOMAP PaleoDEMs","PALEOMAP PaleoDEM CSV was read as lon-lat-elevation, resampled to the 1 degree target grid, and used as the authoritative land-sea framework. In V2, terrestrial terrain variables are masked to PALEOMAP land and filled on land where the old terrain derivative had edge NA values; bathymetry, shelf, and deep-ocean masks are constrained to ocean cells. Four-degree product: area-weighted mean of finite source 1 degree cells.","Level2 gridded","1 degree Level 2 land-harmonized V2 product","4 degree","area-weighted mean of finite source 1 degree cells"
"elevation_m",480,4050,"4 degree lon/lat; lon centers -178..178; lat centers -88..88","C:/Users/Google/Documents/HMSC-HIST/Phanerozoic_Environment_540_0Ma_5Myr_4deg_landharmonized_v2/08_rds_export/Phanerozoic_Environment_540_0Ma_5Myr_Level2_4deg_landharmonized_v2_compact_float32.rds","Land elevation","m","Scotese & Wright PALEOMAP PaleoDEMs","PALEOMAP PaleoDEM CSV was read as lon-lat-elevation, resampled to the 1 degree target grid, and used as the authoritative land-sea framework. In V2, terrestrial terrain variables are masked to PALEOMAP land and filled on land where the old terrain derivative had edge NA values; bathymetry, shelf, and deep-ocean masks are constrained to ocean cells. Four-degree product: area-weighted mean of finite source 1 degree cells.","Level2 gridded","1 degree Level 2 land-harmonized V2 product","4 degree","area-weighted mean of finite source 1 degree cells"
"elevation_m",475,4050,"4 degree lon/lat; lon centers -178..178; lat centers -88..88","C:/Users/Google/Documents/HMSC-HIST/Phanerozoic_Environment_540_0Ma_5Myr_4deg_landharmonized_v2/08_rds_export/Phanerozoic_Environment_540_0Ma_5Myr_Level2_4deg_landharmonized_v2_compact_float32.rds","Land elevation","m","Scotese & Wright PALEOMAP PaleoDEMs","PALEOMAP PaleoDEM CSV was read as lon-lat-elevation, resampled to the 1 degree target grid, and used as the authoritative land-sea framework. In V2, terrestrial terrain variables are masked to PALEOMAP land and filled on land where the old terrain derivative had edge NA values; bathymetry, shelf, and deep-ocean masks are constrained to ocean cells. Four-degree product: area-weighted mean of finite source 1 degree cells.","Level2 gridded","1 degree Level 2 land-harmonized V2 product","4 degree","area-weighted mean of finite source 1 degree cells"
"elevation_m",470,4050,"4 degree lon/lat; lon centers -178..178; lat centers -88..88","C:/Users/Google/Documents/HMSC-HIST/Phanerozoic_Environment_540_0Ma_5Myr_4deg_landharmonized_v2/08_rds_export/Phanerozoic_Environment_540_0Ma_5Myr_Level2_4deg_landharmonized_v2_compact_float32.rds","Land elevation","m","Scotese & Wright PALEOMAP PaleoDEMs","PALEOMAP PaleoDEM CSV was read as lon-lat-elevation, resampled to the 1 degree target grid, and used as the authoritative land-sea framework. In V2, terrestrial terrain variables are masked to PALEOMAP land and filled on land where the old terrain derivative had edge NA values; bathymetry, shelf, and deep-ocean masks are constrained to ocean cells. Four-degree product: area-weighted mean of finite source 1 degree cells.","Level2 gridded","1 degree Level 2 land-harmonized V2 product","4 degree","area-weighted mean of finite source 1 degree cells"
"elevation_m",465,4050,"4 degree lon/lat; lon centers -178..178; lat centers -88..88","C:/Users/Google/Documents/HMSC-HIST/Phanerozoic_Environment_540_0Ma_5Myr_4deg_landharmonized_v2/08_rds_export/Phanerozoic_Environment_540_0Ma_5Myr_Level2_4deg_landharmonized_v2_compact_float32.rds","Land elevation","m","Scotese & Wright PALEOMAP PaleoDEMs","PALEOMAP PaleoDEM CSV was read as lon-lat-elevation, resampled to the 1 degree target grid, and used as the authoritative land-sea framework. In V2, terrestrial terrain variables are masked to PALEOMAP land and filled on land where the old terrain derivative had edge NA values; bathymetry, shelf, and deep-ocean masks are constrained to ocean cells. Four-degree product: area-weighted mean of finite source 1 degree cells.","Level2 gridded","1 degree Level 2 land-harmonized V2 product","4 degree","area-weighted mean of finite source 1 degree cells"
"elevation_m",460,4050,"4 degree lon/lat; lon centers -178..178; lat centers -88..88","C:/Users/Google/Documents/HMSC-HIST/Phanerozoic_Environment_540_0Ma_5Myr_4deg_landharmonized_v2/08_rds_export/Phanerozoic_Environment_540_0Ma_5Myr_Level2_4deg_landharmonized_v2_compact_float32.rds","Land elevation","m","Scotese & Wright PALEOMAP PaleoDEMs","PALEOMAP PaleoDEM CSV was read as lon-lat-elevation, resampled to the 1 degree target grid, and used as the authoritative land-sea framework. In V2, terrestrial terrain variables are masked to PALEOMAP land and filled on land where the old terrain derivative had edge NA values; bathymetry, shelf, and deep-ocean masks are constrained to ocean cells. Four-degree product: area-weighted mean of finite source 1 degree cells.","Level2 gridded","1 degree Level 2 land-harmonized V2 product","4 degree","area-weighted mean of finite source 1 degree cells"
"elevation_m",455,4050,"4 degree lon/lat; lon centers -178..178; lat centers -88..88","C:/Users/Google/Documents/HMSC-HIST/Phanerozoic_Environment_540_0Ma_5Myr_4deg_landharmonized_v2/08_rds_export/Phanerozoic_Environment_540_0Ma_5Myr_Level2_4deg_landharmonized_v2_compact_float32.rds","Land elevation","m","Scotese & Wright PALEOMAP PaleoDEMs","PALEOMAP PaleoDEM CSV was read as lon-lat-elevation, resampled to the 1 degree target grid, and used as the authoritative land-sea framework. In V2, terrestrial terrain variables are masked to PALEOMAP land and filled on land where the old terrain derivative had edge NA values; bathymetry, shelf, and deep-ocean masks are constrained to ocean cells. Four-degree product: area-weighted mean of finite source 1 degree cells.","Level2 gridded","1 degree Level 2 land-harmonized V2 product","4 degree","area-weighted mean of finite source 1 degree cells"
"elevation_m",450,4050,"4 degree lon/lat; lon centers -178..178; lat centers -88..88","C:/Users/Google/Documents/HMSC-HIST/Phanerozoic_Environment_540_0Ma_5Myr_4deg_landharmonized_v2/08_rds_export/Phanerozoic_Environment_540_0Ma_5Myr_Level2_4deg_landharmonized_v2_compact_float32.rds","Land elevation","m","Scotese & Wright PALEOMAP PaleoDEMs","PALEOMAP PaleoDEM CSV was read as lon-lat-elevation, resampled to the 1 degree target grid, and used as the authoritative land-sea framework. In V2, terrestrial terrain variables are masked to PALEOMAP land and filled on land where the old terrain derivative had edge NA values; bathymetry, shelf, and deep-ocean masks are constrained to ocean cells. Four-degree product: area-weighted mean of finite source 1 degree cells.","Level2 gridded","1 degree Level 2 land-harmonized V2 product","4 degree","area-weighted mean of finite source 1 degree cells"
"elevation_m",445,4050,"4 degree lon/lat; lon centers -178..178; lat centers -88..88","C:/Users/Google/Documents/HMSC-HIST/Phanerozoic_Environment_540_0Ma_5Myr_4deg_landharmonized_v2/08_rds_export/Phanerozoic_Environment_540_0Ma_5Myr_Level2_4deg_landharmonized_v2_compact_float32.rds","Land elevation","m","Scotese & Wright PALEOMAP PaleoDEMs","PALEOMAP PaleoDEM CSV was read as lon-lat-elevation, resampled to the 1 degree target grid, and used as the authoritative land-sea framework. In V2, terrestrial terrain variables are masked to PALEOMAP land and filled on land where the old terrain derivative had edge NA values; bathymetry, shelf, and deep-ocean masks are constrained to ocean cells. Four-degree product: area-weighted mean of finite source 1 degree cells.","Level2 gridded","1 degree Level 2 land-harmonized V2 product","4 degree","area-weighted mean of finite source 1 degree cells"
"elevation_m",440,4050,"4 degree lon/lat; lon centers -178..178; lat centers -88..88","C:/Users/Google/Documents/HMSC-HIST/Phanerozoic_Environment_540_0Ma_5Myr_4deg_landharmonized_v2/08_rds_export/Phanerozoic_Environment_540_0Ma_5Myr_Level2_4deg_landharmonized_v2_compact_float32.rds","Land elevation","m","Scotese & Wright PALEOMAP PaleoDEMs","PALEOMAP PaleoDEM CSV was read as lon-lat-elevation, resampled to the 1 degree target grid, and used as the authoritative land-sea framework. In V2, terrestrial terrain variables are masked to PALEOMAP land and filled on land where the old terrain derivative had edge NA values; bathymetry, shelf, and deep-ocean masks are constrained to ocean cells. Four-degree product: area-weighted mean of finite source 1 degree cells.","Level2 gridded","1 degree Level 2 land-harmonized V2 product","4 degree","area-weighted mean of finite source 1 degree cells"
"elevation_m",435,4050,"4 degree lon/lat; lon centers -178..178; lat centers -88..88","C:/Users/Google/Documents/HMSC-HIST/Phanerozoic_Environment_540_0Ma_5Myr_4deg_landharmonized_v2/08_rds_export/Phanerozoic_Environment_540_0Ma_5Myr_Level2_4deg_landharmonized_v2_compact_float32.rds","Land elevation","m","Scotese & Wright PALEOMAP PaleoDEMs","PALEOMAP PaleoDEM CSV was read as lon-lat-elevation, resampled to the 1 degree target grid, and used as the authoritative land-sea framework. In V2, terrestrial terrain variables are masked to PALEOMAP land and filled on land where the old terrain derivative had edge NA values; bathymetry, shelf, and deep-ocean masks are constrained to ocean cells. Four-degree product: area-weighted mean of finite source 1 degree cells.","Level2 gridded","1 degree Level 2 land-harmonized V2 product","4 degree","area-weighted mean of finite source 1 degree cells"
"elevation_m",430,4050,"4 degree lon/lat; lon centers -178..178; lat centers -88..88","C:/Users/Google/Documents/HMSC-HIST/Phanerozoic_Environment_540_0Ma_5Myr_4deg_landharmonized_v2/08_rds_export/Phanerozoic_Environment_540_0Ma_5Myr_Level2_4deg_landharmonized_v2_compact_float32.rds","Land elevation","m","Scotese & Wright PALEOMAP PaleoDEMs","PALEOMAP PaleoDEM CSV was read as lon-lat-elevation, resampled to the 1 degree target grid, and used as the authoritative land-sea framework. In V2, terrestrial terrain variables are masked to PALEOMAP land and filled on land where the old terrain derivative had edge NA values; bathymetry, shelf, and deep-ocean masks are constrained to ocean cells. Four-degree product: area-weighted mean of finite source 1 degree cells.","Level2 gridded","1 degree Level 2 land-harmonized V2 product","4 degree","area-weighted mean of finite source 1 degree cells"
"elevation_m",425,4050,"4 degree lon/lat; lon centers -178..178; lat centers -88..88","C:/Users/Google/Documents/HMSC-HIST/Phanerozoic_Environment_540_0Ma_5Myr_4deg_landharmonized_v2/08_rds_export/Phanerozoic_Environment_540_0Ma_5Myr_Level2_4deg_landharmonized_v2_compact_float32.rds","Land elevation","m","Scotese & Wright PALEOMAP PaleoDEMs","PALEOMAP PaleoDEM CSV was read as lon-lat-elevation, resampled to the 1 degree target grid, and used as the authoritative land-sea framework. In V2, terrestrial terrain variables are masked to PALEOMAP land and filled on land where the old terrain derivative had edge NA values; bathymetry, shelf, and deep-ocean masks are constrained to ocean cells. Four-degree product: area-weighted mean of finite source 1 degree cells.","Level2 gridded","1 degree Level 2 land-harmonized V2 product","4 degree","area-weighted mean of finite source 1 degree cells"
"elevation_m",420,4050,"4 degree lon/lat; lon centers -178..178; lat centers -88..88","C:/Users/Google/Documents/HMSC-HIST/Phanerozoic_Environment_540_0Ma_5Myr_4deg_landharmonized_v2/08_rds_export/Phanerozoic_Environment_540_0Ma_5Myr_Level2_4deg_landharmonized_v2_compact_float32.rds","Land elevation","m","Scotese & Wright PALEOMAP PaleoDEMs","PALEOMAP PaleoDEM CSV was read as lon-lat-elevation, resampled to the 1 degree target grid, and used as the authoritative land-sea framework. In V2, terrestrial terrain variables are masked to PALEOMAP land and filled on land where the old terrain derivative had edge NA values; bathymetry, shelf, and deep-ocean masks are constrained to ocean cells. Four-degree product: area-weighted mean of finite source 1 degree cells.","Level2 gridded","1 degree Level 2 land-harmonized V2 product","4 degree","area-weighted mean of finite source 1 degree cells"
"elevation_m",415,4050,"4 degree lon/lat; lon centers -178..178; lat centers -88..88","C:/Users/Google/Documents/HMSC-HIST/Phanerozoic_Environment_540_0Ma_5Myr_4deg_landharmonized_v2/08_rds_export/Phanerozoic_Environment_540_0Ma_5Myr_Level2_4deg_landharmonized_v2_compact_float32.rds","Land elevation","m","Scotese & Wright PALEOMAP PaleoDEMs","PALEOMAP PaleoDEM CSV was read as lon-lat-elevation, resampled to the 1 degree target grid, and used as the authoritative land-sea framework. In V2, terrestrial terrain variables are masked to PALEOMAP land and filled on land where the old terrain derivative had edge NA values; bathymetry, shelf, and deep-ocean masks are constrained to ocean cells. Four-degree product: area-weighted mean of finite source 1 degree cells.","Level2 gridded","1 degree Level 2 land-harmonized V2 product","4 degree","area-weighted mean of finite source 1 degree cells"
"elevation_m",410,4050,"4 degree lon/lat; lon centers -178..178; lat centers -88..88","C:/Users/Google/Documents/HMSC-HIST/Phanerozoic_Environment_540_0Ma_5Myr_4deg_landharmonized_v2/08_rds_export/Phanerozoic_Environment_540_0Ma_5Myr_Level2_4deg_landharmonized_v2_compact_float32.rds","Land elevation","m","Scotese & Wright PALEOMAP PaleoDEMs","PALEOMAP PaleoDEM CSV was read as lon-lat-elevation, resampled to the 1 degree target grid, and used as the authoritative land-sea framework. In V2, terrestrial terrain variables are masked to PALEOMAP land and filled on land where the old terrain derivative had edge NA values; bathymetry, shelf, and deep-ocean masks are constrained to ocean cells. Four-degree product: area-weighted mean of finite source 1 degree cells.","Level2 gridded","1 degree Level 2 land-harmonized V2 product","4 degree","area-weighted mean of finite source 1 degree cells"
"elevation_m",405,4050,"4 degree lon/lat; lon centers -178..178; lat centers -88..88","C:/Users/Google/Documents/HMSC-HIST/Phanerozoic_Environment_540_0Ma_5Myr_4deg_landharmonized_v2/08_rds_export/Phanerozoic_Environment_540_0Ma_5Myr_Level2_4deg_landharmonized_v2_compact_float32.rds","Land elevation","m","Scotese & Wright PALEOMAP PaleoDEMs","PALEOMAP PaleoDEM CSV was read as lon-lat-elevation, resampled to the 1 degree target grid, and used as the authoritative land-sea framework. In V2, terrestrial terrain variables are masked to PALEOMAP land and filled on land where the old terrain derivative had edge NA values; bathymetry, shelf, and deep-ocean masks are constrained to ocean cells. Four-degree product: area-weighted mean of finite source 1 degree cells.","Level2 gridded","1 degree Level 2 land-harmonized V2 product","4 degree","area-weighted mean of finite source 1 degree cells"
"elevation_m",400,4050,"4 degree lon/lat; lon centers -178..178; lat centers -88..88","C:/Users/Google/Documents/HMSC-HIST/Phanerozoic_Environment_540_0Ma_5Myr_4deg_landharmonized_v2/08_rds_export/Phanerozoic_Environment_540_0Ma_5Myr_Level2_4deg_landharmonized_v2_compact_float32.rds","Land elevation","m","Scotese & Wright PALEOMAP PaleoDEMs","PALEOMAP PaleoDEM CSV was read as lon-lat-elevation, resampled to the 1 degree target grid, and used as the authoritative land-sea framework. In V2, terrestrial terrain variables are masked to PALEOMAP land and filled on land where the old terrain derivative had edge NA values; bathymetry, shelf, and deep-ocean masks are constrained to ocean cells. Four-degree product: area-weighted mean of finite source 1 degree cells.","Level2 gridded","1 degree Level 2 land-harmonized V2 product","4 degree","area-weighted mean of finite source 1 degree cells"
"elevation_m",395,4050,"4 degree lon/lat; lon centers -178..178; lat centers -88..88","C:/Users/Google/Documents/HMSC-HIST/Phanerozoic_Environment_540_0Ma_5Myr_4deg_landharmonized_v2/08_rds_export/Phanerozoic_Environment_540_0Ma_5Myr_Level2_4deg_landharmonized_v2_compact_float32.rds","Land elevation","m","Scotese & Wright PALEOMAP PaleoDEMs","PALEOMAP PaleoDEM CSV was read as lon-lat-elevation, resampled to the 1 degree target grid, and used as the authoritative land-sea framework. In V2, terrestrial terrain variables are masked to PALEOMAP land and filled on land where the old terrain derivative had edge NA values; bathymetry, shelf, and deep-ocean masks are constrained to ocean cells. Four-degree product: area-weighted mean of finite source 1 degree cells.","Level2 gridded","1 degree Level 2 land-harmonized V2 product","4 degree","area-weighted mean of finite source 1 degree cells"
"elevation_m",390,4050,"4 degree lon/lat; lon centers -178..178; lat centers -88..88","C:/Users/Google/Documents/HMSC-HIST/Phanerozoic_Environment_540_0Ma_5Myr_4deg_landharmonized_v2/08_rds_export/Phanerozoic_Environment_540_0Ma_5Myr_Level2_4deg_landharmonized_v2_compact_float32.rds","Land elevation","m","Scotese & Wright PALEOMAP PaleoDEMs","PALEOMAP PaleoDEM CSV was read as lon-lat-elevation, resampled to the 1 degree target grid, and used as the authoritative land-sea framework. In V2, terrestrial terrain variables are masked to PALEOMAP land and filled on land where the old terrain derivative had edge NA values; bathymetry, shelf, and deep-ocean masks are constrained to ocean cells. Four-degree product: area-weighted mean of finite source 1 degree cells.","Level2 gridded","1 degree Level 2 land-harmonized V2 product","4 degree","area-weighted mean of finite source 1 degree cells"
"elevation_m",385,4050,"4 degree lon/lat; lon centers -178..178; lat centers -88..88","C:/Users/Google/Documents/HMSC-HIST/Phanerozoic_Environment_540_0Ma_5Myr_4deg_landharmonized_v2/08_rds_export/Phanerozoic_Environment_540_0Ma_5Myr_Level2_4deg_landharmonized_v2_compact_float32.rds","Land elevation","m","Scotese & Wright PALEOMAP PaleoDEMs","PALEOMAP PaleoDEM CSV was read as lon-lat-elevation, resampled to the 1 degree target grid, and used as the authoritative land-sea framework. In V2, terrestrial terrain variables are masked to PALEOMAP land and filled on land where the old terrain derivative had edge NA values; bathymetry, shelf, and deep-ocean masks are constrained to ocean cells. Four-degree product: area-weighted mean of finite source 1 degree cells.","Level2 gridded","1 degree Level 2 land-harmonized V2 product","4 degree","area-weighted mean of finite source 1 degree cells"
"elevation_m",380,4050,"4 degree lon/lat; lon centers -178..178; lat centers -88..88","C:/Users/Google/Documents/HMSC-HIST/Phanerozoic_Environment_540_0Ma_5Myr_4deg_landharmonized_v2/08_rds_export/Phanerozoic_Environment_540_0Ma_5Myr_Level2_4deg_landharmonized_v2_compact_float32.rds","Land elevation","m","Scotese & Wright PALEOMAP PaleoDEMs","PALEOMAP PaleoDEM CSV was read as lon-lat-elevation, resampled to the 1 degree target grid, and used as the authoritative land-sea framework. In V2, terrestrial terrain variables are masked to PALEOMAP land and filled on land where the old terrain derivative had edge NA values; bathymetry, shelf, and deep-ocean masks are constrained to ocean cells. Four-degree product: area-weighted mean of finite source 1 degree cells.","Level2 gridded","1 degree Level 2 land-harmonized V2 product","4 degree","area-weighted mean of finite source 1 degree cells"
"elevation_m",375,4050,"4 degree lon/lat; lon centers -178..178; lat centers -88..88","C:/Users/Google/Documents/HMSC-HIST/Phanerozoic_Environment_540_0Ma_5Myr_4deg_landharmonized_v2/08_rds_export/Phanerozoic_Environment_540_0Ma_5Myr_Level2_4deg_landharmonized_v2_compact_float32.rds","Land elevation","m","Scotese & Wright PALEOMAP PaleoDEMs","PALEOMAP PaleoDEM CSV was read as lon-lat-elevation, resampled to the 1 degree target grid, and used as the authoritative land-sea framework. In V2, terrestrial terrain variables are masked to PALEOMAP land and filled on land where the old terrain derivative had edge NA values; bathymetry, shelf, and deep-ocean masks are constrained to ocean cells. Four-degree product: area-weighted mean of finite source 1 degree cells.","Level2 gridded","1 degree Level 2 land-harmonized V2 product","4 degree","area-weighted mean of finite source 1 degree cells"
"elevation_m",370,4050,"4 degree lon/lat; lon centers -178..178; lat centers -88..88","C:/Users/Google/Documents/HMSC-HIST/Phanerozoic_Environment_540_0Ma_5Myr_4deg_landharmonized_v2/08_rds_export/Phanerozoic_Environment_540_0Ma_5Myr_Level2_4deg_landharmonized_v2_compact_float32.rds","Land elevation","m","Scotese & Wright PALEOMAP PaleoDEMs","PALEOMAP PaleoDEM CSV was read as lon-lat-elevation, resampled to the 1 degree target grid, and used as the authoritative land-sea framework. In V2, terrestrial terrain variables are masked to PALEOMAP land and filled on land where the old terrain derivative had edge NA values; bathymetry, shelf, and deep-ocean masks are constrained to ocean cells. Four-degree product: area-weighted mean of finite source 1 degree cells.","Level2 gridded","1 degree Level 2 land-harmonized V2 product","4 degree","area-weighted mean of finite source 1 degree cells"
"elevation_m",365,4050,"4 degree lon/lat; lon centers -178..178; lat centers -88..88","C:/Users/Google/Documents/HMSC-HIST/Phanerozoic_Environment_540_0Ma_5Myr_4deg_landharmonized_v2/08_rds_export/Phanerozoic_Environment_540_0Ma_5Myr_Level2_4deg_landharmonized_v2_compact_float32.rds","Land elevation","m","Scotese & Wright PALEOMAP PaleoDEMs","PALEOMAP PaleoDEM CSV was read as lon-lat-elevation, resampled to the 1 degree target grid, and used as the authoritative land-sea framework. In V2, terrestrial terrain variables are masked to PALEOMAP land and filled on land where the old terrain derivative had edge NA values; bathymetry, shelf, and deep-ocean masks are constrained to ocean cells. Four-degree product: area-weighted mean of finite source 1 degree cells.","Level2 gridded","1 degree Level 2 land-harmonized V2 product","4 degree","area-weighted mean of finite source 1 degree cells"
"elevation_m",360,4050,"4 degree lon/lat; lon centers -178..178; lat centers -88..88","C:/Users/Google/Documents/HMSC-HIST/Phanerozoic_Environment_540_0Ma_5Myr_4deg_landharmonized_v2/08_rds_export/Phanerozoic_Environment_540_0Ma_5Myr_Level2_4deg_landharmonized_v2_compact_float32.rds","Land elevation","m","Scotese & Wright PALEOMAP PaleoDEMs","PALEOMAP PaleoDEM CSV was read as lon-lat-elevation, resampled to the 1 degree target grid, and used as the authoritative land-sea framework. In V2, terrestrial terrain variables are masked to PALEOMAP land and filled on land where the old terrain derivative had edge NA values; bathymetry, shelf, and deep-ocean masks are constrained to ocean cells. Four-degree product: area-weighted mean of finite source 1 degree cells.","Level2 gridded","1 degree Level 2 land-harmonized V2 product","4 degree","area-weighted mean of finite source 1 degree cells"
"elevation_m",355,4050,"4 degree lon/lat; lon centers -178..178; lat centers -88..88","C:/Users/Google/Documents/HMSC-HIST/Phanerozoic_Environment_540_0Ma_5Myr_4deg_landharmonized_v2/08_rds_export/Phanerozoic_Environment_540_0Ma_5Myr_Level2_4deg_landharmonized_v2_compact_float32.rds","Land elevation","m","Scotese & Wright PALEOMAP PaleoDEMs","PALEOMAP PaleoDEM CSV was read as lon-lat-elevation, resampled to the 1 degree target grid, and used as the authoritative land-sea framework. In V2, terrestrial terrain variables are masked to PALEOMAP land and filled on land where the old terrain derivative had edge NA values; bathymetry, shelf, and deep-ocean masks are constrained to ocean cells. Four-degree product: area-weighted mean of finite source 1 degree cells.","Level2 gridded","1 degree Level 2 land-harmonized V2 product","4 degree","area-weighted mean of finite source 1 degree cells"
"elevation_m",350,4050,"4 degree lon/lat; lon centers -178..178; lat centers -88..88","C:/Users/Google/Documents/HMSC-HIST/Phanerozoic_Environment_540_0Ma_5Myr_4deg_landharmonized_v2/08_rds_export/Phanerozoic_Environment_540_0Ma_5Myr_Level2_4deg_landharmonized_v2_compact_float32.rds","Land elevation","m","Scotese & Wright PALEOMAP PaleoDEMs","PALEOMAP PaleoDEM CSV was read as lon-lat-elevation, resampled to the 1 degree target grid, and used as the authoritative land-sea framework. In V2, terrestrial terrain variables are masked to PALEOMAP land and filled on land where the old terrain derivative had edge NA values; bathymetry, shelf, and deep-ocean masks are constrained to ocean cells. Four-degree product: area-weighted mean of finite source 1 degree cells.","Level2 gridded","1 degree Level 2 land-harmonized V2 product","4 degree","area-weighted mean of finite source 1 degree cells"
"elevation_m",345,4050,"4 degree lon/lat; lon centers -178..178; lat centers -88..88","C:/Users/Google/Documents/HMSC-HIST/Phanerozoic_Environment_540_0Ma_5Myr_4deg_landharmonized_v2/08_rds_export/Phanerozoic_Environment_540_0Ma_5Myr_Level2_4deg_landharmonized_v2_compact_float32.rds","Land elevation","m","Scotese & Wright PALEOMAP PaleoDEMs","PALEOMAP PaleoDEM CSV was read as lon-lat-elevation, resampled to the 1 degree target grid, and used as the authoritative land-sea framework. In V2, terrestrial terrain variables are masked to PALEOMAP land and filled on land where the old terrain derivative had edge NA values; bathymetry, shelf, and deep-ocean masks are constrained to ocean cells. Four-degree product: area-weighted mean of finite source 1 degree cells.","Level2 gridded","1 degree Level 2 land-harmonized V2 product","4 degree","area-weighted mean of finite source 1 degree cells"
"elevation_m",340,4050,"4 degree lon/lat; lon centers -178..178; lat centers -88..88","C:/Users/Google/Documents/HMSC-HIST/Phanerozoic_Environment_540_0Ma_5Myr_4deg_landharmonized_v2/08_rds_export/Phanerozoic_Environment_540_0Ma_5Myr_Level2_4deg_landharmonized_v2_compact_float32.rds","Land elevation","m","Scotese & Wright PALEOMAP PaleoDEMs","PALEOMAP PaleoDEM CSV was read as lon-lat-elevation, resampled to the 1 degree target grid, and used as the authoritative land-sea framework. In V2, terrestrial terrain variables are masked to PALEOMAP land and filled on land where the old terrain derivative had edge NA values; bathymetry, shelf, and deep-ocean masks are constrained to ocean cells. Four-degree product: area-weighted mean of finite source 1 degree cells.","Level2 gridded","1 degree Level 2 land-harmonized V2 product","4 degree","area-weighted mean of finite source 1 degree cells"
"elevation_m",335,4050,"4 degree lon/lat; lon centers -178..178; lat centers -88..88","C:/Users/Google/Documents/HMSC-HIST/Phanerozoic_Environment_540_0Ma_5Myr_4deg_landharmonized_v2/08_rds_export/Phanerozoic_Environment_540_0Ma_5Myr_Level2_4deg_landharmonized_v2_compact_float32.rds","Land elevation","m","Scotese & Wright PALEOMAP PaleoDEMs","PALEOMAP PaleoDEM CSV was read as lon-lat-elevation, resampled to the 1 degree target grid, and used as the authoritative land-sea framework. In V2, terrestrial terrain variables are masked to PALEOMAP land and filled on land where the old terrain derivative had edge NA values; bathymetry, shelf, and deep-ocean masks are constrained to ocean cells. Four-degree product: area-weighted mean of finite source 1 degree cells.","Level2 gridded","1 degree Level 2 land-harmonized V2 product","4 degree","area-weighted mean of finite source 1 degree cells"
"elevation_m",330,4050,"4 degree lon/lat; lon centers -178..178; lat centers -88..88","C:/Users/Google/Documents/HMSC-HIST/Phanerozoic_Environment_540_0Ma_5Myr_4deg_landharmonized_v2/08_rds_export/Phanerozoic_Environment_540_0Ma_5Myr_Level2_4deg_landharmonized_v2_compact_float32.rds","Land elevation","m","Scotese & Wright PALEOMAP PaleoDEMs","PALEOMAP PaleoDEM CSV was read as lon-lat-elevation, resampled to the 1 degree target grid, and used as the authoritative land-sea framework. In V2, terrestrial terrain variables are masked to PALEOMAP land and filled on land where the old terrain derivative had edge NA values; bathymetry, shelf, and deep-ocean masks are constrained to ocean cells. Four-degree product: area-weighted mean of finite source 1 degree cells.","Level2 gridded","1 degree Level 2 land-harmonized V2 product","4 degree","area-weighted mean of finite source 1 degree cells"
"elevation_m",325,4050,"4 degree lon/lat; lon centers -178..178; lat centers -88..88","C:/Users/Google/Documents/HMSC-HIST/Phanerozoic_Environment_540_0Ma_5Myr_4deg_landharmonized_v2/08_rds_export/Phanerozoic_Environment_540_0Ma_5Myr_Level2_4deg_landharmonized_v2_compact_float32.rds","Land elevation","m","Scotese & Wright PALEOMAP PaleoDEMs","PALEOMAP PaleoDEM CSV was read as lon-lat-elevation, resampled to the 1 degree target grid, and used as the authoritative land-sea framework. In V2, terrestrial terrain variables are masked to PALEOMAP land and filled on land where the old terrain derivative had edge NA values; bathymetry, shelf, and deep-ocean masks are constrained to ocean cells. Four-degree product: area-weighted mean of finite source 1 degree cells.","Level2 gridded","1 degree Level 2 land-harmonized V2 product","4 degree","area-weighted mean of finite source 1 degree cells"
"elevation_m",320,4050,"4 degree lon/lat; lon centers -178..178; lat centers -88..88","C:/Users/Google/Documents/HMSC-HIST/Phanerozoic_Environment_540_0Ma_5Myr_4deg_landharmonized_v2/08_rds_export/Phanerozoic_Environment_540_0Ma_5Myr_Level2_4deg_landharmonized_v2_compact_float32.rds","Land elevation","m","Scotese & Wright PALEOMAP PaleoDEMs","PALEOMAP PaleoDEM CSV was read as lon-lat-elevation, resampled to the 1 degree target grid, and used as the authoritative land-sea framework. In V2, terrestrial terrain variables are masked to PALEOMAP land and filled on land where the old terrain derivative had edge NA values; bathymetry, shelf, and deep-ocean masks are constrained to ocean cells. Four-degree product: area-weighted mean of finite source 1 degree cells.","Level2 gridded","1 degree Level 2 land-harmonized V2 product","4 degree","area-weighted mean of finite source 1 degree cells"
"elevation_m",315,4050,"4 degree lon/lat; lon centers -178..178; lat centers -88..88","C:/Users/Google/Documents/HMSC-HIST/Phanerozoic_Environment_540_0Ma_5Myr_4deg_landharmonized_v2/08_rds_export/Phanerozoic_Environment_540_0Ma_5Myr_Level2_4deg_landharmonized_v2_compact_float32.rds","Land elevation","m","Scotese & Wright PALEOMAP PaleoDEMs","PALEOMAP PaleoDEM CSV was read as lon-lat-elevation, resampled to the 1 degree target grid, and used as the authoritative land-sea framework. In V2, terrestrial terrain variables are masked to PALEOMAP land and filled on land where the old terrain derivative had edge NA values; bathymetry, shelf, and deep-ocean masks are constrained to ocean cells. Four-degree product: area-weighted mean of finite source 1 degree cells.","Level2 gridded","1 degree Level 2 land-harmonized V2 product","4 degree","area-weighted mean of finite source 1 degree cells"
"elevation_m",310,4050,"4 degree lon/lat; lon centers -178..178; lat centers -88..88","C:/Users/Google/Documents/HMSC-HIST/Phanerozoic_Environment_540_0Ma_5Myr_4deg_landharmonized_v2/08_rds_export/Phanerozoic_Environment_540_0Ma_5Myr_Level2_4deg_landharmonized_v2_compact_float32.rds","Land elevation","m","Scotese & Wright PALEOMAP PaleoDEMs","PALEOMAP PaleoDEM CSV was read as lon-lat-elevation, resampled to the 1 degree target grid, and used as the authoritative land-sea framework. In V2, terrestrial terrain variables are masked to PALEOMAP land and filled on land where the old terrain derivative had edge NA values; bathymetry, shelf, and deep-ocean masks are constrained to ocean cells. Four-degree product: area-weighted mean of finite source 1 degree cells.","Level2 gridded","1 degree Level 2 land-harmonized V2 product","4 degree","area-weighted mean of finite source 1 degree cells"
"elevation_m",305,4050,"4 degree lon/lat; lon centers -178..178; lat centers -88..88","C:/Users/Google/Documents/HMSC-HIST/Phanerozoic_Environment_540_0Ma_5Myr_4deg_landharmonized_v2/08_rds_export/Phanerozoic_Environment_540_0Ma_5Myr_Level2_4deg_landharmonized_v2_compact_float32.rds","Land elevation","m","Scotese & Wright PALEOMAP PaleoDEMs","PALEOMAP PaleoDEM CSV was read as lon-lat-elevation, resampled to the 1 degree target grid, and used as the authoritative land-sea framework. In V2, terrestrial terrain variables are masked to PALEOMAP land and filled on land where the old terrain derivative had edge NA values; bathymetry, shelf, and deep-ocean masks are constrained to ocean cells. Four-degree product: area-weighted mean of finite source 1 degree cells.","Level2 gridded","1 degree Level 2 land-harmonized V2 product","4 degree","area-weighted mean of finite source 1 degree cells"
"elevation_m",300,4050,"4 degree lon/lat; lon centers -178..178; lat centers -88..88","C:/Users/Google/Documents/HMSC-HIST/Phanerozoic_Environment_540_0Ma_5Myr_4deg_landharmonized_v2/08_rds_export/Phanerozoic_Environment_540_0Ma_5Myr_Level2_4deg_landharmonized_v2_compact_float32.rds","Land elevation","m","Scotese & Wright PALEOMAP PaleoDEMs","PALEOMAP PaleoDEM CSV was read as lon-lat-elevation, resampled to the 1 degree target grid, and used as the authoritative land-sea framework. In V2, terrestrial terrain variables are masked to PALEOMAP land and filled on land where the old terrain derivative had edge NA values; bathymetry, shelf, and deep-ocean masks are constrained to ocean cells. Four-degree product: area-weighted mean of finite source 1 degree cells.","Level2 gridded","1 degree Level 2 land-harmonized V2 product","4 degree","area-weighted mean of finite source 1 degree cells"
"elevation_m",295,4050,"4 degree lon/lat; lon centers -178..178; lat centers -88..88","C:/Users/Google/Documents/HMSC-HIST/Phanerozoic_Environment_540_0Ma_5Myr_4deg_landharmonized_v2/08_rds_export/Phanerozoic_Environment_540_0Ma_5Myr_Level2_4deg_landharmonized_v2_compact_float32.rds","Land elevation","m","Scotese & Wright PALEOMAP PaleoDEMs","PALEOMAP PaleoDEM CSV was read as lon-lat-elevation, resampled to the 1 degree target grid, and used as the authoritative land-sea framework. In V2, terrestrial terrain variables are masked to PALEOMAP land and filled on land where the old terrain derivative had edge NA values; bathymetry, shelf, and deep-ocean masks are constrained to ocean cells. Four-degree product: area-weighted mean of finite source 1 degree cells.","Level2 gridded","1 degree Level 2 land-harmonized V2 product","4 degree","area-weighted mean of finite source 1 degree cells"
"elevation_m",290,4050,"4 degree lon/lat; lon centers -178..178; lat centers -88..88","C:/Users/Google/Documents/HMSC-HIST/Phanerozoic_Environment_540_0Ma_5Myr_4deg_landharmonized_v2/08_rds_export/Phanerozoic_Environment_540_0Ma_5Myr_Level2_4deg_landharmonized_v2_compact_float32.rds","Land elevation","m","Scotese & Wright PALEOMAP PaleoDEMs","PALEOMAP PaleoDEM CSV was read as lon-lat-elevation, resampled to the 1 degree target grid, and used as the authoritative land-sea framework. In V2, terrestrial terrain variables are masked to PALEOMAP land and filled on land where the old terrain derivative had edge NA values; bathymetry, shelf, and deep-ocean masks are constrained to ocean cells. Four-degree product: area-weighted mean of finite source 1 degree cells.","Level2 gridded","1 degree Level 2 land-harmonized V2 product","4 degree","area-weighted mean of finite source 1 degree cells"
"elevation_m",285,4050,"4 degree lon/lat; lon centers -178..178; lat centers -88..88","C:/Users/Google/Documents/HMSC-HIST/Phanerozoic_Environment_540_0Ma_5Myr_4deg_landharmonized_v2/08_rds_export/Phanerozoic_Environment_540_0Ma_5Myr_Level2_4deg_landharmonized_v2_compact_float32.rds","Land elevation","m","Scotese & Wright PALEOMAP PaleoDEMs","PALEOMAP PaleoDEM CSV was read as lon-lat-elevation, resampled to the 1 degree target grid, and used as the authoritative land-sea framework. In V2, terrestrial terrain variables are masked to PALEOMAP land and filled on land where the old terrain derivative had edge NA values; bathymetry, shelf, and deep-ocean masks are constrained to ocean cells. Four-degree product: area-weighted mean of finite source 1 degree cells.","Level2 gridded","1 degree Level 2 land-harmonized V2 product","4 degree","area-weighted mean of finite source 1 degree cells"
"elevation_m",280,4050,"4 degree lon/lat; lon centers -178..178; lat centers -88..88","C:/Users/Google/Documents/HMSC-HIST/Phanerozoic_Environment_540_0Ma_5Myr_4deg_landharmonized_v2/08_rds_export/Phanerozoic_Environment_540_0Ma_5Myr_Level2_4deg_landharmonized_v2_compact_float32.rds","Land elevation","m","Scotese & Wright PALEOMAP PaleoDEMs","PALEOMAP PaleoDEM CSV was read as lon-lat-elevation, resampled to the 1 degree target grid, and used as the authoritative land-sea framework. In V2, terrestrial terrain variables are masked to PALEOMAP land and filled on land where the old terrain derivative had edge NA values; bathymetry, shelf, and deep-ocean masks are constrained to ocean cells. Four-degree product: area-weighted mean of finite source 1 degree cells.","Level2 gridded","1 degree Level 2 land-harmonized V2 product","4 degree","area-weighted mean of finite source 1 degree cells"
"elevation_m",275,4050,"4 degree lon/lat; lon centers -178..178; lat centers -88..88","C:/Users/Google/Documents/HMSC-HIST/Phanerozoic_Environment_540_0Ma_5Myr_4deg_landharmonized_v2/08_rds_export/Phanerozoic_Environment_540_0Ma_5Myr_Level2_4deg_landharmonized_v2_compact_float32.rds","Land elevation","m","Scotese & Wright PALEOMAP PaleoDEMs","PALEOMAP PaleoDEM CSV was read as lon-lat-elevation, resampled to the 1 degree target grid, and used as the authoritative land-sea framework. In V2, terrestrial terrain variables are masked to PALEOMAP land and filled on land where the old terrain derivative had edge NA values; bathymetry, shelf, and deep-ocean masks are constrained to ocean cells. Four-degree product: area-weighted mean of finite source 1 degree cells.","Level2 gridded","1 degree Level 2 land-harmonized V2 product","4 degree","area-weighted mean of finite source 1 degree cells"
"elevation_m",270,4050,"4 degree lon/lat; lon centers -178..178; lat centers -88..88","C:/Users/Google/Documents/HMSC-HIST/Phanerozoic_Environment_540_0Ma_5Myr_4deg_landharmonized_v2/08_rds_export/Phanerozoic_Environment_540_0Ma_5Myr_Level2_4deg_landharmonized_v2_compact_float32.rds","Land elevation","m","Scotese & Wright PALEOMAP PaleoDEMs","PALEOMAP PaleoDEM CSV was read as lon-lat-elevation, resampled to the 1 degree target grid, and used as the authoritative land-sea framework. In V2, terrestrial terrain variables are masked to PALEOMAP land and filled on land where the old terrain derivative had edge NA values; bathymetry, shelf, and deep-ocean masks are constrained to ocean cells. Four-degree product: area-weighted mean of finite source 1 degree cells.","Level2 gridded","1 degree Level 2 land-harmonized V2 product","4 degree","area-weighted mean of finite source 1 degree cells"
"elevation_m",265,4050,"4 degree lon/lat; lon centers -178..178; lat centers -88..88","C:/Users/Google/Documents/HMSC-HIST/Phanerozoic_Environment_540_0Ma_5Myr_4deg_landharmonized_v2/08_rds_export/Phanerozoic_Environment_540_0Ma_5Myr_Level2_4deg_landharmonized_v2_compact_float32.rds","Land elevation","m","Scotese & Wright PALEOMAP PaleoDEMs","PALEOMAP PaleoDEM CSV was read as lon-lat-elevation, resampled to the 1 degree target grid, and used as the authoritative land-sea framework. In V2, terrestrial terrain variables are masked to PALEOMAP land and filled on land where the old terrain derivative had edge NA values; bathymetry, shelf, and deep-ocean masks are constrained to ocean cells. Four-degree product: area-weighted mean of finite source 1 degree cells.","Level2 gridded","1 degree Level 2 land-harmonized V2 product","4 degree","area-weighted mean of finite source 1 degree cells"
"elevation_m",260,4050,"4 degree lon/lat; lon centers -178..178; lat centers -88..88","C:/Users/Google/Documents/HMSC-HIST/Phanerozoic_Environment_540_0Ma_5Myr_4deg_landharmonized_v2/08_rds_export/Phanerozoic_Environment_540_0Ma_5Myr_Level2_4deg_landharmonized_v2_compact_float32.rds","Land elevation","m","Scotese & Wright PALEOMAP PaleoDEMs","PALEOMAP PaleoDEM CSV was read as lon-lat-elevation, resampled to the 1 degree target grid, and used as the authoritative land-sea framework. In V2, terrestrial terrain variables are masked to PALEOMAP land and filled on land where the old terrain derivative had edge NA values; bathymetry, shelf, and deep-ocean masks are constrained to ocean cells. Four-degree product: area-weighted mean of finite source 1 degree cells.","Level2 gridded","1 degree Level 2 land-harmonized V2 product","4 degree","area-weighted mean of finite source 1 degree cells"
"elevation_m",255,4050,"4 degree lon/lat; lon centers -178..178; lat centers -88..88","C:/Users/Google/Documents/HMSC-HIST/Phanerozoic_Environment_540_0Ma_5Myr_4deg_landharmonized_v2/08_rds_export/Phanerozoic_Environment_540_0Ma_5Myr_Level2_4deg_landharmonized_v2_compact_float32.rds","Land elevation","m","Scotese & Wright PALEOMAP PaleoDEMs","PALEOMAP PaleoDEM CSV was read as lon-lat-elevation, resampled to the 1 degree target grid, and used as the authoritative land-sea framework. In V2, terrestrial terrain variables are masked to PALEOMAP land and filled on land where the old terrain derivative had edge NA values; bathymetry, shelf, and deep-ocean masks are constrained to ocean cells. Four-degree product: area-weighted mean of finite source 1 degree cells.","Level2 gridded","1 degree Level 2 land-harmonized V2 product","4 degree","area-weighted mean of finite source 1 degree cells"
"elevation_m",250,4050,"4 degree lon/lat; lon centers -178..178; lat centers -88..88","C:/Users/Google/Documents/HMSC-HIST/Phanerozoic_Environment_540_0Ma_5Myr_4deg_landharmonized_v2/08_rds_export/Phanerozoic_Environment_540_0Ma_5Myr_Level2_4deg_landharmonized_v2_compact_float32.rds","Land elevation","m","Scotese & Wright PALEOMAP PaleoDEMs","PALEOMAP PaleoDEM CSV was read as lon-lat-elevation, resampled to the 1 degree target grid, and used as the authoritative land-sea framework. In V2, terrestrial terrain variables are masked to PALEOMAP land and filled on land where the old terrain derivative had edge NA values; bathymetry, shelf, and deep-ocean masks are constrained to ocean cells. Four-degree product: area-weighted mean of finite source 1 degree cells.","Level2 gridded","1 degree Level 2 land-harmonized V2 product","4 degree","area-weighted mean of finite source 1 degree cells"
"elevation_m",245,4050,"4 degree lon/lat; lon centers -178..178; lat centers -88..88","C:/Users/Google/Documents/HMSC-HIST/Phanerozoic_Environment_540_0Ma_5Myr_4deg_landharmonized_v2/08_rds_export/Phanerozoic_Environment_540_0Ma_5Myr_Level2_4deg_landharmonized_v2_compact_float32.rds","Land elevation","m","Scotese & Wright PALEOMAP PaleoDEMs","PALEOMAP PaleoDEM CSV was read as lon-lat-elevation, resampled to the 1 degree target grid, and used as the authoritative land-sea framework. In V2, terrestrial terrain variables are masked to PALEOMAP land and filled on land where the old terrain derivative had edge NA values; bathymetry, shelf, and deep-ocean masks are constrained to ocean cells. Four-degree product: area-weighted mean of finite source 1 degree cells.","Level2 gridded","1 degree Level 2 land-harmonized V2 product","4 degree","area-weighted mean of finite source 1 degree cells"
"elevation_m",240,4050,"4 degree lon/lat; lon centers -178..178; lat centers -88..88","C:/Users/Google/Documents/HMSC-HIST/Phanerozoic_Environment_540_0Ma_5Myr_4deg_landharmonized_v2/08_rds_export/Phanerozoic_Environment_540_0Ma_5Myr_Level2_4deg_landharmonized_v2_compact_float32.rds","Land elevation","m","Scotese & Wright PALEOMAP PaleoDEMs","PALEOMAP PaleoDEM CSV was read as lon-lat-elevation, resampled to the 1 degree target grid, and used as the authoritative land-sea framework. In V2, terrestrial terrain variables are masked to PALEOMAP land and filled on land where the old terrain derivative had edge NA values; bathymetry, shelf, and deep-ocean masks are constrained to ocean cells. Four-degree product: area-weighted mean of finite source 1 degree cells.","Level2 gridded","1 degree Level 2 land-harmonized V2 product","4 degree","area-weighted mean of finite source 1 degree cells"
"elevation_m",235,4050,"4 degree lon/lat; lon centers -178..178; lat centers -88..88","C:/Users/Google/Documents/HMSC-HIST/Phanerozoic_Environment_540_0Ma_5Myr_4deg_landharmonized_v2/08_rds_export/Phanerozoic_Environment_540_0Ma_5Myr_Level2_4deg_landharmonized_v2_compact_float32.rds","Land elevation","m","Scotese & Wright PALEOMAP PaleoDEMs","PALEOMAP PaleoDEM CSV was read as lon-lat-elevation, resampled to the 1 degree target grid, and used as the authoritative land-sea framework. In V2, terrestrial terrain variables are masked to PALEOMAP land and filled on land where the old terrain derivative had edge NA values; bathymetry, shelf, and deep-ocean masks are constrained to ocean cells. Four-degree product: area-weighted mean of finite source 1 degree cells.","Level2 gridded","1 degree Level 2 land-harmonized V2 product","4 degree","area-weighted mean of finite source 1 degree cells"
"elevation_m",230,4050,"4 degree lon/lat; lon centers -178..178; lat centers -88..88","C:/Users/Google/Documents/HMSC-HIST/Phanerozoic_Environment_540_0Ma_5Myr_4deg_landharmonized_v2/08_rds_export/Phanerozoic_Environment_540_0Ma_5Myr_Level2_4deg_landharmonized_v2_compact_float32.rds","Land elevation","m","Scotese & Wright PALEOMAP PaleoDEMs","PALEOMAP PaleoDEM CSV was read as lon-lat-elevation, resampled to the 1 degree target grid, and used as the authoritative land-sea framework. In V2, terrestrial terrain variables are masked to PALEOMAP land and filled on land where the old terrain derivative had edge NA values; bathymetry, shelf, and deep-ocean masks are constrained to ocean cells. Four-degree product: area-weighted mean of finite source 1 degree cells.","Level2 gridded","1 degree Level 2 land-harmonized V2 product","4 degree","area-weighted mean of finite source 1 degree cells"
"elevation_m",225,4050,"4 degree lon/lat; lon centers -178..178; lat centers -88..88","C:/Users/Google/Documents/HMSC-HIST/Phanerozoic_Environment_540_0Ma_5Myr_4deg_landharmonized_v2/08_rds_export/Phanerozoic_Environment_540_0Ma_5Myr_Level2_4deg_landharmonized_v2_compact_float32.rds","Land elevation","m","Scotese & Wright PALEOMAP PaleoDEMs","PALEOMAP PaleoDEM CSV was read as lon-lat-elevation, resampled to the 1 degree target grid, and used as the authoritative land-sea framework. In V2, terrestrial terrain variables are masked to PALEOMAP land and filled on land where the old terrain derivative had edge NA values; bathymetry, shelf, and deep-ocean masks are constrained to ocean cells. Four-degree product: area-weighted mean of finite source 1 degree cells.","Level2 gridded","1 degree Level 2 land-harmonized V2 product","4 degree","area-weighted mean of finite source 1 degree cells"
"elevation_m",220,4050,"4 degree lon/lat; lon centers -178..178; lat centers -88..88","C:/Users/Google/Documents/HMSC-HIST/Phanerozoic_Environment_540_0Ma_5Myr_4deg_landharmonized_v2/08_rds_export/Phanerozoic_Environment_540_0Ma_5Myr_Level2_4deg_landharmonized_v2_compact_float32.rds","Land elevation","m","Scotese & Wright PALEOMAP PaleoDEMs","PALEOMAP PaleoDEM CSV was read as lon-lat-elevation, resampled to the 1 degree target grid, and used as the authoritative land-sea framework. In V2, terrestrial terrain variables are masked to PALEOMAP land and filled on land where the old terrain derivative had edge NA values; bathymetry, shelf, and deep-ocean masks are constrained to ocean cells. Four-degree product: area-weighted mean of finite source 1 degree cells.","Level2 gridded","1 degree Level 2 land-harmonized V2 product","4 degree","area-weighted mean of finite source 1 degree cells"
"elevation_m",215,4050,"4 degree lon/lat; lon centers -178..178; lat centers -88..88","C:/Users/Google/Documents/HMSC-HIST/Phanerozoic_Environment_540_0Ma_5Myr_4deg_landharmonized_v2/08_rds_export/Phanerozoic_Environment_540_0Ma_5Myr_Level2_4deg_landharmonized_v2_compact_float32.rds","Land elevation","m","Scotese & Wright PALEOMAP PaleoDEMs","PALEOMAP PaleoDEM CSV was read as lon-lat-elevation, resampled to the 1 degree target grid, and used as the authoritative land-sea framework. In V2, terrestrial terrain variables are masked to PALEOMAP land and filled on land where the old terrain derivative had edge NA values; bathymetry, shelf, and deep-ocean masks are constrained to ocean cells. Four-degree product: area-weighted mean of finite source 1 degree cells.","Level2 gridded","1 degree Level 2 land-harmonized V2 product","4 degree","area-weighted mean of finite source 1 degree cells"
"elevation_m",210,4050,"4 degree lon/lat; lon centers -178..178; lat centers -88..88","C:/Users/Google/Documents/HMSC-HIST/Phanerozoic_Environment_540_0Ma_5Myr_4deg_landharmonized_v2/08_rds_export/Phanerozoic_Environment_540_0Ma_5Myr_Level2_4deg_landharmonized_v2_compact_float32.rds","Land elevation","m","Scotese & Wright PALEOMAP PaleoDEMs","PALEOMAP PaleoDEM CSV was read as lon-lat-elevation, resampled to the 1 degree target grid, and used as the authoritative land-sea framework. In V2, terrestrial terrain variables are masked to PALEOMAP land and filled on land where the old terrain derivative had edge NA values; bathymetry, shelf, and deep-ocean masks are constrained to ocean cells. Four-degree product: area-weighted mean of finite source 1 degree cells.","Level2 gridded","1 degree Level 2 land-harmonized V2 product","4 degree","area-weighted mean of finite source 1 degree cells"
"elevation_m",205,4050,"4 degree lon/lat; lon centers -178..178; lat centers -88..88","C:/Users/Google/Documents/HMSC-HIST/Phanerozoic_Environment_540_0Ma_5Myr_4deg_landharmonized_v2/08_rds_export/Phanerozoic_Environment_540_0Ma_5Myr_Level2_4deg_landharmonized_v2_compact_float32.rds","Land elevation","m","Scotese & Wright PALEOMAP PaleoDEMs","PALEOMAP PaleoDEM CSV was read as lon-lat-elevation, resampled to the 1 degree target grid, and used as the authoritative land-sea framework. In V2, terrestrial terrain variables are masked to PALEOMAP land and filled on land where the old terrain derivative had edge NA values; bathymetry, shelf, and deep-ocean masks are constrained to ocean cells. Four-degree product: area-weighted mean of finite source 1 degree cells.","Level2 gridded","1 degree Level 2 land-harmonized V2 product","4 degree","area-weighted mean of finite source 1 degree cells"
"elevation_m",200,4050,"4 degree lon/lat; lon centers -178..178; lat centers -88..88","C:/Users/Google/Documents/HMSC-HIST/Phanerozoic_Environment_540_0Ma_5Myr_4deg_landharmonized_v2/08_rds_export/Phanerozoic_Environment_540_0Ma_5Myr_Level2_4deg_landharmonized_v2_compact_float32.rds","Land elevation","m","Scotese & Wright PALEOMAP PaleoDEMs","PALEOMAP PaleoDEM CSV was read as lon-lat-elevation, resampled to the 1 degree target grid, and used as the authoritative land-sea framework. In V2, terrestrial terrain variables are masked to PALEOMAP land and filled on land where the old terrain derivative had edge NA values; bathymetry, shelf, and deep-ocean masks are constrained to ocean cells. Four-degree product: area-weighted mean of finite source 1 degree cells.","Level2 gridded","1 degree Level 2 land-harmonized V2 product","4 degree","area-weighted mean of finite source 1 degree cells"
"elevation_m",195,4050,"4 degree lon/lat; lon centers -178..178; lat centers -88..88","C:/Users/Google/Documents/HMSC-HIST/Phanerozoic_Environment_540_0Ma_5Myr_4deg_landharmonized_v2/08_rds_export/Phanerozoic_Environment_540_0Ma_5Myr_Level2_4deg_landharmonized_v2_compact_float32.rds","Land elevation","m","Scotese & Wright PALEOMAP PaleoDEMs","PALEOMAP PaleoDEM CSV was read as lon-lat-elevation, resampled to the 1 degree target grid, and used as the authoritative land-sea framework. In V2, terrestrial terrain variables are masked to PALEOMAP land and filled on land where the old terrain derivative had edge NA values; bathymetry, shelf, and deep-ocean masks are constrained to ocean cells. Four-degree product: area-weighted mean of finite source 1 degree cells.","Level2 gridded","1 degree Level 2 land-harmonized V2 product","4 degree","area-weighted mean of finite source 1 degree cells"
"elevation_m",190,4050,"4 degree lon/lat; lon centers -178..178; lat centers -88..88","C:/Users/Google/Documents/HMSC-HIST/Phanerozoic_Environment_540_0Ma_5Myr_4deg_landharmonized_v2/08_rds_export/Phanerozoic_Environment_540_0Ma_5Myr_Level2_4deg_landharmonized_v2_compact_float32.rds","Land elevation","m","Scotese & Wright PALEOMAP PaleoDEMs","PALEOMAP PaleoDEM CSV was read as lon-lat-elevation, resampled to the 1 degree target grid, and used as the authoritative land-sea framework. In V2, terrestrial terrain variables are masked to PALEOMAP land and filled on land where the old terrain derivative had edge NA values; bathymetry, shelf, and deep-ocean masks are constrained to ocean cells. Four-degree product: area-weighted mean of finite source 1 degree cells.","Level2 gridded","1 degree Level 2 land-harmonized V2 product","4 degree","area-weighted mean of finite source 1 degree cells"
"elevation_m",185,4050,"4 degree lon/lat; lon centers -178..178; lat centers -88..88","C:/Users/Google/Documents/HMSC-HIST/Phanerozoic_Environment_540_0Ma_5Myr_4deg_landharmonized_v2/08_rds_export/Phanerozoic_Environment_540_0Ma_5Myr_Level2_4deg_landharmonized_v2_compact_float32.rds","Land elevation","m","Scotese & Wright PALEOMAP PaleoDEMs","PALEOMAP PaleoDEM CSV was read as lon-lat-elevation, resampled to the 1 degree target grid, and used as the authoritative land-sea framework. In V2, terrestrial terrain variables are masked to PALEOMAP land and filled on land where the old terrain derivative had edge NA values; bathymetry, shelf, and deep-ocean masks are constrained to ocean cells. Four-degree product: area-weighted mean of finite source 1 degree cells.","Level2 gridded","1 degree Level 2 land-harmonized V2 product","4 degree","area-weighted mean of finite source 1 degree cells"
"elevation_m",180,4050,"4 degree lon/lat; lon centers -178..178; lat centers -88..88","C:/Users/Google/Documents/HMSC-HIST/Phanerozoic_Environment_540_0Ma_5Myr_4deg_landharmonized_v2/08_rds_export/Phanerozoic_Environment_540_0Ma_5Myr_Level2_4deg_landharmonized_v2_compact_float32.rds","Land elevation","m","Scotese & Wright PALEOMAP PaleoDEMs","PALEOMAP PaleoDEM CSV was read as lon-lat-elevation, resampled to the 1 degree target grid, and used as the authoritative land-sea framework. In V2, terrestrial terrain variables are masked to PALEOMAP land and filled on land where the old terrain derivative had edge NA values; bathymetry, shelf, and deep-ocean masks are constrained to ocean cells. Four-degree product: area-weighted mean of finite source 1 degree cells.","Level2 gridded","1 degree Level 2 land-harmonized V2 product","4 degree","area-weighted mean of finite source 1 degree cells"
"elevation_m",175,4050,"4 degree lon/lat; lon centers -178..178; lat centers -88..88","C:/Users/Google/Documents/HMSC-HIST/Phanerozoic_Environment_540_0Ma_5Myr_4deg_landharmonized_v2/08_rds_export/Phanerozoic_Environment_540_0Ma_5Myr_Level2_4deg_landharmonized_v2_compact_float32.rds","Land elevation","m","Scotese & Wright PALEOMAP PaleoDEMs","PALEOMAP PaleoDEM CSV was read as lon-lat-elevation, resampled to the 1 degree target grid, and used as the authoritative land-sea framework. In V2, terrestrial terrain variables are masked to PALEOMAP land and filled on land where the old terrain derivative had edge NA values; bathymetry, shelf, and deep-ocean masks are constrained to ocean cells. Four-degree product: area-weighted mean of finite source 1 degree cells.","Level2 gridded","1 degree Level 2 land-harmonized V2 product","4 degree","area-weighted mean of finite source 1 degree cells"
"elevation_m",170,4050,"4 degree lon/lat; lon centers -178..178; lat centers -88..88","C:/Users/Google/Documents/HMSC-HIST/Phanerozoic_Environment_540_0Ma_5Myr_4deg_landharmonized_v2/08_rds_export/Phanerozoic_Environment_540_0Ma_5Myr_Level2_4deg_landharmonized_v2_compact_float32.rds","Land elevation","m","Scotese & Wright PALEOMAP PaleoDEMs","PALEOMAP PaleoDEM CSV was read as lon-lat-elevation, resampled to the 1 degree target grid, and used as the authoritative land-sea framework. In V2, terrestrial terrain variables are masked to PALEOMAP land and filled on land where the old terrain derivative had edge NA values; bathymetry, shelf, and deep-ocean masks are constrained to ocean cells. Four-degree product: area-weighted mean of finite source 1 degree cells.","Level2 gridded","1 degree Level 2 land-harmonized V2 product","4 degree","area-weighted mean of finite source 1 degree cells"
"elevation_m",165,4050,"4 degree lon/lat; lon centers -178..178; lat centers -88..88","C:/Users/Google/Documents/HMSC-HIST/Phanerozoic_Environment_540_0Ma_5Myr_4deg_landharmonized_v2/08_rds_export/Phanerozoic_Environment_540_0Ma_5Myr_Level2_4deg_landharmonized_v2_compact_float32.rds","Land elevation","m","Scotese & Wright PALEOMAP PaleoDEMs","PALEOMAP PaleoDEM CSV was read as lon-lat-elevation, resampled to the 1 degree target grid, and used as the authoritative land-sea framework. In V2, terrestrial terrain variables are masked to PALEOMAP land and filled on land where the old terrain derivative had edge NA values; bathymetry, shelf, and deep-ocean masks are constrained to ocean cells. Four-degree product: area-weighted mean of finite source 1 degree cells.","Level2 gridded","1 degree Level 2 land-harmonized V2 product","4 degree","area-weighted mean of finite source 1 degree cells"
"elevation_m",160,4050,"4 degree lon/lat; lon centers -178..178; lat centers -88..88","C:/Users/Google/Documents/HMSC-HIST/Phanerozoic_Environment_540_0Ma_5Myr_4deg_landharmonized_v2/08_rds_export/Phanerozoic_Environment_540_0Ma_5Myr_Level2_4deg_landharmonized_v2_compact_float32.rds","Land elevation","m","Scotese & Wright PALEOMAP PaleoDEMs","PALEOMAP PaleoDEM CSV was read as lon-lat-elevation, resampled to the 1 degree target grid, and used as the authoritative land-sea framework. In V2, terrestrial terrain variables are masked to PALEOMAP land and filled on land where the old terrain derivative had edge NA values; bathymetry, shelf, and deep-ocean masks are constrained to ocean cells. Four-degree product: area-weighted mean of finite source 1 degree cells.","Level2 gridded","1 degree Level 2 land-harmonized V2 product","4 degree","area-weighted mean of finite source 1 degree cells"
"elevation_m",155,4050,"4 degree lon/lat; lon centers -178..178; lat centers -88..88","C:/Users/Google/Documents/HMSC-HIST/Phanerozoic_Environment_540_0Ma_5Myr_4deg_landharmonized_v2/08_rds_export/Phanerozoic_Environment_540_0Ma_5Myr_Level2_4deg_landharmonized_v2_compact_float32.rds","Land elevation","m","Scotese & Wright PALEOMAP PaleoDEMs","PALEOMAP PaleoDEM CSV was read as lon-lat-elevation, resampled to the 1 degree target grid, and used as the authoritative land-sea framework. In V2, terrestrial terrain variables are masked to PALEOMAP land and filled on land where the old terrain derivative had edge NA values; bathymetry, shelf, and deep-ocean masks are constrained to ocean cells. Four-degree product: area-weighted mean of finite source 1 degree cells.","Level2 gridded","1 degree Level 2 land-harmonized V2 product","4 degree","area-weighted mean of finite source 1 degree cells"
"elevation_m",150,4050,"4 degree lon/lat; lon centers -178..178; lat centers -88..88","C:/Users/Google/Documents/HMSC-HIST/Phanerozoic_Environment_540_0Ma_5Myr_4deg_landharmonized_v2/08_rds_export/Phanerozoic_Environment_540_0Ma_5Myr_Level2_4deg_landharmonized_v2_compact_float32.rds","Land elevation","m","Scotese & Wright PALEOMAP PaleoDEMs","PALEOMAP PaleoDEM CSV was read as lon-lat-elevation, resampled to the 1 degree target grid, and used as the authoritative land-sea framework. In V2, terrestrial terrain variables are masked to PALEOMAP land and filled on land where the old terrain derivative had edge NA values; bathymetry, shelf, and deep-ocean masks are constrained to ocean cells. Four-degree product: area-weighted mean of finite source 1 degree cells.","Level2 gridded","1 degree Level 2 land-harmonized V2 product","4 degree","area-weighted mean of finite source 1 degree cells"
"elevation_m",145,4050,"4 degree lon/lat; lon centers -178..178; lat centers -88..88","C:/Users/Google/Documents/HMSC-HIST/Phanerozoic_Environment_540_0Ma_5Myr_4deg_landharmonized_v2/08_rds_export/Phanerozoic_Environment_540_0Ma_5Myr_Level2_4deg_landharmonized_v2_compact_float32.rds","Land elevation","m","Scotese & Wright PALEOMAP PaleoDEMs","PALEOMAP PaleoDEM CSV was read as lon-lat-elevation, resampled to the 1 degree target grid, and used as the authoritative land-sea framework. In V2, terrestrial terrain variables are masked to PALEOMAP land and filled on land where the old terrain derivative had edge NA values; bathymetry, shelf, and deep-ocean masks are constrained to ocean cells. Four-degree product: area-weighted mean of finite source 1 degree cells.","Level2 gridded","1 degree Level 2 land-harmonized V2 product","4 degree","area-weighted mean of finite source 1 degree cells"
"elevation_m",140,4050,"4 degree lon/lat; lon centers -178..178; lat centers -88..88","C:/Users/Google/Documents/HMSC-HIST/Phanerozoic_Environment_540_0Ma_5Myr_4deg_landharmonized_v2/08_rds_export/Phanerozoic_Environment_540_0Ma_5Myr_Level2_4deg_landharmonized_v2_compact_float32.rds","Land elevation","m","Scotese & Wright PALEOMAP PaleoDEMs","PALEOMAP PaleoDEM CSV was read as lon-lat-elevation, resampled to the 1 degree target grid, and used as the authoritative land-sea framework. In V2, terrestrial terrain variables are masked to PALEOMAP land and filled on land where the old terrain derivative had edge NA values; bathymetry, shelf, and deep-ocean masks are constrained to ocean cells. Four-degree product: area-weighted mean of finite source 1 degree cells.","Level2 gridded","1 degree Level 2 land-harmonized V2 product","4 degree","area-weighted mean of finite source 1 degree cells"
"elevation_m",135,4050,"4 degree lon/lat; lon centers -178..178; lat centers -88..88","C:/Users/Google/Documents/HMSC-HIST/Phanerozoic_Environment_540_0Ma_5Myr_4deg_landharmonized_v2/08_rds_export/Phanerozoic_Environment_540_0Ma_5Myr_Level2_4deg_landharmonized_v2_compact_float32.rds","Land elevation","m","Scotese & Wright PALEOMAP PaleoDEMs","PALEOMAP PaleoDEM CSV was read as lon-lat-elevation, resampled to the 1 degree target grid, and used as the authoritative land-sea framework. In V2, terrestrial terrain variables are masked to PALEOMAP land and filled on land where the old terrain derivative had edge NA values; bathymetry, shelf, and deep-ocean masks are constrained to ocean cells. Four-degree product: area-weighted mean of finite source 1 degree cells.","Level2 gridded","1 degree Level 2 land-harmonized V2 product","4 degree","area-weighted mean of finite source 1 degree cells"
"elevation_m",130,4050,"4 degree lon/lat; lon centers -178..178; lat centers -88..88","C:/Users/Google/Documents/HMSC-HIST/Phanerozoic_Environment_540_0Ma_5Myr_4deg_landharmonized_v2/08_rds_export/Phanerozoic_Environment_540_0Ma_5Myr_Level2_4deg_landharmonized_v2_compact_float32.rds","Land elevation","m","Scotese & Wright PALEOMAP PaleoDEMs","PALEOMAP PaleoDEM CSV was read as lon-lat-elevation, resampled to the 1 degree target grid, and used as the authoritative land-sea framework. In V2, terrestrial terrain variables are masked to PALEOMAP land and filled on land where the old terrain derivative had edge NA values; bathymetry, shelf, and deep-ocean masks are constrained to ocean cells. Four-degree product: area-weighted mean of finite source 1 degree cells.","Level2 gridded","1 degree Level 2 land-harmonized V2 product","4 degree","area-weighted mean of finite source 1 degree cells"
"elevation_m",125,4050,"4 degree lon/lat; lon centers -178..178; lat centers -88..88","C:/Users/Google/Documents/HMSC-HIST/Phanerozoic_Environment_540_0Ma_5Myr_4deg_landharmonized_v2/08_rds_export/Phanerozoic_Environment_540_0Ma_5Myr_Level2_4deg_landharmonized_v2_compact_float32.rds","Land elevation","m","Scotese & Wright PALEOMAP PaleoDEMs","PALEOMAP PaleoDEM CSV was read as lon-lat-elevation, resampled to the 1 degree target grid, and used as the authoritative land-sea framework. In V2, terrestrial terrain variables are masked to PALEOMAP land and filled on land where the old terrain derivative had edge NA values; bathymetry, shelf, and deep-ocean masks are constrained to ocean cells. Four-degree product: area-weighted mean of finite source 1 degree cells.","Level2 gridded","1 degree Level 2 land-harmonized V2 product","4 degree","area-weighted mean of finite source 1 degree cells"
"elevation_m",120,4050,"4 degree lon/lat; lon centers -178..178; lat centers -88..88","C:/Users/Google/Documents/HMSC-HIST/Phanerozoic_Environment_540_0Ma_5Myr_4deg_landharmonized_v2/08_rds_export/Phanerozoic_Environment_540_0Ma_5Myr_Level2_4deg_landharmonized_v2_compact_float32.rds","Land elevation","m","Scotese & Wright PALEOMAP PaleoDEMs","PALEOMAP PaleoDEM CSV was read as lon-lat-elevation, resampled to the 1 degree target grid, and used as the authoritative land-sea framework. In V2, terrestrial terrain variables are masked to PALEOMAP land and filled on land where the old terrain derivative had edge NA values; bathymetry, shelf, and deep-ocean masks are constrained to ocean cells. Four-degree product: area-weighted mean of finite source 1 degree cells.","Level2 gridded","1 degree Level 2 land-harmonized V2 product","4 degree","area-weighted mean of finite source 1 degree cells"
"elevation_m",115,4050,"4 degree lon/lat; lon centers -178..178; lat centers -88..88","C:/Users/Google/Documents/HMSC-HIST/Phanerozoic_Environment_540_0Ma_5Myr_4deg_landharmonized_v2/08_rds_export/Phanerozoic_Environment_540_0Ma_5Myr_Level2_4deg_landharmonized_v2_compact_float32.rds","Land elevation","m","Scotese & Wright PALEOMAP PaleoDEMs","PALEOMAP PaleoDEM CSV was read as lon-lat-elevation, resampled to the 1 degree target grid, and used as the authoritative land-sea framework. In V2, terrestrial terrain variables are masked to PALEOMAP land and filled on land where the old terrain derivative had edge NA values; bathymetry, shelf, and deep-ocean masks are constrained to ocean cells. Four-degree product: area-weighted mean of finite source 1 degree cells.","Level2 gridded","1 degree Level 2 land-harmonized V2 product","4 degree","area-weighted mean of finite source 1 degree cells"
"elevation_m",110,4050,"4 degree lon/lat; lon centers -178..178; lat centers -88..88","C:/Users/Google/Documents/HMSC-HIST/Phanerozoic_Environment_540_0Ma_5Myr_4deg_landharmonized_v2/08_rds_export/Phanerozoic_Environment_540_0Ma_5Myr_Level2_4deg_landharmonized_v2_compact_float32.rds","Land elevation","m","Scotese & Wright PALEOMAP PaleoDEMs","PALEOMAP PaleoDEM CSV was read as lon-lat-elevation, resampled to the 1 degree target grid, and used as the authoritative land-sea framework. In V2, terrestrial terrain variables are masked to PALEOMAP land and filled on land where the old terrain derivative had edge NA values; bathymetry, shelf, and deep-ocean masks are constrained to ocean cells. Four-degree product: area-weighted mean of finite source 1 degree cells.","Level2 gridded","1 degree Level 2 land-harmonized V2 product","4 degree","area-weighted mean of finite source 1 degree cells"
"elevation_m",105,4050,"4 degree lon/lat; lon centers -178..178; lat centers -88..88","C:/Users/Google/Documents/HMSC-HIST/Phanerozoic_Environment_540_0Ma_5Myr_4deg_landharmonized_v2/08_rds_export/Phanerozoic_Environment_540_0Ma_5Myr_Level2_4deg_landharmonized_v2_compact_float32.rds","Land elevation","m","Scotese & Wright PALEOMAP PaleoDEMs","PALEOMAP PaleoDEM CSV was read as lon-lat-elevation, resampled to the 1 degree target grid, and used as the authoritative land-sea framework. In V2, terrestrial terrain variables are masked to PALEOMAP land and filled on land where the old terrain derivative had edge NA values; bathymetry, shelf, and deep-ocean masks are constrained to ocean cells. Four-degree product: area-weighted mean of finite source 1 degree cells.","Level2 gridded","1 degree Level 2 land-harmonized V2 product","4 degree","area-weighted mean of finite source 1 degree cells"
"elevation_m",100,4050,"4 degree lon/lat; lon centers -178..178; lat centers -88..88","C:/Users/Google/Documents/HMSC-HIST/Phanerozoic_Environment_540_0Ma_5Myr_4deg_landharmonized_v2/08_rds_export/Phanerozoic_Environment_540_0Ma_5Myr_Level2_4deg_landharmonized_v2_compact_float32.rds","Land elevation","m","Scotese & Wright PALEOMAP PaleoDEMs","PALEOMAP PaleoDEM CSV was read as lon-lat-elevation, resampled to the 1 degree target grid, and used as the authoritative land-sea framework. In V2, terrestrial terrain variables are masked to PALEOMAP land and filled on land where the old terrain derivative had edge NA values; bathymetry, shelf, and deep-ocean masks are constrained to ocean cells. Four-degree product: area-weighted mean of finite source 1 degree cells.","Level2 gridded","1 degree Level 2 land-harmonized V2 product","4 degree","area-weighted mean of finite source 1 degree cells"
"elevation_m",95,4050,"4 degree lon/lat; lon centers -178..178; lat centers -88..88","C:/Users/Google/Documents/HMSC-HIST/Phanerozoic_Environment_540_0Ma_5Myr_4deg_landharmonized_v2/08_rds_export/Phanerozoic_Environment_540_0Ma_5Myr_Level2_4deg_landharmonized_v2_compact_float32.rds","Land elevation","m","Scotese & Wright PALEOMAP PaleoDEMs","PALEOMAP PaleoDEM CSV was read as lon-lat-elevation, resampled to the 1 degree target grid, and used as the authoritative land-sea framework. In V2, terrestrial terrain variables are masked to PALEOMAP land and filled on land where the old terrain derivative had edge NA values; bathymetry, shelf, and deep-ocean masks are constrained to ocean cells. Four-degree product: area-weighted mean of finite source 1 degree cells.","Level2 gridded","1 degree Level 2 land-harmonized V2 product","4 degree","area-weighted mean of finite source 1 degree cells"
"elevation_m",90,4050,"4 degree lon/lat; lon centers -178..178; lat centers -88..88","C:/Users/Google/Documents/HMSC-HIST/Phanerozoic_Environment_540_0Ma_5Myr_4deg_landharmonized_v2/08_rds_export/Phanerozoic_Environment_540_0Ma_5Myr_Level2_4deg_landharmonized_v2_compact_float32.rds","Land elevation","m","Scotese & Wright PALEOMAP PaleoDEMs","PALEOMAP PaleoDEM CSV was read as lon-lat-elevation, resampled to the 1 degree target grid, and used as the authoritative land-sea framework. In V2, terrestrial terrain variables are masked to PALEOMAP land and filled on land where the old terrain derivative had edge NA values; bathymetry, shelf, and deep-ocean masks are constrained to ocean cells. Four-degree product: area-weighted mean of finite source 1 degree cells.","Level2 gridded","1 degree Level 2 land-harmonized V2 product","4 degree","area-weighted mean of finite source 1 degree cells"
"elevation_m",85,4050,"4 degree lon/lat; lon centers -178..178; lat centers -88..88","C:/Users/Google/Documents/HMSC-HIST/Phanerozoic_Environment_540_0Ma_5Myr_4deg_landharmonized_v2/08_rds_export/Phanerozoic_Environment_540_0Ma_5Myr_Level2_4deg_landharmonized_v2_compact_float32.rds","Land elevation","m","Scotese & Wright PALEOMAP PaleoDEMs","PALEOMAP PaleoDEM CSV was read as lon-lat-elevation, resampled to the 1 degree target grid, and used as the authoritative land-sea framework. In V2, terrestrial terrain variables are masked to PALEOMAP land and filled on land where the old terrain derivative had edge NA values; bathymetry, shelf, and deep-ocean masks are constrained to ocean cells. Four-degree product: area-weighted mean of finite source 1 degree cells.","Level2 gridded","1 degree Level 2 land-harmonized V2 product","4 degree","area-weighted mean of finite source 1 degree cells"
"elevation_m",80,4050,"4 degree lon/lat; lon centers -178..178; lat centers -88..88","C:/Users/Google/Documents/HMSC-HIST/Phanerozoic_Environment_540_0Ma_5Myr_4deg_landharmonized_v2/08_rds_export/Phanerozoic_Environment_540_0Ma_5Myr_Level2_4deg_landharmonized_v2_compact_float32.rds","Land elevation","m","Scotese & Wright PALEOMAP PaleoDEMs","PALEOMAP PaleoDEM CSV was read as lon-lat-elevation, resampled to the 1 degree target grid, and used as the authoritative land-sea framework. In V2, terrestrial terrain variables are masked to PALEOMAP land and filled on land where the old terrain derivative had edge NA values; bathymetry, shelf, and deep-ocean masks are constrained to ocean cells. Four-degree product: area-weighted mean of finite source 1 degree cells.","Level2 gridded","1 degree Level 2 land-harmonized V2 product","4 degree","area-weighted mean of finite source 1 degree cells"
"elevation_m",75,4050,"4 degree lon/lat; lon centers -178..178; lat centers -88..88","C:/Users/Google/Documents/HMSC-HIST/Phanerozoic_Environment_540_0Ma_5Myr_4deg_landharmonized_v2/08_rds_export/Phanerozoic_Environment_540_0Ma_5Myr_Level2_4deg_landharmonized_v2_compact_float32.rds","Land elevation","m","Scotese & Wright PALEOMAP PaleoDEMs","PALEOMAP PaleoDEM CSV was read as lon-lat-elevation, resampled to the 1 degree target grid, and used as the authoritative land-sea framework. In V2, terrestrial terrain variables are masked to PALEOMAP land and filled on land where the old terrain derivative had edge NA values; bathymetry, shelf, and deep-ocean masks are constrained to ocean cells. Four-degree product: area-weighted mean of finite source 1 degree cells.","Level2 gridded","1 degree Level 2 land-harmonized V2 product","4 degree","area-weighted mean of finite source 1 degree cells"
"elevation_m",70,4050,"4 degree lon/lat; lon centers -178..178; lat centers -88..88","C:/Users/Google/Documents/HMSC-HIST/Phanerozoic_Environment_540_0Ma_5Myr_4deg_landharmonized_v2/08_rds_export/Phanerozoic_Environment_540_0Ma_5Myr_Level2_4deg_landharmonized_v2_compact_float32.rds","Land elevation","m","Scotese & Wright PALEOMAP PaleoDEMs","PALEOMAP PaleoDEM CSV was read as lon-lat-elevation, resampled to the 1 degree target grid, and used as the authoritative land-sea framework. In V2, terrestrial terrain variables are masked to PALEOMAP land and filled on land where the old terrain derivative had edge NA values; bathymetry, shelf, and deep-ocean masks are constrained to ocean cells. Four-degree product: area-weighted mean of finite source 1 degree cells.","Level2 gridded","1 degree Level 2 land-harmonized V2 product","4 degree","area-weighted mean of finite source 1 degree cells"
"elevation_m",65,4050,"4 degree lon/lat; lon centers -178..178; lat centers -88..88","C:/Users/Google/Documents/HMSC-HIST/Phanerozoic_Environment_540_0Ma_5Myr_4deg_landharmonized_v2/08_rds_export/Phanerozoic_Environment_540_0Ma_5Myr_Level2_4deg_landharmonized_v2_compact_float32.rds","Land elevation","m","Scotese & Wright PALEOMAP PaleoDEMs","PALEOMAP PaleoDEM CSV was read as lon-lat-elevation, resampled to the 1 degree target grid, and used as the authoritative land-sea framework. In V2, terrestrial terrain variables are masked to PALEOMAP land and filled on land where the old terrain derivative had edge NA values; bathymetry, shelf, and deep-ocean masks are constrained to ocean cells. Four-degree product: area-weighted mean of finite source 1 degree cells.","Level2 gridded","1 degree Level 2 land-harmonized V2 product","4 degree","area-weighted mean of finite source 1 degree cells"
"elevation_m",60,4050,"4 degree lon/lat; lon centers -178..178; lat centers -88..88","C:/Users/Google/Documents/HMSC-HIST/Phanerozoic_Environment_540_0Ma_5Myr_4deg_landharmonized_v2/08_rds_export/Phanerozoic_Environment_540_0Ma_5Myr_Level2_4deg_landharmonized_v2_compact_float32.rds","Land elevation","m","Scotese & Wright PALEOMAP PaleoDEMs","PALEOMAP PaleoDEM CSV was read as lon-lat-elevation, resampled to the 1 degree target grid, and used as the authoritative land-sea framework. In V2, terrestrial terrain variables are masked to PALEOMAP land and filled on land where the old terrain derivative had edge NA values; bathymetry, shelf, and deep-ocean masks are constrained to ocean cells. Four-degree product: area-weighted mean of finite source 1 degree cells.","Level2 gridded","1 degree Level 2 land-harmonized V2 product","4 degree","area-weighted mean of finite source 1 degree cells"
"elevation_m",55,4050,"4 degree lon/lat; lon centers -178..178; lat centers -88..88","C:/Users/Google/Documents/HMSC-HIST/Phanerozoic_Environment_540_0Ma_5Myr_4deg_landharmonized_v2/08_rds_export/Phanerozoic_Environment_540_0Ma_5Myr_Level2_4deg_landharmonized_v2_compact_float32.rds","Land elevation","m","Scotese & Wright PALEOMAP PaleoDEMs","PALEOMAP PaleoDEM CSV was read as lon-lat-elevation, resampled to the 1 degree target grid, and used as the authoritative land-sea framework. In V2, terrestrial terrain variables are masked to PALEOMAP land and filled on land where the old terrain derivative had edge NA values; bathymetry, shelf, and deep-ocean masks are constrained to ocean cells. Four-degree product: area-weighted mean of finite source 1 degree cells.","Level2 gridded","1 degree Level 2 land-harmonized V2 product","4 degree","area-weighted mean of finite source 1 degree cells"
"elevation_m",50,4050,"4 degree lon/lat; lon centers -178..178; lat centers -88..88","C:/Users/Google/Documents/HMSC-HIST/Phanerozoic_Environment_540_0Ma_5Myr_4deg_landharmonized_v2/08_rds_export/Phanerozoic_Environment_540_0Ma_5Myr_Level2_4deg_landharmonized_v2_compact_float32.rds","Land elevation","m","Scotese & Wright PALEOMAP PaleoDEMs","PALEOMAP PaleoDEM CSV was read as lon-lat-elevation, resampled to the 1 degree target grid, and used as the authoritative land-sea framework. In V2, terrestrial terrain variables are masked to PALEOMAP land and filled on land where the old terrain derivative had edge NA values; bathymetry, shelf, and deep-ocean masks are constrained to ocean cells. Four-degree product: area-weighted mean of finite source 1 degree cells.","Level2 gridded","1 degree Level 2 land-harmonized V2 product","4 degree","area-weighted mean of finite source 1 degree cells"
"elevation_m",45,4050,"4 degree lon/lat; lon centers -178..178; lat centers -88..88","C:/Users/Google/Documents/HMSC-HIST/Phanerozoic_Environment_540_0Ma_5Myr_4deg_landharmonized_v2/08_rds_export/Phanerozoic_Environment_540_0Ma_5Myr_Level2_4deg_landharmonized_v2_compact_float32.rds","Land elevation","m","Scotese & Wright PALEOMAP PaleoDEMs","PALEOMAP PaleoDEM CSV was read as lon-lat-elevation, resampled to the 1 degree target grid, and used as the authoritative land-sea framework. In V2, terrestrial terrain variables are masked to PALEOMAP land and filled on land where the old terrain derivative had edge NA values; bathymetry, shelf, and deep-ocean masks are constrained to ocean cells. Four-degree product: area-weighted mean of finite source 1 degree cells.","Level2 gridded","1 degree Level 2 land-harmonized V2 product","4 degree","area-weighted mean of finite source 1 degree cells"
"elevation_m",40,4050,"4 degree lon/lat; lon centers -178..178; lat centers -88..88","C:/Users/Google/Documents/HMSC-HIST/Phanerozoic_Environment_540_0Ma_5Myr_4deg_landharmonized_v2/08_rds_export/Phanerozoic_Environment_540_0Ma_5Myr_Level2_4deg_landharmonized_v2_compact_float32.rds","Land elevation","m","Scotese & Wright PALEOMAP PaleoDEMs","PALEOMAP PaleoDEM CSV was read as lon-lat-elevation, resampled to the 1 degree target grid, and used as the authoritative land-sea framework. In V2, terrestrial terrain variables are masked to PALEOMAP land and filled on land where the old terrain derivative had edge NA values; bathymetry, shelf, and deep-ocean masks are constrained to ocean cells. Four-degree product: area-weighted mean of finite source 1 degree cells.","Level2 gridded","1 degree Level 2 land-harmonized V2 product","4 degree","area-weighted mean of finite source 1 degree cells"
"elevation_m",35,4050,"4 degree lon/lat; lon centers -178..178; lat centers -88..88","C:/Users/Google/Documents/HMSC-HIST/Phanerozoic_Environment_540_0Ma_5Myr_4deg_landharmonized_v2/08_rds_export/Phanerozoic_Environment_540_0Ma_5Myr_Level2_4deg_landharmonized_v2_compact_float32.rds","Land elevation","m","Scotese & Wright PALEOMAP PaleoDEMs","PALEOMAP PaleoDEM CSV was read as lon-lat-elevation, resampled to the 1 degree target grid, and used as the authoritative land-sea framework. In V2, terrestrial terrain variables are masked to PALEOMAP land and filled on land where the old terrain derivative had edge NA values; bathymetry, shelf, and deep-ocean masks are constrained to ocean cells. Four-degree product: area-weighted mean of finite source 1 degree cells.","Level2 gridded","1 degree Level 2 land-harmonized V2 product","4 degree","area-weighted mean of finite source 1 degree cells"
"elevation_m",30,4050,"4 degree lon/lat; lon centers -178..178; lat centers -88..88","C:/Users/Google/Documents/HMSC-HIST/Phanerozoic_Environment_540_0Ma_5Myr_4deg_landharmonized_v2/08_rds_export/Phanerozoic_Environment_540_0Ma_5Myr_Level2_4deg_landharmonized_v2_compact_float32.rds","Land elevation","m","Scotese & Wright PALEOMAP PaleoDEMs","PALEOMAP PaleoDEM CSV was read as lon-lat-elevation, resampled to the 1 degree target grid, and used as the authoritative land-sea framework. In V2, terrestrial terrain variables are masked to PALEOMAP land and filled on land where the old terrain derivative had edge NA values; bathymetry, shelf, and deep-ocean masks are constrained to ocean cells. Four-degree product: area-weighted mean of finite source 1 degree cells.","Level2 gridded","1 degree Level 2 land-harmonized V2 product","4 degree","area-weighted mean of finite source 1 degree cells"
"elevation_m",25,4050,"4 degree lon/lat; lon centers -178..178; lat centers -88..88","C:/Users/Google/Documents/HMSC-HIST/Phanerozoic_Environment_540_0Ma_5Myr_4deg_landharmonized_v2/08_rds_export/Phanerozoic_Environment_540_0Ma_5Myr_Level2_4deg_landharmonized_v2_compact_float32.rds","Land elevation","m","Scotese & Wright PALEOMAP PaleoDEMs","PALEOMAP PaleoDEM CSV was read as lon-lat-elevation, resampled to the 1 degree target grid, and used as the authoritative land-sea framework. In V2, terrestrial terrain variables are masked to PALEOMAP land and filled on land where the old terrain derivative had edge NA values; bathymetry, shelf, and deep-ocean masks are constrained to ocean cells. Four-degree product: area-weighted mean of finite source 1 degree cells.","Level2 gridded","1 degree Level 2 land-harmonized V2 product","4 degree","area-weighted mean of finite source 1 degree cells"
"elevation_m",20,4050,"4 degree lon/lat; lon centers -178..178; lat centers -88..88","C:/Users/Google/Documents/HMSC-HIST/Phanerozoic_Environment_540_0Ma_5Myr_4deg_landharmonized_v2/08_rds_export/Phanerozoic_Environment_540_0Ma_5Myr_Level2_4deg_landharmonized_v2_compact_float32.rds","Land elevation","m","Scotese & Wright PALEOMAP PaleoDEMs","PALEOMAP PaleoDEM CSV was read as lon-lat-elevation, resampled to the 1 degree target grid, and used as the authoritative land-sea framework. In V2, terrestrial terrain variables are masked to PALEOMAP land and filled on land where the old terrain derivative had edge NA values; bathymetry, shelf, and deep-ocean masks are constrained to ocean cells. Four-degree product: area-weighted mean of finite source 1 degree cells.","Level2 gridded","1 degree Level 2 land-harmonized V2 product","4 degree","area-weighted mean of finite source 1 degree cells"
"elevation_m",15,4050,"4 degree lon/lat; lon centers -178..178; lat centers -88..88","C:/Users/Google/Documents/HMSC-HIST/Phanerozoic_Environment_540_0Ma_5Myr_4deg_landharmonized_v2/08_rds_export/Phanerozoic_Environment_540_0Ma_5Myr_Level2_4deg_landharmonized_v2_compact_float32.rds","Land elevation","m","Scotese & Wright PALEOMAP PaleoDEMs","PALEOMAP PaleoDEM CSV was read as lon-lat-elevation, resampled to the 1 degree target grid, and used as the authoritative land-sea framework. In V2, terrestrial terrain variables are masked to PALEOMAP land and filled on land where the old terrain derivative had edge NA values; bathymetry, shelf, and deep-ocean masks are constrained to ocean cells. Four-degree product: area-weighted mean of finite source 1 degree cells.","Level2 gridded","1 degree Level 2 land-harmonized V2 product","4 degree","area-weighted mean of finite source 1 degree cells"
"elevation_m",10,4050,"4 degree lon/lat; lon centers -178..178; lat centers -88..88","C:/Users/Google/Documents/HMSC-HIST/Phanerozoic_Environment_540_0Ma_5Myr_4deg_landharmonized_v2/08_rds_export/Phanerozoic_Environment_540_0Ma_5Myr_Level2_4deg_landharmonized_v2_compact_float32.rds","Land elevation","m","Scotese & Wright PALEOMAP PaleoDEMs","PALEOMAP PaleoDEM CSV was read as lon-lat-elevation, resampled to the 1 degree target grid, and used as the authoritative land-sea framework. In V2, terrestrial terrain variables are masked to PALEOMAP land and filled on land where the old terrain derivative had edge NA values; bathymetry, shelf, and deep-ocean masks are constrained to ocean cells. Four-degree product: area-weighted mean of finite source 1 degree cells.","Level2 gridded","1 degree Level 2 land-harmonized V2 product","4 degree","area-weighted mean of finite source 1 degree cells"
"elevation_m",5,4050,"4 degree lon/lat; lon centers -178..178; lat centers -88..88","C:/Users/Google/Documents/HMSC-HIST/Phanerozoic_Environment_540_0Ma_5Myr_4deg_landharmonized_v2/08_rds_export/Phanerozoic_Environment_540_0Ma_5Myr_Level2_4deg_landharmonized_v2_compact_float32.rds","Land elevation","m","Scotese & Wright PALEOMAP PaleoDEMs","PALEOMAP PaleoDEM CSV was read as lon-lat-elevation, resampled to the 1 degree target grid, and used as the authoritative land-sea framework. In V2, terrestrial terrain variables are masked to PALEOMAP land and filled on land where the old terrain derivative had edge NA values; bathymetry, shelf, and deep-ocean masks are constrained to ocean cells. Four-degree product: area-weighted mean of finite source 1 degree cells.","Level2 gridded","1 degree Level 2 land-harmonized V2 product","4 degree","area-weighted mean of finite source 1 degree cells"
"elevation_m",0,4050,"4 degree lon/lat; lon centers -178..178; lat centers -88..88","C:/Users/Google/Documents/HMSC-HIST/Phanerozoic_Environment_540_0Ma_5Myr_4deg_landharmonized_v2/08_rds_export/Phanerozoic_Environment_540_0Ma_5Myr_Level2_4deg_landharmonized_v2_compact_float32.rds","Land elevation","m","Scotese & Wright PALEOMAP PaleoDEMs","PALEOMAP PaleoDEM CSV was read as lon-lat-elevation, resampled to the 1 degree target grid, and used as the authoritative land-sea framework. In V2, terrestrial terrain variables are masked to PALEOMAP land and filled on land where the old terrain derivative had edge NA values; bathymetry, shelf, and deep-ocean masks are constrained to ocean cells. Four-degree product: area-weighted mean of finite source 1 degree cells.","Level2 gridded","1 degree Level 2 land-harmonized V2 product","4 degree","area-weighted mean of finite source 1 degree cells"
"distance_to_coast_km",540,4050,"4 degree lon/lat; lon centers -178..178; lat centers -88..88","C:/Users/Google/Documents/HMSC-HIST/Phanerozoic_Environment_540_0Ma_5Myr_4deg_landharmonized_v2/08_rds_export/Phanerozoic_Environment_540_0Ma_5Myr_Level2_4deg_landharmonized_v2_compact_float32.rds","Distance from land cell to nearest ocean cell","km","Scotese & Wright PALEOMAP PaleoDEMs","PALEOMAP PaleoDEM CSV was read as lon-lat-elevation, resampled to the 1 degree target grid, and used as the authoritative land-sea framework. In V2, terrestrial terrain variables are masked to PALEOMAP land and filled on land where the old terrain derivative had edge NA values; bathymetry, shelf, and deep-ocean masks are constrained to ocean cells. Four-degree product: area-weighted mean of finite source 1 degree cells.","Level2 gridded","1 degree Level 2 land-harmonized V2 product","4 degree","area-weighted mean of finite source 1 degree cells"
"distance_to_coast_km",535,4050,"4 degree lon/lat; lon centers -178..178; lat centers -88..88","C:/Users/Google/Documents/HMSC-HIST/Phanerozoic_Environment_540_0Ma_5Myr_4deg_landharmonized_v2/08_rds_export/Phanerozoic_Environment_540_0Ma_5Myr_Level2_4deg_landharmonized_v2_compact_float32.rds","Distance from land cell to nearest ocean cell","km","Scotese & Wright PALEOMAP PaleoDEMs","PALEOMAP PaleoDEM CSV was read as lon-lat-elevation, resampled to the 1 degree target grid, and used as the authoritative land-sea framework. In V2, terrestrial terrain variables are masked to PALEOMAP land and filled on land where the old terrain derivative had edge NA values; bathymetry, shelf, and deep-ocean masks are constrained to ocean cells. Four-degree product: area-weighted mean of finite source 1 degree cells.","Level2 gridded","1 degree Level 2 land-harmonized V2 product","4 degree","area-weighted mean of finite source 1 degree cells"
"distance_to_coast_km",530,4050,"4 degree lon/lat; lon centers -178..178; lat centers -88..88","C:/Users/Google/Documents/HMSC-HIST/Phanerozoic_Environment_540_0Ma_5Myr_4deg_landharmonized_v2/08_rds_export/Phanerozoic_Environment_540_0Ma_5Myr_Level2_4deg_landharmonized_v2_compact_float32.rds","Distance from land cell to nearest ocean cell","km","Scotese & Wright PALEOMAP PaleoDEMs","PALEOMAP PaleoDEM CSV was read as lon-lat-elevation, resampled to the 1 degree target grid, and used as the authoritative land-sea framework. In V2, terrestrial terrain variables are masked to PALEOMAP land and filled on land where the old terrain derivative had edge NA values; bathymetry, shelf, and deep-ocean masks are constrained to ocean cells. Four-degree product: area-weighted mean of finite source 1 degree cells.","Level2 gridded","1 degree Level 2 land-harmonized V2 product","4 degree","area-weighted mean of finite source 1 degree cells"
"distance_to_coast_km",525,4050,"4 degree lon/lat; lon centers -178..178; lat centers -88..88","C:/Users/Google/Documents/HMSC-HIST/Phanerozoic_Environment_540_0Ma_5Myr_4deg_landharmonized_v2/08_rds_export/Phanerozoic_Environment_540_0Ma_5Myr_Level2_4deg_landharmonized_v2_compact_float32.rds","Distance from land cell to nearest ocean cell","km","Scotese & Wright PALEOMAP PaleoDEMs","PALEOMAP PaleoDEM CSV was read as lon-lat-elevation, resampled to the 1 degree target grid, and used as the authoritative land-sea framework. In V2, terrestrial terrain variables are masked to PALEOMAP land and filled on land where the old terrain derivative had edge NA values; bathymetry, shelf, and deep-ocean masks are constrained to ocean cells. Four-degree product: area-weighted mean of finite source 1 degree cells.","Level2 gridded","1 degree Level 2 land-harmonized V2 product","4 degree","area-weighted mean of finite source 1 degree cells"
"distance_to_coast_km",520,4050,"4 degree lon/lat; lon centers -178..178; lat centers -88..88","C:/Users/Google/Documents/HMSC-HIST/Phanerozoic_Environment_540_0Ma_5Myr_4deg_landharmonized_v2/08_rds_export/Phanerozoic_Environment_540_0Ma_5Myr_Level2_4deg_landharmonized_v2_compact_float32.rds","Distance from land cell to nearest ocean cell","km","Scotese & Wright PALEOMAP PaleoDEMs","PALEOMAP PaleoDEM CSV was read as lon-lat-elevation, resampled to the 1 degree target grid, and used as the authoritative land-sea framework. In V2, terrestrial terrain variables are masked to PALEOMAP land and filled on land where the old terrain derivative had edge NA values; bathymetry, shelf, and deep-ocean masks are constrained to ocean cells. Four-degree product: area-weighted mean of finite source 1 degree cells.","Level2 gridded","1 degree Level 2 land-harmonized V2 product","4 degree","area-weighted mean of finite source 1 degree cells"
"distance_to_coast_km",515,4050,"4 degree lon/lat; lon centers -178..178; lat centers -88..88","C:/Users/Google/Documents/HMSC-HIST/Phanerozoic_Environment_540_0Ma_5Myr_4deg_landharmonized_v2/08_rds_export/Phanerozoic_Environment_540_0Ma_5Myr_Level2_4deg_landharmonized_v2_compact_float32.rds","Distance from land cell to nearest ocean cell","km","Scotese & Wright PALEOMAP PaleoDEMs","PALEOMAP PaleoDEM CSV was read as lon-lat-elevation, resampled to the 1 degree target grid, and used as the authoritative land-sea framework. In V2, terrestrial terrain variables are masked to PALEOMAP land and filled on land where the old terrain derivative had edge NA values; bathymetry, shelf, and deep-ocean masks are constrained to ocean cells. Four-degree product: area-weighted mean of finite source 1 degree cells.","Level2 gridded","1 degree Level 2 land-harmonized V2 product","4 degree","area-weighted mean of finite source 1 degree cells"
"distance_to_coast_km",510,4050,"4 degree lon/lat; lon centers -178..178; lat centers -88..88","C:/Users/Google/Documents/HMSC-HIST/Phanerozoic_Environment_540_0Ma_5Myr_4deg_landharmonized_v2/08_rds_export/Phanerozoic_Environment_540_0Ma_5Myr_Level2_4deg_landharmonized_v2_compact_float32.rds","Distance from land cell to nearest ocean cell","km","Scotese & Wright PALEOMAP PaleoDEMs","PALEOMAP PaleoDEM CSV was read as lon-lat-elevation, resampled to the 1 degree target grid, and used as the authoritative land-sea framework. In V2, terrestrial terrain variables are masked to PALEOMAP land and filled on land where the old terrain derivative had edge NA values; bathymetry, shelf, and deep-ocean masks are constrained to ocean cells. Four-degree product: area-weighted mean of finite source 1 degree cells.","Level2 gridded","1 degree Level 2 land-harmonized V2 product","4 degree","area-weighted mean of finite source 1 degree cells"
"distance_to_coast_km",505,4050,"4 degree lon/lat; lon centers -178..178; lat centers -88..88","C:/Users/Google/Documents/HMSC-HIST/Phanerozoic_Environment_540_0Ma_5Myr_4deg_landharmonized_v2/08_rds_export/Phanerozoic_Environment_540_0Ma_5Myr_Level2_4deg_landharmonized_v2_compact_float32.rds","Distance from land cell to nearest ocean cell","km","Scotese & Wright PALEOMAP PaleoDEMs","PALEOMAP PaleoDEM CSV was read as lon-lat-elevation, resampled to the 1 degree target grid, and used as the authoritative land-sea framework. In V2, terrestrial terrain variables are masked to PALEOMAP land and filled on land where the old terrain derivative had edge NA values; bathymetry, shelf, and deep-ocean masks are constrained to ocean cells. Four-degree product: area-weighted mean of finite source 1 degree cells.","Level2 gridded","1 degree Level 2 land-harmonized V2 product","4 degree","area-weighted mean of finite source 1 degree cells"
"distance_to_coast_km",500,4050,"4 degree lon/lat; lon centers -178..178; lat centers -88..88","C:/Users/Google/Documents/HMSC-HIST/Phanerozoic_Environment_540_0Ma_5Myr_4deg_landharmonized_v2/08_rds_export/Phanerozoic_Environment_540_0Ma_5Myr_Level2_4deg_landharmonized_v2_compact_float32.rds","Distance from land cell to nearest ocean cell","km","Scotese & Wright PALEOMAP PaleoDEMs","PALEOMAP PaleoDEM CSV was read as lon-lat-elevation, resampled to the 1 degree target grid, and used as the authoritative land-sea framework. In V2, terrestrial terrain variables are masked to PALEOMAP land and filled on land where the old terrain derivative had edge NA values; bathymetry, shelf, and deep-ocean masks are constrained to ocean cells. Four-degree product: area-weighted mean of finite source 1 degree cells.","Level2 gridded","1 degree Level 2 land-harmonized V2 product","4 degree","area-weighted mean of finite source 1 degree cells"
"distance_to_coast_km",495,4050,"4 degree lon/lat; lon centers -178..178; lat centers -88..88","C:/Users/Google/Documents/HMSC-HIST/Phanerozoic_Environment_540_0Ma_5Myr_4deg_landharmonized_v2/08_rds_export/Phanerozoic_Environment_540_0Ma_5Myr_Level2_4deg_landharmonized_v2_compact_float32.rds","Distance from land cell to nearest ocean cell","km","Scotese & Wright PALEOMAP PaleoDEMs","PALEOMAP PaleoDEM CSV was read as lon-lat-elevation, resampled to the 1 degree target grid, and used as the authoritative land-sea framework. In V2, terrestrial terrain variables are masked to PALEOMAP land and filled on land where the old terrain derivative had edge NA values; bathymetry, shelf, and deep-ocean masks are constrained to ocean cells. Four-degree product: area-weighted mean of finite source 1 degree cells.","Level2 gridded","1 degree Level 2 land-harmonized V2 product","4 degree","area-weighted mean of finite source 1 degree cells"
"distance_to_coast_km",490,4050,"4 degree lon/lat; lon centers -178..178; lat centers -88..88","C:/Users/Google/Documents/HMSC-HIST/Phanerozoic_Environment_540_0Ma_5Myr_4deg_landharmonized_v2/08_rds_export/Phanerozoic_Environment_540_0Ma_5Myr_Level2_4deg_landharmonized_v2_compact_float32.rds","Distance from land cell to nearest ocean cell","km","Scotese & Wright PALEOMAP PaleoDEMs","PALEOMAP PaleoDEM CSV was read as lon-lat-elevation, resampled to the 1 degree target grid, and used as the authoritative land-sea framework. In V2, terrestrial terrain variables are masked to PALEOMAP land and filled on land where the old terrain derivative had edge NA values; bathymetry, shelf, and deep-ocean masks are constrained to ocean cells. Four-degree product: area-weighted mean of finite source 1 degree cells.","Level2 gridded","1 degree Level 2 land-harmonized V2 product","4 degree","area-weighted mean of finite source 1 degree cells"
"distance_to_coast_km",485,4050,"4 degree lon/lat; lon centers -178..178; lat centers -88..88","C:/Users/Google/Documents/HMSC-HIST/Phanerozoic_Environment_540_0Ma_5Myr_4deg_landharmonized_v2/08_rds_export/Phanerozoic_Environment_540_0Ma_5Myr_Level2_4deg_landharmonized_v2_compact_float32.rds","Distance from land cell to nearest ocean cell","km","Scotese & Wright PALEOMAP PaleoDEMs","PALEOMAP PaleoDEM CSV was read as lon-lat-elevation, resampled to the 1 degree target grid, and used as the authoritative land-sea framework. In V2, terrestrial terrain variables are masked to PALEOMAP land and filled on land where the old terrain derivative had edge NA values; bathymetry, shelf, and deep-ocean masks are constrained to ocean cells. Four-degree product: area-weighted mean of finite source 1 degree cells.","Level2 gridded","1 degree Level 2 land-harmonized V2 product","4 degree","area-weighted mean of finite source 1 degree cells"
"distance_to_coast_km",480,4050,"4 degree lon/lat; lon centers -178..178; lat centers -88..88","C:/Users/Google/Documents/HMSC-HIST/Phanerozoic_Environment_540_0Ma_5Myr_4deg_landharmonized_v2/08_rds_export/Phanerozoic_Environment_540_0Ma_5Myr_Level2_4deg_landharmonized_v2_compact_float32.rds","Distance from land cell to nearest ocean cell","km","Scotese & Wright PALEOMAP PaleoDEMs","PALEOMAP PaleoDEM CSV was read as lon-lat-elevation, resampled to the 1 degree target grid, and used as the authoritative land-sea framework. In V2, terrestrial terrain variables are masked to PALEOMAP land and filled on land where the old terrain derivative had edge NA values; bathymetry, shelf, and deep-ocean masks are constrained to ocean cells. Four-degree product: area-weighted mean of finite source 1 degree cells.","Level2 gridded","1 degree Level 2 land-harmonized V2 product","4 degree","area-weighted mean of finite source 1 degree cells"
"distance_to_coast_km",475,4050,"4 degree lon/lat; lon centers -178..178; lat centers -88..88","C:/Users/Google/Documents/HMSC-HIST/Phanerozoic_Environment_540_0Ma_5Myr_4deg_landharmonized_v2/08_rds_export/Phanerozoic_Environment_540_0Ma_5Myr_Level2_4deg_landharmonized_v2_compact_float32.rds","Distance from land cell to nearest ocean cell","km","Scotese & Wright PALEOMAP PaleoDEMs","PALEOMAP PaleoDEM CSV was read as lon-lat-elevation, resampled to the 1 degree target grid, and used as the authoritative land-sea framework. In V2, terrestrial terrain variables are masked to PALEOMAP land and filled on land where the old terrain derivative had edge NA values; bathymetry, shelf, and deep-ocean masks are constrained to ocean cells. Four-degree product: area-weighted mean of finite source 1 degree cells.","Level2 gridded","1 degree Level 2 land-harmonized V2 product","4 degree","area-weighted mean of finite source 1 degree cells"
"distance_to_coast_km",470,4050,"4 degree lon/lat; lon centers -178..178; lat centers -88..88","C:/Users/Google/Documents/HMSC-HIST/Phanerozoic_Environment_540_0Ma_5Myr_4deg_landharmonized_v2/08_rds_export/Phanerozoic_Environment_540_0Ma_5Myr_Level2_4deg_landharmonized_v2_compact_float32.rds","Distance from land cell to nearest ocean cell","km","Scotese & Wright PALEOMAP PaleoDEMs","PALEOMAP PaleoDEM CSV was read as lon-lat-elevation, resampled to the 1 degree target grid, and used as the authoritative land-sea framework. In V2, terrestrial terrain variables are masked to PALEOMAP land and filled on land where the old terrain derivative had edge NA values; bathymetry, shelf, and deep-ocean masks are constrained to ocean cells. Four-degree product: area-weighted mean of finite source 1 degree cells.","Level2 gridded","1 degree Level 2 land-harmonized V2 product","4 degree","area-weighted mean of finite source 1 degree cells"
"distance_to_coast_km",465,4050,"4 degree lon/lat; lon centers -178..178; lat centers -88..88","C:/Users/Google/Documents/HMSC-HIST/Phanerozoic_Environment_540_0Ma_5Myr_4deg_landharmonized_v2/08_rds_export/Phanerozoic_Environment_540_0Ma_5Myr_Level2_4deg_landharmonized_v2_compact_float32.rds","Distance from land cell to nearest ocean cell","km","Scotese & Wright PALEOMAP PaleoDEMs","PALEOMAP PaleoDEM CSV was read as lon-lat-elevation, resampled to the 1 degree target grid, and used as the authoritative land-sea framework. In V2, terrestrial terrain variables are masked to PALEOMAP land and filled on land where the old terrain derivative had edge NA values; bathymetry, shelf, and deep-ocean masks are constrained to ocean cells. Four-degree product: area-weighted mean of finite source 1 degree cells.","Level2 gridded","1 degree Level 2 land-harmonized V2 product","4 degree","area-weighted mean of finite source 1 degree cells"
"distance_to_coast_km",460,4050,"4 degree lon/lat; lon centers -178..178; lat centers -88..88","C:/Users/Google/Documents/HMSC-HIST/Phanerozoic_Environment_540_0Ma_5Myr_4deg_landharmonized_v2/08_rds_export/Phanerozoic_Environment_540_0Ma_5Myr_Level2_4deg_landharmonized_v2_compact_float32.rds","Distance from land cell to nearest ocean cell","km","Scotese & Wright PALEOMAP PaleoDEMs","PALEOMAP PaleoDEM CSV was read as lon-lat-elevation, resampled to the 1 degree target grid, and used as the authoritative land-sea framework. In V2, terrestrial terrain variables are masked to PALEOMAP land and filled on land where the old terrain derivative had edge NA values; bathymetry, shelf, and deep-ocean masks are constrained to ocean cells. Four-degree product: area-weighted mean of finite source 1 degree cells.","Level2 gridded","1 degree Level 2 land-harmonized V2 product","4 degree","area-weighted mean of finite source 1 degree cells"
"distance_to_coast_km",455,4050,"4 degree lon/lat; lon centers -178..178; lat centers -88..88","C:/Users/Google/Documents/HMSC-HIST/Phanerozoic_Environment_540_0Ma_5Myr_4deg_landharmonized_v2/08_rds_export/Phanerozoic_Environment_540_0Ma_5Myr_Level2_4deg_landharmonized_v2_compact_float32.rds","Distance from land cell to nearest ocean cell","km","Scotese & Wright PALEOMAP PaleoDEMs","PALEOMAP PaleoDEM CSV was read as lon-lat-elevation, resampled to the 1 degree target grid, and used as the authoritative land-sea framework. In V2, terrestrial terrain variables are masked to PALEOMAP land and filled on land where the old terrain derivative had edge NA values; bathymetry, shelf, and deep-ocean masks are constrained to ocean cells. Four-degree product: area-weighted mean of finite source 1 degree cells.","Level2 gridded","1 degree Level 2 land-harmonized V2 product","4 degree","area-weighted mean of finite source 1 degree cells"
"distance_to_coast_km",450,4050,"4 degree lon/lat; lon centers -178..178; lat centers -88..88","C:/Users/Google/Documents/HMSC-HIST/Phanerozoic_Environment_540_0Ma_5Myr_4deg_landharmonized_v2/08_rds_export/Phanerozoic_Environment_540_0Ma_5Myr_Level2_4deg_landharmonized_v2_compact_float32.rds","Distance from land cell to nearest ocean cell","km","Scotese & Wright PALEOMAP PaleoDEMs","PALEOMAP PaleoDEM CSV was read as lon-lat-elevation, resampled to the 1 degree target grid, and used as the authoritative land-sea framework. In V2, terrestrial terrain variables are masked to PALEOMAP land and filled on land where the old terrain derivative had edge NA values; bathymetry, shelf, and deep-ocean masks are constrained to ocean cells. Four-degree product: area-weighted mean of finite source 1 degree cells.","Level2 gridded","1 degree Level 2 land-harmonized V2 product","4 degree","area-weighted mean of finite source 1 degree cells"
"distance_to_coast_km",445,4050,"4 degree lon/lat; lon centers -178..178; lat centers -88..88","C:/Users/Google/Documents/HMSC-HIST/Phanerozoic_Environment_540_0Ma_5Myr_4deg_landharmonized_v2/08_rds_export/Phanerozoic_Environment_540_0Ma_5Myr_Level2_4deg_landharmonized_v2_compact_float32.rds","Distance from land cell to nearest ocean cell","km","Scotese & Wright PALEOMAP PaleoDEMs","PALEOMAP PaleoDEM CSV was read as lon-lat-elevation, resampled to the 1 degree target grid, and used as the authoritative land-sea framework. In V2, terrestrial terrain variables are masked to PALEOMAP land and filled on land where the old terrain derivative had edge NA values; bathymetry, shelf, and deep-ocean masks are constrained to ocean cells. Four-degree product: area-weighted mean of finite source 1 degree cells.","Level2 gridded","1 degree Level 2 land-harmonized V2 product","4 degree","area-weighted mean of finite source 1 degree cells"
"distance_to_coast_km",440,4050,"4 degree lon/lat; lon centers -178..178; lat centers -88..88","C:/Users/Google/Documents/HMSC-HIST/Phanerozoic_Environment_540_0Ma_5Myr_4deg_landharmonized_v2/08_rds_export/Phanerozoic_Environment_540_0Ma_5Myr_Level2_4deg_landharmonized_v2_compact_float32.rds","Distance from land cell to nearest ocean cell","km","Scotese & Wright PALEOMAP PaleoDEMs","PALEOMAP PaleoDEM CSV was read as lon-lat-elevation, resampled to the 1 degree target grid, and used as the authoritative land-sea framework. In V2, terrestrial terrain variables are masked to PALEOMAP land and filled on land where the old terrain derivative had edge NA values; bathymetry, shelf, and deep-ocean masks are constrained to ocean cells. Four-degree product: area-weighted mean of finite source 1 degree cells.","Level2 gridded","1 degree Level 2 land-harmonized V2 product","4 degree","area-weighted mean of finite source 1 degree cells"
"distance_to_coast_km",435,4050,"4 degree lon/lat; lon centers -178..178; lat centers -88..88","C:/Users/Google/Documents/HMSC-HIST/Phanerozoic_Environment_540_0Ma_5Myr_4deg_landharmonized_v2/08_rds_export/Phanerozoic_Environment_540_0Ma_5Myr_Level2_4deg_landharmonized_v2_compact_float32.rds","Distance from land cell to nearest ocean cell","km","Scotese & Wright PALEOMAP PaleoDEMs","PALEOMAP PaleoDEM CSV was read as lon-lat-elevation, resampled to the 1 degree target grid, and used as the authoritative land-sea framework. In V2, terrestrial terrain variables are masked to PALEOMAP land and filled on land where the old terrain derivative had edge NA values; bathymetry, shelf, and deep-ocean masks are constrained to ocean cells. Four-degree product: area-weighted mean of finite source 1 degree cells.","Level2 gridded","1 degree Level 2 land-harmonized V2 product","4 degree","area-weighted mean of finite source 1 degree cells"
"distance_to_coast_km",430,4050,"4 degree lon/lat; lon centers -178..178; lat centers -88..88","C:/Users/Google/Documents/HMSC-HIST/Phanerozoic_Environment_540_0Ma_5Myr_4deg_landharmonized_v2/08_rds_export/Phanerozoic_Environment_540_0Ma_5Myr_Level2_4deg_landharmonized_v2_compact_float32.rds","Distance from land cell to nearest ocean cell","km","Scotese & Wright PALEOMAP PaleoDEMs","PALEOMAP PaleoDEM CSV was read as lon-lat-elevation, resampled to the 1 degree target grid, and used as the authoritative land-sea framework. In V2, terrestrial terrain variables are masked to PALEOMAP land and filled on land where the old terrain derivative had edge NA values; bathymetry, shelf, and deep-ocean masks are constrained to ocean cells. Four-degree product: area-weighted mean of finite source 1 degree cells.","Level2 gridded","1 degree Level 2 land-harmonized V2 product","4 degree","area-weighted mean of finite source 1 degree cells"
"distance_to_coast_km",425,4050,"4 degree lon/lat; lon centers -178..178; lat centers -88..88","C:/Users/Google/Documents/HMSC-HIST/Phanerozoic_Environment_540_0Ma_5Myr_4deg_landharmonized_v2/08_rds_export/Phanerozoic_Environment_540_0Ma_5Myr_Level2_4deg_landharmonized_v2_compact_float32.rds","Distance from land cell to nearest ocean cell","km","Scotese & Wright PALEOMAP PaleoDEMs","PALEOMAP PaleoDEM CSV was read as lon-lat-elevation, resampled to the 1 degree target grid, and used as the authoritative land-sea framework. In V2, terrestrial terrain variables are masked to PALEOMAP land and filled on land where the old terrain derivative had edge NA values; bathymetry, shelf, and deep-ocean masks are constrained to ocean cells. Four-degree product: area-weighted mean of finite source 1 degree cells.","Level2 gridded","1 degree Level 2 land-harmonized V2 product","4 degree","area-weighted mean of finite source 1 degree cells"
"distance_to_coast_km",420,4050,"4 degree lon/lat; lon centers -178..178; lat centers -88..88","C:/Users/Google/Documents/HMSC-HIST/Phanerozoic_Environment_540_0Ma_5Myr_4deg_landharmonized_v2/08_rds_export/Phanerozoic_Environment_540_0Ma_5Myr_Level2_4deg_landharmonized_v2_compact_float32.rds","Distance from land cell to nearest ocean cell","km","Scotese & Wright PALEOMAP PaleoDEMs","PALEOMAP PaleoDEM CSV was read as lon-lat-elevation, resampled to the 1 degree target grid, and used as the authoritative land-sea framework. In V2, terrestrial terrain variables are masked to PALEOMAP land and filled on land where the old terrain derivative had edge NA values; bathymetry, shelf, and deep-ocean masks are constrained to ocean cells. Four-degree product: area-weighted mean of finite source 1 degree cells.","Level2 gridded","1 degree Level 2 land-harmonized V2 product","4 degree","area-weighted mean of finite source 1 degree cells"
"distance_to_coast_km",415,4050,"4 degree lon/lat; lon centers -178..178; lat centers -88..88","C:/Users/Google/Documents/HMSC-HIST/Phanerozoic_Environment_540_0Ma_5Myr_4deg_landharmonized_v2/08_rds_export/Phanerozoic_Environment_540_0Ma_5Myr_Level2_4deg_landharmonized_v2_compact_float32.rds","Distance from land cell to nearest ocean cell","km","Scotese & Wright PALEOMAP PaleoDEMs","PALEOMAP PaleoDEM CSV was read as lon-lat-elevation, resampled to the 1 degree target grid, and used as the authoritative land-sea framework. In V2, terrestrial terrain variables are masked to PALEOMAP land and filled on land where the old terrain derivative had edge NA values; bathymetry, shelf, and deep-ocean masks are constrained to ocean cells. Four-degree product: area-weighted mean of finite source 1 degree cells.","Level2 gridded","1 degree Level 2 land-harmonized V2 product","4 degree","area-weighted mean of finite source 1 degree cells"
"distance_to_coast_km",410,4050,"4 degree lon/lat; lon centers -178..178; lat centers -88..88","C:/Users/Google/Documents/HMSC-HIST/Phanerozoic_Environment_540_0Ma_5Myr_4deg_landharmonized_v2/08_rds_export/Phanerozoic_Environment_540_0Ma_5Myr_Level2_4deg_landharmonized_v2_compact_float32.rds","Distance from land cell to nearest ocean cell","km","Scotese & Wright PALEOMAP PaleoDEMs","PALEOMAP PaleoDEM CSV was read as lon-lat-elevation, resampled to the 1 degree target grid, and used as the authoritative land-sea framework. In V2, terrestrial terrain variables are masked to PALEOMAP land and filled on land where the old terrain derivative had edge NA values; bathymetry, shelf, and deep-ocean masks are constrained to ocean cells. Four-degree product: area-weighted mean of finite source 1 degree cells.","Level2 gridded","1 degree Level 2 land-harmonized V2 product","4 degree","area-weighted mean of finite source 1 degree cells"
"distance_to_coast_km",405,4050,"4 degree lon/lat; lon centers -178..178; lat centers -88..88","C:/Users/Google/Documents/HMSC-HIST/Phanerozoic_Environment_540_0Ma_5Myr_4deg_landharmonized_v2/08_rds_export/Phanerozoic_Environment_540_0Ma_5Myr_Level2_4deg_landharmonized_v2_compact_float32.rds","Distance from land cell to nearest ocean cell","km","Scotese & Wright PALEOMAP PaleoDEMs","PALEOMAP PaleoDEM CSV was read as lon-lat-elevation, resampled to the 1 degree target grid, and used as the authoritative land-sea framework. In V2, terrestrial terrain variables are masked to PALEOMAP land and filled on land where the old terrain derivative had edge NA values; bathymetry, shelf, and deep-ocean masks are constrained to ocean cells. Four-degree product: area-weighted mean of finite source 1 degree cells.","Level2 gridded","1 degree Level 2 land-harmonized V2 product","4 degree","area-weighted mean of finite source 1 degree cells"
"distance_to_coast_km",400,4050,"4 degree lon/lat; lon centers -178..178; lat centers -88..88","C:/Users/Google/Documents/HMSC-HIST/Phanerozoic_Environment_540_0Ma_5Myr_4deg_landharmonized_v2/08_rds_export/Phanerozoic_Environment_540_0Ma_5Myr_Level2_4deg_landharmonized_v2_compact_float32.rds","Distance from land cell to nearest ocean cell","km","Scotese & Wright PALEOMAP PaleoDEMs","PALEOMAP PaleoDEM CSV was read as lon-lat-elevation, resampled to the 1 degree target grid, and used as the authoritative land-sea framework. In V2, terrestrial terrain variables are masked to PALEOMAP land and filled on land where the old terrain derivative had edge NA values; bathymetry, shelf, and deep-ocean masks are constrained to ocean cells. Four-degree product: area-weighted mean of finite source 1 degree cells.","Level2 gridded","1 degree Level 2 land-harmonized V2 product","4 degree","area-weighted mean of finite source 1 degree cells"
"distance_to_coast_km",395,4050,"4 degree lon/lat; lon centers -178..178; lat centers -88..88","C:/Users/Google/Documents/HMSC-HIST/Phanerozoic_Environment_540_0Ma_5Myr_4deg_landharmonized_v2/08_rds_export/Phanerozoic_Environment_540_0Ma_5Myr_Level2_4deg_landharmonized_v2_compact_float32.rds","Distance from land cell to nearest ocean cell","km","Scotese & Wright PALEOMAP PaleoDEMs","PALEOMAP PaleoDEM CSV was read as lon-lat-elevation, resampled to the 1 degree target grid, and used as the authoritative land-sea framework. In V2, terrestrial terrain variables are masked to PALEOMAP land and filled on land where the old terrain derivative had edge NA values; bathymetry, shelf, and deep-ocean masks are constrained to ocean cells. Four-degree product: area-weighted mean of finite source 1 degree cells.","Level2 gridded","1 degree Level 2 land-harmonized V2 product","4 degree","area-weighted mean of finite source 1 degree cells"
"distance_to_coast_km",390,4050,"4 degree lon/lat; lon centers -178..178; lat centers -88..88","C:/Users/Google/Documents/HMSC-HIST/Phanerozoic_Environment_540_0Ma_5Myr_4deg_landharmonized_v2/08_rds_export/Phanerozoic_Environment_540_0Ma_5Myr_Level2_4deg_landharmonized_v2_compact_float32.rds","Distance from land cell to nearest ocean cell","km","Scotese & Wright PALEOMAP PaleoDEMs","PALEOMAP PaleoDEM CSV was read as lon-lat-elevation, resampled to the 1 degree target grid, and used as the authoritative land-sea framework. In V2, terrestrial terrain variables are masked to PALEOMAP land and filled on land where the old terrain derivative had edge NA values; bathymetry, shelf, and deep-ocean masks are constrained to ocean cells. Four-degree product: area-weighted mean of finite source 1 degree cells.","Level2 gridded","1 degree Level 2 land-harmonized V2 product","4 degree","area-weighted mean of finite source 1 degree cells"
"distance_to_coast_km",385,4050,"4 degree lon/lat; lon centers -178..178; lat centers -88..88","C:/Users/Google/Documents/HMSC-HIST/Phanerozoic_Environment_540_0Ma_5Myr_4deg_landharmonized_v2/08_rds_export/Phanerozoic_Environment_540_0Ma_5Myr_Level2_4deg_landharmonized_v2_compact_float32.rds","Distance from land cell to nearest ocean cell","km","Scotese & Wright PALEOMAP PaleoDEMs","PALEOMAP PaleoDEM CSV was read as lon-lat-elevation, resampled to the 1 degree target grid, and used as the authoritative land-sea framework. In V2, terrestrial terrain variables are masked to PALEOMAP land and filled on land where the old terrain derivative had edge NA values; bathymetry, shelf, and deep-ocean masks are constrained to ocean cells. Four-degree product: area-weighted mean of finite source 1 degree cells.","Level2 gridded","1 degree Level 2 land-harmonized V2 product","4 degree","area-weighted mean of finite source 1 degree cells"
"distance_to_coast_km",380,4050,"4 degree lon/lat; lon centers -178..178; lat centers -88..88","C:/Users/Google/Documents/HMSC-HIST/Phanerozoic_Environment_540_0Ma_5Myr_4deg_landharmonized_v2/08_rds_export/Phanerozoic_Environment_540_0Ma_5Myr_Level2_4deg_landharmonized_v2_compact_float32.rds","Distance from land cell to nearest ocean cell","km","Scotese & Wright PALEOMAP PaleoDEMs","PALEOMAP PaleoDEM CSV was read as lon-lat-elevation, resampled to the 1 degree target grid, and used as the authoritative land-sea framework. In V2, terrestrial terrain variables are masked to PALEOMAP land and filled on land where the old terrain derivative had edge NA values; bathymetry, shelf, and deep-ocean masks are constrained to ocean cells. Four-degree product: area-weighted mean of finite source 1 degree cells.","Level2 gridded","1 degree Level 2 land-harmonized V2 product","4 degree","area-weighted mean of finite source 1 degree cells"
"distance_to_coast_km",375,4050,"4 degree lon/lat; lon centers -178..178; lat centers -88..88","C:/Users/Google/Documents/HMSC-HIST/Phanerozoic_Environment_540_0Ma_5Myr_4deg_landharmonized_v2/08_rds_export/Phanerozoic_Environment_540_0Ma_5Myr_Level2_4deg_landharmonized_v2_compact_float32.rds","Distance from land cell to nearest ocean cell","km","Scotese & Wright PALEOMAP PaleoDEMs","PALEOMAP PaleoDEM CSV was read as lon-lat-elevation, resampled to the 1 degree target grid, and used as the authoritative land-sea framework. In V2, terrestrial terrain variables are masked to PALEOMAP land and filled on land where the old terrain derivative had edge NA values; bathymetry, shelf, and deep-ocean masks are constrained to ocean cells. Four-degree product: area-weighted mean of finite source 1 degree cells.","Level2 gridded","1 degree Level 2 land-harmonized V2 product","4 degree","area-weighted mean of finite source 1 degree cells"
"distance_to_coast_km",370,4050,"4 degree lon/lat; lon centers -178..178; lat centers -88..88","C:/Users/Google/Documents/HMSC-HIST/Phanerozoic_Environment_540_0Ma_5Myr_4deg_landharmonized_v2/08_rds_export/Phanerozoic_Environment_540_0Ma_5Myr_Level2_4deg_landharmonized_v2_compact_float32.rds","Distance from land cell to nearest ocean cell","km","Scotese & Wright PALEOMAP PaleoDEMs","PALEOMAP PaleoDEM CSV was read as lon-lat-elevation, resampled to the 1 degree target grid, and used as the authoritative land-sea framework. In V2, terrestrial terrain variables are masked to PALEOMAP land and filled on land where the old terrain derivative had edge NA values; bathymetry, shelf, and deep-ocean masks are constrained to ocean cells. Four-degree product: area-weighted mean of finite source 1 degree cells.","Level2 gridded","1 degree Level 2 land-harmonized V2 product","4 degree","area-weighted mean of finite source 1 degree cells"
"distance_to_coast_km",365,4050,"4 degree lon/lat; lon centers -178..178; lat centers -88..88","C:/Users/Google/Documents/HMSC-HIST/Phanerozoic_Environment_540_0Ma_5Myr_4deg_landharmonized_v2/08_rds_export/Phanerozoic_Environment_540_0Ma_5Myr_Level2_4deg_landharmonized_v2_compact_float32.rds","Distance from land cell to nearest ocean cell","km","Scotese & Wright PALEOMAP PaleoDEMs","PALEOMAP PaleoDEM CSV was read as lon-lat-elevation, resampled to the 1 degree target grid, and used as the authoritative land-sea framework. In V2, terrestrial terrain variables are masked to PALEOMAP land and filled on land where the old terrain derivative had edge NA values; bathymetry, shelf, and deep-ocean masks are constrained to ocean cells. Four-degree product: area-weighted mean of finite source 1 degree cells.","Level2 gridded","1 degree Level 2 land-harmonized V2 product","4 degree","area-weighted mean of finite source 1 degree cells"
"distance_to_coast_km",360,4050,"4 degree lon/lat; lon centers -178..178; lat centers -88..88","C:/Users/Google/Documents/HMSC-HIST/Phanerozoic_Environment_540_0Ma_5Myr_4deg_landharmonized_v2/08_rds_export/Phanerozoic_Environment_540_0Ma_5Myr_Level2_4deg_landharmonized_v2_compact_float32.rds","Distance from land cell to nearest ocean cell","km","Scotese & Wright PALEOMAP PaleoDEMs","PALEOMAP PaleoDEM CSV was read as lon-lat-elevation, resampled to the 1 degree target grid, and used as the authoritative land-sea framework. In V2, terrestrial terrain variables are masked to PALEOMAP land and filled on land where the old terrain derivative had edge NA values; bathymetry, shelf, and deep-ocean masks are constrained to ocean cells. Four-degree product: area-weighted mean of finite source 1 degree cells.","Level2 gridded","1 degree Level 2 land-harmonized V2 product","4 degree","area-weighted mean of finite source 1 degree cells"
"distance_to_coast_km",355,4050,"4 degree lon/lat; lon centers -178..178; lat centers -88..88","C:/Users/Google/Documents/HMSC-HIST/Phanerozoic_Environment_540_0Ma_5Myr_4deg_landharmonized_v2/08_rds_export/Phanerozoic_Environment_540_0Ma_5Myr_Level2_4deg_landharmonized_v2_compact_float32.rds","Distance from land cell to nearest ocean cell","km","Scotese & Wright PALEOMAP PaleoDEMs","PALEOMAP PaleoDEM CSV was read as lon-lat-elevation, resampled to the 1 degree target grid, and used as the authoritative land-sea framework. In V2, terrestrial terrain variables are masked to PALEOMAP land and filled on land where the old terrain derivative had edge NA values; bathymetry, shelf, and deep-ocean masks are constrained to ocean cells. Four-degree product: area-weighted mean of finite source 1 degree cells.","Level2 gridded","1 degree Level 2 land-harmonized V2 product","4 degree","area-weighted mean of finite source 1 degree cells"
"distance_to_coast_km",350,4050,"4 degree lon/lat; lon centers -178..178; lat centers -88..88","C:/Users/Google/Documents/HMSC-HIST/Phanerozoic_Environment_540_0Ma_5Myr_4deg_landharmonized_v2/08_rds_export/Phanerozoic_Environment_540_0Ma_5Myr_Level2_4deg_landharmonized_v2_compact_float32.rds","Distance from land cell to nearest ocean cell","km","Scotese & Wright PALEOMAP PaleoDEMs","PALEOMAP PaleoDEM CSV was read as lon-lat-elevation, resampled to the 1 degree target grid, and used as the authoritative land-sea framework. In V2, terrestrial terrain variables are masked to PALEOMAP land and filled on land where the old terrain derivative had edge NA values; bathymetry, shelf, and deep-ocean masks are constrained to ocean cells. Four-degree product: area-weighted mean of finite source 1 degree cells.","Level2 gridded","1 degree Level 2 land-harmonized V2 product","4 degree","area-weighted mean of finite source 1 degree cells"
"distance_to_coast_km",345,4050,"4 degree lon/lat; lon centers -178..178; lat centers -88..88","C:/Users/Google/Documents/HMSC-HIST/Phanerozoic_Environment_540_0Ma_5Myr_4deg_landharmonized_v2/08_rds_export/Phanerozoic_Environment_540_0Ma_5Myr_Level2_4deg_landharmonized_v2_compact_float32.rds","Distance from land cell to nearest ocean cell","km","Scotese & Wright PALEOMAP PaleoDEMs","PALEOMAP PaleoDEM CSV was read as lon-lat-elevation, resampled to the 1 degree target grid, and used as the authoritative land-sea framework. In V2, terrestrial terrain variables are masked to PALEOMAP land and filled on land where the old terrain derivative had edge NA values; bathymetry, shelf, and deep-ocean masks are constrained to ocean cells. Four-degree product: area-weighted mean of finite source 1 degree cells.","Level2 gridded","1 degree Level 2 land-harmonized V2 product","4 degree","area-weighted mean of finite source 1 degree cells"
"distance_to_coast_km",340,4050,"4 degree lon/lat; lon centers -178..178; lat centers -88..88","C:/Users/Google/Documents/HMSC-HIST/Phanerozoic_Environment_540_0Ma_5Myr_4deg_landharmonized_v2/08_rds_export/Phanerozoic_Environment_540_0Ma_5Myr_Level2_4deg_landharmonized_v2_compact_float32.rds","Distance from land cell to nearest ocean cell","km","Scotese & Wright PALEOMAP PaleoDEMs","PALEOMAP PaleoDEM CSV was read as lon-lat-elevation, resampled to the 1 degree target grid, and used as the authoritative land-sea framework. In V2, terrestrial terrain variables are masked to PALEOMAP land and filled on land where the old terrain derivative had edge NA values; bathymetry, shelf, and deep-ocean masks are constrained to ocean cells. Four-degree product: area-weighted mean of finite source 1 degree cells.","Level2 gridded","1 degree Level 2 land-harmonized V2 product","4 degree","area-weighted mean of finite source 1 degree cells"
"distance_to_coast_km",335,4050,"4 degree lon/lat; lon centers -178..178; lat centers -88..88","C:/Users/Google/Documents/HMSC-HIST/Phanerozoic_Environment_540_0Ma_5Myr_4deg_landharmonized_v2/08_rds_export/Phanerozoic_Environment_540_0Ma_5Myr_Level2_4deg_landharmonized_v2_compact_float32.rds","Distance from land cell to nearest ocean cell","km","Scotese & Wright PALEOMAP PaleoDEMs","PALEOMAP PaleoDEM CSV was read as lon-lat-elevation, resampled to the 1 degree target grid, and used as the authoritative land-sea framework. In V2, terrestrial terrain variables are masked to PALEOMAP land and filled on land where the old terrain derivative had edge NA values; bathymetry, shelf, and deep-ocean masks are constrained to ocean cells. Four-degree product: area-weighted mean of finite source 1 degree cells.","Level2 gridded","1 degree Level 2 land-harmonized V2 product","4 degree","area-weighted mean of finite source 1 degree cells"
"distance_to_coast_km",330,4050,"4 degree lon/lat; lon centers -178..178; lat centers -88..88","C:/Users/Google/Documents/HMSC-HIST/Phanerozoic_Environment_540_0Ma_5Myr_4deg_landharmonized_v2/08_rds_export/Phanerozoic_Environment_540_0Ma_5Myr_Level2_4deg_landharmonized_v2_compact_float32.rds","Distance from land cell to nearest ocean cell","km","Scotese & Wright PALEOMAP PaleoDEMs","PALEOMAP PaleoDEM CSV was read as lon-lat-elevation, resampled to the 1 degree target grid, and used as the authoritative land-sea framework. In V2, terrestrial terrain variables are masked to PALEOMAP land and filled on land where the old terrain derivative had edge NA values; bathymetry, shelf, and deep-ocean masks are constrained to ocean cells. Four-degree product: area-weighted mean of finite source 1 degree cells.","Level2 gridded","1 degree Level 2 land-harmonized V2 product","4 degree","area-weighted mean of finite source 1 degree cells"
"distance_to_coast_km",325,4050,"4 degree lon/lat; lon centers -178..178; lat centers -88..88","C:/Users/Google/Documents/HMSC-HIST/Phanerozoic_Environment_540_0Ma_5Myr_4deg_landharmonized_v2/08_rds_export/Phanerozoic_Environment_540_0Ma_5Myr_Level2_4deg_landharmonized_v2_compact_float32.rds","Distance from land cell to nearest ocean cell","km","Scotese & Wright PALEOMAP PaleoDEMs","PALEOMAP PaleoDEM CSV was read as lon-lat-elevation, resampled to the 1 degree target grid, and used as the authoritative land-sea framework. In V2, terrestrial terrain variables are masked to PALEOMAP land and filled on land where the old terrain derivative had edge NA values; bathymetry, shelf, and deep-ocean masks are constrained to ocean cells. Four-degree product: area-weighted mean of finite source 1 degree cells.","Level2 gridded","1 degree Level 2 land-harmonized V2 product","4 degree","area-weighted mean of finite source 1 degree cells"
"distance_to_coast_km",320,4050,"4 degree lon/lat; lon centers -178..178; lat centers -88..88","C:/Users/Google/Documents/HMSC-HIST/Phanerozoic_Environment_540_0Ma_5Myr_4deg_landharmonized_v2/08_rds_export/Phanerozoic_Environment_540_0Ma_5Myr_Level2_4deg_landharmonized_v2_compact_float32.rds","Distance from land cell to nearest ocean cell","km","Scotese & Wright PALEOMAP PaleoDEMs","PALEOMAP PaleoDEM CSV was read as lon-lat-elevation, resampled to the 1 degree target grid, and used as the authoritative land-sea framework. In V2, terrestrial terrain variables are masked to PALEOMAP land and filled on land where the old terrain derivative had edge NA values; bathymetry, shelf, and deep-ocean masks are constrained to ocean cells. Four-degree product: area-weighted mean of finite source 1 degree cells.","Level2 gridded","1 degree Level 2 land-harmonized V2 product","4 degree","area-weighted mean of finite source 1 degree cells"
"distance_to_coast_km",315,4050,"4 degree lon/lat; lon centers -178..178; lat centers -88..88","C:/Users/Google/Documents/HMSC-HIST/Phanerozoic_Environment_540_0Ma_5Myr_4deg_landharmonized_v2/08_rds_export/Phanerozoic_Environment_540_0Ma_5Myr_Level2_4deg_landharmonized_v2_compact_float32.rds","Distance from land cell to nearest ocean cell","km","Scotese & Wright PALEOMAP PaleoDEMs","PALEOMAP PaleoDEM CSV was read as lon-lat-elevation, resampled to the 1 degree target grid, and used as the authoritative land-sea framework. In V2, terrestrial terrain variables are masked to PALEOMAP land and filled on land where the old terrain derivative had edge NA values; bathymetry, shelf, and deep-ocean masks are constrained to ocean cells. Four-degree product: area-weighted mean of finite source 1 degree cells.","Level2 gridded","1 degree Level 2 land-harmonized V2 product","4 degree","area-weighted mean of finite source 1 degree cells"
"distance_to_coast_km",310,4050,"4 degree lon/lat; lon centers -178..178; lat centers -88..88","C:/Users/Google/Documents/HMSC-HIST/Phanerozoic_Environment_540_0Ma_5Myr_4deg_landharmonized_v2/08_rds_export/Phanerozoic_Environment_540_0Ma_5Myr_Level2_4deg_landharmonized_v2_compact_float32.rds","Distance from land cell to nearest ocean cell","km","Scotese & Wright PALEOMAP PaleoDEMs","PALEOMAP PaleoDEM CSV was read as lon-lat-elevation, resampled to the 1 degree target grid, and used as the authoritative land-sea framework. In V2, terrestrial terrain variables are masked to PALEOMAP land and filled on land where the old terrain derivative had edge NA values; bathymetry, shelf, and deep-ocean masks are constrained to ocean cells. Four-degree product: area-weighted mean of finite source 1 degree cells.","Level2 gridded","1 degree Level 2 land-harmonized V2 product","4 degree","area-weighted mean of finite source 1 degree cells"
"distance_to_coast_km",305,4050,"4 degree lon/lat; lon centers -178..178; lat centers -88..88","C:/Users/Google/Documents/HMSC-HIST/Phanerozoic_Environment_540_0Ma_5Myr_4deg_landharmonized_v2/08_rds_export/Phanerozoic_Environment_540_0Ma_5Myr_Level2_4deg_landharmonized_v2_compact_float32.rds","Distance from land cell to nearest ocean cell","km","Scotese & Wright PALEOMAP PaleoDEMs","PALEOMAP PaleoDEM CSV was read as lon-lat-elevation, resampled to the 1 degree target grid, and used as the authoritative land-sea framework. In V2, terrestrial terrain variables are masked to PALEOMAP land and filled on land where the old terrain derivative had edge NA values; bathymetry, shelf, and deep-ocean masks are constrained to ocean cells. Four-degree product: area-weighted mean of finite source 1 degree cells.","Level2 gridded","1 degree Level 2 land-harmonized V2 product","4 degree","area-weighted mean of finite source 1 degree cells"
"distance_to_coast_km",300,4050,"4 degree lon/lat; lon centers -178..178; lat centers -88..88","C:/Users/Google/Documents/HMSC-HIST/Phanerozoic_Environment_540_0Ma_5Myr_4deg_landharmonized_v2/08_rds_export/Phanerozoic_Environment_540_0Ma_5Myr_Level2_4deg_landharmonized_v2_compact_float32.rds","Distance from land cell to nearest ocean cell","km","Scotese & Wright PALEOMAP PaleoDEMs","PALEOMAP PaleoDEM CSV was read as lon-lat-elevation, resampled to the 1 degree target grid, and used as the authoritative land-sea framework. In V2, terrestrial terrain variables are masked to PALEOMAP land and filled on land where the old terrain derivative had edge NA values; bathymetry, shelf, and deep-ocean masks are constrained to ocean cells. Four-degree product: area-weighted mean of finite source 1 degree cells.","Level2 gridded","1 degree Level 2 land-harmonized V2 product","4 degree","area-weighted mean of finite source 1 degree cells"
"distance_to_coast_km",295,4050,"4 degree lon/lat; lon centers -178..178; lat centers -88..88","C:/Users/Google/Documents/HMSC-HIST/Phanerozoic_Environment_540_0Ma_5Myr_4deg_landharmonized_v2/08_rds_export/Phanerozoic_Environment_540_0Ma_5Myr_Level2_4deg_landharmonized_v2_compact_float32.rds","Distance from land cell to nearest ocean cell","km","Scotese & Wright PALEOMAP PaleoDEMs","PALEOMAP PaleoDEM CSV was read as lon-lat-elevation, resampled to the 1 degree target grid, and used as the authoritative land-sea framework. In V2, terrestrial terrain variables are masked to PALEOMAP land and filled on land where the old terrain derivative had edge NA values; bathymetry, shelf, and deep-ocean masks are constrained to ocean cells. Four-degree product: area-weighted mean of finite source 1 degree cells.","Level2 gridded","1 degree Level 2 land-harmonized V2 product","4 degree","area-weighted mean of finite source 1 degree cells"
"distance_to_coast_km",290,4050,"4 degree lon/lat; lon centers -178..178; lat centers -88..88","C:/Users/Google/Documents/HMSC-HIST/Phanerozoic_Environment_540_0Ma_5Myr_4deg_landharmonized_v2/08_rds_export/Phanerozoic_Environment_540_0Ma_5Myr_Level2_4deg_landharmonized_v2_compact_float32.rds","Distance from land cell to nearest ocean cell","km","Scotese & Wright PALEOMAP PaleoDEMs","PALEOMAP PaleoDEM CSV was read as lon-lat-elevation, resampled to the 1 degree target grid, and used as the authoritative land-sea framework. In V2, terrestrial terrain variables are masked to PALEOMAP land and filled on land where the old terrain derivative had edge NA values; bathymetry, shelf, and deep-ocean masks are constrained to ocean cells. Four-degree product: area-weighted mean of finite source 1 degree cells.","Level2 gridded","1 degree Level 2 land-harmonized V2 product","4 degree","area-weighted mean of finite source 1 degree cells"
"distance_to_coast_km",285,4050,"4 degree lon/lat; lon centers -178..178; lat centers -88..88","C:/Users/Google/Documents/HMSC-HIST/Phanerozoic_Environment_540_0Ma_5Myr_4deg_landharmonized_v2/08_rds_export/Phanerozoic_Environment_540_0Ma_5Myr_Level2_4deg_landharmonized_v2_compact_float32.rds","Distance from land cell to nearest ocean cell","km","Scotese & Wright PALEOMAP PaleoDEMs","PALEOMAP PaleoDEM CSV was read as lon-lat-elevation, resampled to the 1 degree target grid, and used as the authoritative land-sea framework. In V2, terrestrial terrain variables are masked to PALEOMAP land and filled on land where the old terrain derivative had edge NA values; bathymetry, shelf, and deep-ocean masks are constrained to ocean cells. Four-degree product: area-weighted mean of finite source 1 degree cells.","Level2 gridded","1 degree Level 2 land-harmonized V2 product","4 degree","area-weighted mean of finite source 1 degree cells"
"distance_to_coast_km",280,4050,"4 degree lon/lat; lon centers -178..178; lat centers -88..88","C:/Users/Google/Documents/HMSC-HIST/Phanerozoic_Environment_540_0Ma_5Myr_4deg_landharmonized_v2/08_rds_export/Phanerozoic_Environment_540_0Ma_5Myr_Level2_4deg_landharmonized_v2_compact_float32.rds","Distance from land cell to nearest ocean cell","km","Scotese & Wright PALEOMAP PaleoDEMs","PALEOMAP PaleoDEM CSV was read as lon-lat-elevation, resampled to the 1 degree target grid, and used as the authoritative land-sea framework. In V2, terrestrial terrain variables are masked to PALEOMAP land and filled on land where the old terrain derivative had edge NA values; bathymetry, shelf, and deep-ocean masks are constrained to ocean cells. Four-degree product: area-weighted mean of finite source 1 degree cells.","Level2 gridded","1 degree Level 2 land-harmonized V2 product","4 degree","area-weighted mean of finite source 1 degree cells"
"distance_to_coast_km",275,4050,"4 degree lon/lat; lon centers -178..178; lat centers -88..88","C:/Users/Google/Documents/HMSC-HIST/Phanerozoic_Environment_540_0Ma_5Myr_4deg_landharmonized_v2/08_rds_export/Phanerozoic_Environment_540_0Ma_5Myr_Level2_4deg_landharmonized_v2_compact_float32.rds","Distance from land cell to nearest ocean cell","km","Scotese & Wright PALEOMAP PaleoDEMs","PALEOMAP PaleoDEM CSV was read as lon-lat-elevation, resampled to the 1 degree target grid, and used as the authoritative land-sea framework. In V2, terrestrial terrain variables are masked to PALEOMAP land and filled on land where the old terrain derivative had edge NA values; bathymetry, shelf, and deep-ocean masks are constrained to ocean cells. Four-degree product: area-weighted mean of finite source 1 degree cells.","Level2 gridded","1 degree Level 2 land-harmonized V2 product","4 degree","area-weighted mean of finite source 1 degree cells"
"distance_to_coast_km",270,4050,"4 degree lon/lat; lon centers -178..178; lat centers -88..88","C:/Users/Google/Documents/HMSC-HIST/Phanerozoic_Environment_540_0Ma_5Myr_4deg_landharmonized_v2/08_rds_export/Phanerozoic_Environment_540_0Ma_5Myr_Level2_4deg_landharmonized_v2_compact_float32.rds","Distance from land cell to nearest ocean cell","km","Scotese & Wright PALEOMAP PaleoDEMs","PALEOMAP PaleoDEM CSV was read as lon-lat-elevation, resampled to the 1 degree target grid, and used as the authoritative land-sea framework. In V2, terrestrial terrain variables are masked to PALEOMAP land and filled on land where the old terrain derivative had edge NA values; bathymetry, shelf, and deep-ocean masks are constrained to ocean cells. Four-degree product: area-weighted mean of finite source 1 degree cells.","Level2 gridded","1 degree Level 2 land-harmonized V2 product","4 degree","area-weighted mean of finite source 1 degree cells"
"distance_to_coast_km",265,4050,"4 degree lon/lat; lon centers -178..178; lat centers -88..88","C:/Users/Google/Documents/HMSC-HIST/Phanerozoic_Environment_540_0Ma_5Myr_4deg_landharmonized_v2/08_rds_export/Phanerozoic_Environment_540_0Ma_5Myr_Level2_4deg_landharmonized_v2_compact_float32.rds","Distance from land cell to nearest ocean cell","km","Scotese & Wright PALEOMAP PaleoDEMs","PALEOMAP PaleoDEM CSV was read as lon-lat-elevation, resampled to the 1 degree target grid, and used as the authoritative land-sea framework. In V2, terrestrial terrain variables are masked to PALEOMAP land and filled on land where the old terrain derivative had edge NA values; bathymetry, shelf, and deep-ocean masks are constrained to ocean cells. Four-degree product: area-weighted mean of finite source 1 degree cells.","Level2 gridded","1 degree Level 2 land-harmonized V2 product","4 degree","area-weighted mean of finite source 1 degree cells"
"distance_to_coast_km",260,4050,"4 degree lon/lat; lon centers -178..178; lat centers -88..88","C:/Users/Google/Documents/HMSC-HIST/Phanerozoic_Environment_540_0Ma_5Myr_4deg_landharmonized_v2/08_rds_export/Phanerozoic_Environment_540_0Ma_5Myr_Level2_4deg_landharmonized_v2_compact_float32.rds","Distance from land cell to nearest ocean cell","km","Scotese & Wright PALEOMAP PaleoDEMs","PALEOMAP PaleoDEM CSV was read as lon-lat-elevation, resampled to the 1 degree target grid, and used as the authoritative land-sea framework. In V2, terrestrial terrain variables are masked to PALEOMAP land and filled on land where the old terrain derivative had edge NA values; bathymetry, shelf, and deep-ocean masks are constrained to ocean cells. Four-degree product: area-weighted mean of finite source 1 degree cells.","Level2 gridded","1 degree Level 2 land-harmonized V2 product","4 degree","area-weighted mean of finite source 1 degree cells"
"distance_to_coast_km",255,4050,"4 degree lon/lat; lon centers -178..178; lat centers -88..88","C:/Users/Google/Documents/HMSC-HIST/Phanerozoic_Environment_540_0Ma_5Myr_4deg_landharmonized_v2/08_rds_export/Phanerozoic_Environment_540_0Ma_5Myr_Level2_4deg_landharmonized_v2_compact_float32.rds","Distance from land cell to nearest ocean cell","km","Scotese & Wright PALEOMAP PaleoDEMs","PALEOMAP PaleoDEM CSV was read as lon-lat-elevation, resampled to the 1 degree target grid, and used as the authoritative land-sea framework. In V2, terrestrial terrain variables are masked to PALEOMAP land and filled on land where the old terrain derivative had edge NA values; bathymetry, shelf, and deep-ocean masks are constrained to ocean cells. Four-degree product: area-weighted mean of finite source 1 degree cells.","Level2 gridded","1 degree Level 2 land-harmonized V2 product","4 degree","area-weighted mean of finite source 1 degree cells"
"distance_to_coast_km",250,4050,"4 degree lon/lat; lon centers -178..178; lat centers -88..88","C:/Users/Google/Documents/HMSC-HIST/Phanerozoic_Environment_540_0Ma_5Myr_4deg_landharmonized_v2/08_rds_export/Phanerozoic_Environment_540_0Ma_5Myr_Level2_4deg_landharmonized_v2_compact_float32.rds","Distance from land cell to nearest ocean cell","km","Scotese & Wright PALEOMAP PaleoDEMs","PALEOMAP PaleoDEM CSV was read as lon-lat-elevation, resampled to the 1 degree target grid, and used as the authoritative land-sea framework. In V2, terrestrial terrain variables are masked to PALEOMAP land and filled on land where the old terrain derivative had edge NA values; bathymetry, shelf, and deep-ocean masks are constrained to ocean cells. Four-degree product: area-weighted mean of finite source 1 degree cells.","Level2 gridded","1 degree Level 2 land-harmonized V2 product","4 degree","area-weighted mean of finite source 1 degree cells"
"distance_to_coast_km",245,4050,"4 degree lon/lat; lon centers -178..178; lat centers -88..88","C:/Users/Google/Documents/HMSC-HIST/Phanerozoic_Environment_540_0Ma_5Myr_4deg_landharmonized_v2/08_rds_export/Phanerozoic_Environment_540_0Ma_5Myr_Level2_4deg_landharmonized_v2_compact_float32.rds","Distance from land cell to nearest ocean cell","km","Scotese & Wright PALEOMAP PaleoDEMs","PALEOMAP PaleoDEM CSV was read as lon-lat-elevation, resampled to the 1 degree target grid, and used as the authoritative land-sea framework. In V2, terrestrial terrain variables are masked to PALEOMAP land and filled on land where the old terrain derivative had edge NA values; bathymetry, shelf, and deep-ocean masks are constrained to ocean cells. Four-degree product: area-weighted mean of finite source 1 degree cells.","Level2 gridded","1 degree Level 2 land-harmonized V2 product","4 degree","area-weighted mean of finite source 1 degree cells"
"distance_to_coast_km",240,4050,"4 degree lon/lat; lon centers -178..178; lat centers -88..88","C:/Users/Google/Documents/HMSC-HIST/Phanerozoic_Environment_540_0Ma_5Myr_4deg_landharmonized_v2/08_rds_export/Phanerozoic_Environment_540_0Ma_5Myr_Level2_4deg_landharmonized_v2_compact_float32.rds","Distance from land cell to nearest ocean cell","km","Scotese & Wright PALEOMAP PaleoDEMs","PALEOMAP PaleoDEM CSV was read as lon-lat-elevation, resampled to the 1 degree target grid, and used as the authoritative land-sea framework. In V2, terrestrial terrain variables are masked to PALEOMAP land and filled on land where the old terrain derivative had edge NA values; bathymetry, shelf, and deep-ocean masks are constrained to ocean cells. Four-degree product: area-weighted mean of finite source 1 degree cells.","Level2 gridded","1 degree Level 2 land-harmonized V2 product","4 degree","area-weighted mean of finite source 1 degree cells"
"distance_to_coast_km",235,4050,"4 degree lon/lat; lon centers -178..178; lat centers -88..88","C:/Users/Google/Documents/HMSC-HIST/Phanerozoic_Environment_540_0Ma_5Myr_4deg_landharmonized_v2/08_rds_export/Phanerozoic_Environment_540_0Ma_5Myr_Level2_4deg_landharmonized_v2_compact_float32.rds","Distance from land cell to nearest ocean cell","km","Scotese & Wright PALEOMAP PaleoDEMs","PALEOMAP PaleoDEM CSV was read as lon-lat-elevation, resampled to the 1 degree target grid, and used as the authoritative land-sea framework. In V2, terrestrial terrain variables are masked to PALEOMAP land and filled on land where the old terrain derivative had edge NA values; bathymetry, shelf, and deep-ocean masks are constrained to ocean cells. Four-degree product: area-weighted mean of finite source 1 degree cells.","Level2 gridded","1 degree Level 2 land-harmonized V2 product","4 degree","area-weighted mean of finite source 1 degree cells"
"distance_to_coast_km",230,4050,"4 degree lon/lat; lon centers -178..178; lat centers -88..88","C:/Users/Google/Documents/HMSC-HIST/Phanerozoic_Environment_540_0Ma_5Myr_4deg_landharmonized_v2/08_rds_export/Phanerozoic_Environment_540_0Ma_5Myr_Level2_4deg_landharmonized_v2_compact_float32.rds","Distance from land cell to nearest ocean cell","km","Scotese & Wright PALEOMAP PaleoDEMs","PALEOMAP PaleoDEM CSV was read as lon-lat-elevation, resampled to the 1 degree target grid, and used as the authoritative land-sea framework. In V2, terrestrial terrain variables are masked to PALEOMAP land and filled on land where the old terrain derivative had edge NA values; bathymetry, shelf, and deep-ocean masks are constrained to ocean cells. Four-degree product: area-weighted mean of finite source 1 degree cells.","Level2 gridded","1 degree Level 2 land-harmonized V2 product","4 degree","area-weighted mean of finite source 1 degree cells"
"distance_to_coast_km",225,4050,"4 degree lon/lat; lon centers -178..178; lat centers -88..88","C:/Users/Google/Documents/HMSC-HIST/Phanerozoic_Environment_540_0Ma_5Myr_4deg_landharmonized_v2/08_rds_export/Phanerozoic_Environment_540_0Ma_5Myr_Level2_4deg_landharmonized_v2_compact_float32.rds","Distance from land cell to nearest ocean cell","km","Scotese & Wright PALEOMAP PaleoDEMs","PALEOMAP PaleoDEM CSV was read as lon-lat-elevation, resampled to the 1 degree target grid, and used as the authoritative land-sea framework. In V2, terrestrial terrain variables are masked to PALEOMAP land and filled on land where the old terrain derivative had edge NA values; bathymetry, shelf, and deep-ocean masks are constrained to ocean cells. Four-degree product: area-weighted mean of finite source 1 degree cells.","Level2 gridded","1 degree Level 2 land-harmonized V2 product","4 degree","area-weighted mean of finite source 1 degree cells"
"distance_to_coast_km",220,4050,"4 degree lon/lat; lon centers -178..178; lat centers -88..88","C:/Users/Google/Documents/HMSC-HIST/Phanerozoic_Environment_540_0Ma_5Myr_4deg_landharmonized_v2/08_rds_export/Phanerozoic_Environment_540_0Ma_5Myr_Level2_4deg_landharmonized_v2_compact_float32.rds","Distance from land cell to nearest ocean cell","km","Scotese & Wright PALEOMAP PaleoDEMs","PALEOMAP PaleoDEM CSV was read as lon-lat-elevation, resampled to the 1 degree target grid, and used as the authoritative land-sea framework. In V2, terrestrial terrain variables are masked to PALEOMAP land and filled on land where the old terrain derivative had edge NA values; bathymetry, shelf, and deep-ocean masks are constrained to ocean cells. Four-degree product: area-weighted mean of finite source 1 degree cells.","Level2 gridded","1 degree Level 2 land-harmonized V2 product","4 degree","area-weighted mean of finite source 1 degree cells"
"distance_to_coast_km",215,4050,"4 degree lon/lat; lon centers -178..178; lat centers -88..88","C:/Users/Google/Documents/HMSC-HIST/Phanerozoic_Environment_540_0Ma_5Myr_4deg_landharmonized_v2/08_rds_export/Phanerozoic_Environment_540_0Ma_5Myr_Level2_4deg_landharmonized_v2_compact_float32.rds","Distance from land cell to nearest ocean cell","km","Scotese & Wright PALEOMAP PaleoDEMs","PALEOMAP PaleoDEM CSV was read as lon-lat-elevation, resampled to the 1 degree target grid, and used as the authoritative land-sea framework. In V2, terrestrial terrain variables are masked to PALEOMAP land and filled on land where the old terrain derivative had edge NA values; bathymetry, shelf, and deep-ocean masks are constrained to ocean cells. Four-degree product: area-weighted mean of finite source 1 degree cells.","Level2 gridded","1 degree Level 2 land-harmonized V2 product","4 degree","area-weighted mean of finite source 1 degree cells"
"distance_to_coast_km",210,4050,"4 degree lon/lat; lon centers -178..178; lat centers -88..88","C:/Users/Google/Documents/HMSC-HIST/Phanerozoic_Environment_540_0Ma_5Myr_4deg_landharmonized_v2/08_rds_export/Phanerozoic_Environment_540_0Ma_5Myr_Level2_4deg_landharmonized_v2_compact_float32.rds","Distance from land cell to nearest ocean cell","km","Scotese & Wright PALEOMAP PaleoDEMs","PALEOMAP PaleoDEM CSV was read as lon-lat-elevation, resampled to the 1 degree target grid, and used as the authoritative land-sea framework. In V2, terrestrial terrain variables are masked to PALEOMAP land and filled on land where the old terrain derivative had edge NA values; bathymetry, shelf, and deep-ocean masks are constrained to ocean cells. Four-degree product: area-weighted mean of finite source 1 degree cells.","Level2 gridded","1 degree Level 2 land-harmonized V2 product","4 degree","area-weighted mean of finite source 1 degree cells"
"distance_to_coast_km",205,4050,"4 degree lon/lat; lon centers -178..178; lat centers -88..88","C:/Users/Google/Documents/HMSC-HIST/Phanerozoic_Environment_540_0Ma_5Myr_4deg_landharmonized_v2/08_rds_export/Phanerozoic_Environment_540_0Ma_5Myr_Level2_4deg_landharmonized_v2_compact_float32.rds","Distance from land cell to nearest ocean cell","km","Scotese & Wright PALEOMAP PaleoDEMs","PALEOMAP PaleoDEM CSV was read as lon-lat-elevation, resampled to the 1 degree target grid, and used as the authoritative land-sea framework. In V2, terrestrial terrain variables are masked to PALEOMAP land and filled on land where the old terrain derivative had edge NA values; bathymetry, shelf, and deep-ocean masks are constrained to ocean cells. Four-degree product: area-weighted mean of finite source 1 degree cells.","Level2 gridded","1 degree Level 2 land-harmonized V2 product","4 degree","area-weighted mean of finite source 1 degree cells"
"distance_to_coast_km",200,4050,"4 degree lon/lat; lon centers -178..178; lat centers -88..88","C:/Users/Google/Documents/HMSC-HIST/Phanerozoic_Environment_540_0Ma_5Myr_4deg_landharmonized_v2/08_rds_export/Phanerozoic_Environment_540_0Ma_5Myr_Level2_4deg_landharmonized_v2_compact_float32.rds","Distance from land cell to nearest ocean cell","km","Scotese & Wright PALEOMAP PaleoDEMs","PALEOMAP PaleoDEM CSV was read as lon-lat-elevation, resampled to the 1 degree target grid, and used as the authoritative land-sea framework. In V2, terrestrial terrain variables are masked to PALEOMAP land and filled on land where the old terrain derivative had edge NA values; bathymetry, shelf, and deep-ocean masks are constrained to ocean cells. Four-degree product: area-weighted mean of finite source 1 degree cells.","Level2 gridded","1 degree Level 2 land-harmonized V2 product","4 degree","area-weighted mean of finite source 1 degree cells"
"distance_to_coast_km",195,4050,"4 degree lon/lat; lon centers -178..178; lat centers -88..88","C:/Users/Google/Documents/HMSC-HIST/Phanerozoic_Environment_540_0Ma_5Myr_4deg_landharmonized_v2/08_rds_export/Phanerozoic_Environment_540_0Ma_5Myr_Level2_4deg_landharmonized_v2_compact_float32.rds","Distance from land cell to nearest ocean cell","km","Scotese & Wright PALEOMAP PaleoDEMs","PALEOMAP PaleoDEM CSV was read as lon-lat-elevation, resampled to the 1 degree target grid, and used as the authoritative land-sea framework. In V2, terrestrial terrain variables are masked to PALEOMAP land and filled on land where the old terrain derivative had edge NA values; bathymetry, shelf, and deep-ocean masks are constrained to ocean cells. Four-degree product: area-weighted mean of finite source 1 degree cells.","Level2 gridded","1 degree Level 2 land-harmonized V2 product","4 degree","area-weighted mean of finite source 1 degree cells"
"distance_to_coast_km",190,4050,"4 degree lon/lat; lon centers -178..178; lat centers -88..88","C:/Users/Google/Documents/HMSC-HIST/Phanerozoic_Environment_540_0Ma_5Myr_4deg_landharmonized_v2/08_rds_export/Phanerozoic_Environment_540_0Ma_5Myr_Level2_4deg_landharmonized_v2_compact_float32.rds","Distance from land cell to nearest ocean cell","km","Scotese & Wright PALEOMAP PaleoDEMs","PALEOMAP PaleoDEM CSV was read as lon-lat-elevation, resampled to the 1 degree target grid, and used as the authoritative land-sea framework. In V2, terrestrial terrain variables are masked to PALEOMAP land and filled on land where the old terrain derivative had edge NA values; bathymetry, shelf, and deep-ocean masks are constrained to ocean cells. Four-degree product: area-weighted mean of finite source 1 degree cells.","Level2 gridded","1 degree Level 2 land-harmonized V2 product","4 degree","area-weighted mean of finite source 1 degree cells"
"distance_to_coast_km",185,4050,"4 degree lon/lat; lon centers -178..178; lat centers -88..88","C:/Users/Google/Documents/HMSC-HIST/Phanerozoic_Environment_540_0Ma_5Myr_4deg_landharmonized_v2/08_rds_export/Phanerozoic_Environment_540_0Ma_5Myr_Level2_4deg_landharmonized_v2_compact_float32.rds","Distance from land cell to nearest ocean cell","km","Scotese & Wright PALEOMAP PaleoDEMs","PALEOMAP PaleoDEM CSV was read as lon-lat-elevation, resampled to the 1 degree target grid, and used as the authoritative land-sea framework. In V2, terrestrial terrain variables are masked to PALEOMAP land and filled on land where the old terrain derivative had edge NA values; bathymetry, shelf, and deep-ocean masks are constrained to ocean cells. Four-degree product: area-weighted mean of finite source 1 degree cells.","Level2 gridded","1 degree Level 2 land-harmonized V2 product","4 degree","area-weighted mean of finite source 1 degree cells"
"distance_to_coast_km",180,4050,"4 degree lon/lat; lon centers -178..178; lat centers -88..88","C:/Users/Google/Documents/HMSC-HIST/Phanerozoic_Environment_540_0Ma_5Myr_4deg_landharmonized_v2/08_rds_export/Phanerozoic_Environment_540_0Ma_5Myr_Level2_4deg_landharmonized_v2_compact_float32.rds","Distance from land cell to nearest ocean cell","km","Scotese & Wright PALEOMAP PaleoDEMs","PALEOMAP PaleoDEM CSV was read as lon-lat-elevation, resampled to the 1 degree target grid, and used as the authoritative land-sea framework. In V2, terrestrial terrain variables are masked to PALEOMAP land and filled on land where the old terrain derivative had edge NA values; bathymetry, shelf, and deep-ocean masks are constrained to ocean cells. Four-degree product: area-weighted mean of finite source 1 degree cells.","Level2 gridded","1 degree Level 2 land-harmonized V2 product","4 degree","area-weighted mean of finite source 1 degree cells"
"distance_to_coast_km",175,4050,"4 degree lon/lat; lon centers -178..178; lat centers -88..88","C:/Users/Google/Documents/HMSC-HIST/Phanerozoic_Environment_540_0Ma_5Myr_4deg_landharmonized_v2/08_rds_export/Phanerozoic_Environment_540_0Ma_5Myr_Level2_4deg_landharmonized_v2_compact_float32.rds","Distance from land cell to nearest ocean cell","km","Scotese & Wright PALEOMAP PaleoDEMs","PALEOMAP PaleoDEM CSV was read as lon-lat-elevation, resampled to the 1 degree target grid, and used as the authoritative land-sea framework. In V2, terrestrial terrain variables are masked to PALEOMAP land and filled on land where the old terrain derivative had edge NA values; bathymetry, shelf, and deep-ocean masks are constrained to ocean cells. Four-degree product: area-weighted mean of finite source 1 degree cells.","Level2 gridded","1 degree Level 2 land-harmonized V2 product","4 degree","area-weighted mean of finite source 1 degree cells"
"distance_to_coast_km",170,4050,"4 degree lon/lat; lon centers -178..178; lat centers -88..88","C:/Users/Google/Documents/HMSC-HIST/Phanerozoic_Environment_540_0Ma_5Myr_4deg_landharmonized_v2/08_rds_export/Phanerozoic_Environment_540_0Ma_5Myr_Level2_4deg_landharmonized_v2_compact_float32.rds","Distance from land cell to nearest ocean cell","km","Scotese & Wright PALEOMAP PaleoDEMs","PALEOMAP PaleoDEM CSV was read as lon-lat-elevation, resampled to the 1 degree target grid, and used as the authoritative land-sea framework. In V2, terrestrial terrain variables are masked to PALEOMAP land and filled on land where the old terrain derivative had edge NA values; bathymetry, shelf, and deep-ocean masks are constrained to ocean cells. Four-degree product: area-weighted mean of finite source 1 degree cells.","Level2 gridded","1 degree Level 2 land-harmonized V2 product","4 degree","area-weighted mean of finite source 1 degree cells"
"distance_to_coast_km",165,4050,"4 degree lon/lat; lon centers -178..178; lat centers -88..88","C:/Users/Google/Documents/HMSC-HIST/Phanerozoic_Environment_540_0Ma_5Myr_4deg_landharmonized_v2/08_rds_export/Phanerozoic_Environment_540_0Ma_5Myr_Level2_4deg_landharmonized_v2_compact_float32.rds","Distance from land cell to nearest ocean cell","km","Scotese & Wright PALEOMAP PaleoDEMs","PALEOMAP PaleoDEM CSV was read as lon-lat-elevation, resampled to the 1 degree target grid, and used as the authoritative land-sea framework. In V2, terrestrial terrain variables are masked to PALEOMAP land and filled on land where the old terrain derivative had edge NA values; bathymetry, shelf, and deep-ocean masks are constrained to ocean cells. Four-degree product: area-weighted mean of finite source 1 degree cells.","Level2 gridded","1 degree Level 2 land-harmonized V2 product","4 degree","area-weighted mean of finite source 1 degree cells"
"distance_to_coast_km",160,4050,"4 degree lon/lat; lon centers -178..178; lat centers -88..88","C:/Users/Google/Documents/HMSC-HIST/Phanerozoic_Environment_540_0Ma_5Myr_4deg_landharmonized_v2/08_rds_export/Phanerozoic_Environment_540_0Ma_5Myr_Level2_4deg_landharmonized_v2_compact_float32.rds","Distance from land cell to nearest ocean cell","km","Scotese & Wright PALEOMAP PaleoDEMs","PALEOMAP PaleoDEM CSV was read as lon-lat-elevation, resampled to the 1 degree target grid, and used as the authoritative land-sea framework. In V2, terrestrial terrain variables are masked to PALEOMAP land and filled on land where the old terrain derivative had edge NA values; bathymetry, shelf, and deep-ocean masks are constrained to ocean cells. Four-degree product: area-weighted mean of finite source 1 degree cells.","Level2 gridded","1 degree Level 2 land-harmonized V2 product","4 degree","area-weighted mean of finite source 1 degree cells"
"distance_to_coast_km",155,4050,"4 degree lon/lat; lon centers -178..178; lat centers -88..88","C:/Users/Google/Documents/HMSC-HIST/Phanerozoic_Environment_540_0Ma_5Myr_4deg_landharmonized_v2/08_rds_export/Phanerozoic_Environment_540_0Ma_5Myr_Level2_4deg_landharmonized_v2_compact_float32.rds","Distance from land cell to nearest ocean cell","km","Scotese & Wright PALEOMAP PaleoDEMs","PALEOMAP PaleoDEM CSV was read as lon-lat-elevation, resampled to the 1 degree target grid, and used as the authoritative land-sea framework. In V2, terrestrial terrain variables are masked to PALEOMAP land and filled on land where the old terrain derivative had edge NA values; bathymetry, shelf, and deep-ocean masks are constrained to ocean cells. Four-degree product: area-weighted mean of finite source 1 degree cells.","Level2 gridded","1 degree Level 2 land-harmonized V2 product","4 degree","area-weighted mean of finite source 1 degree cells"
"distance_to_coast_km",150,4050,"4 degree lon/lat; lon centers -178..178; lat centers -88..88","C:/Users/Google/Documents/HMSC-HIST/Phanerozoic_Environment_540_0Ma_5Myr_4deg_landharmonized_v2/08_rds_export/Phanerozoic_Environment_540_0Ma_5Myr_Level2_4deg_landharmonized_v2_compact_float32.rds","Distance from land cell to nearest ocean cell","km","Scotese & Wright PALEOMAP PaleoDEMs","PALEOMAP PaleoDEM CSV was read as lon-lat-elevation, resampled to the 1 degree target grid, and used as the authoritative land-sea framework. In V2, terrestrial terrain variables are masked to PALEOMAP land and filled on land where the old terrain derivative had edge NA values; bathymetry, shelf, and deep-ocean masks are constrained to ocean cells. Four-degree product: area-weighted mean of finite source 1 degree cells.","Level2 gridded","1 degree Level 2 land-harmonized V2 product","4 degree","area-weighted mean of finite source 1 degree cells"
"distance_to_coast_km",145,4050,"4 degree lon/lat; lon centers -178..178; lat centers -88..88","C:/Users/Google/Documents/HMSC-HIST/Phanerozoic_Environment_540_0Ma_5Myr_4deg_landharmonized_v2/08_rds_export/Phanerozoic_Environment_540_0Ma_5Myr_Level2_4deg_landharmonized_v2_compact_float32.rds","Distance from land cell to nearest ocean cell","km","Scotese & Wright PALEOMAP PaleoDEMs","PALEOMAP PaleoDEM CSV was read as lon-lat-elevation, resampled to the 1 degree target grid, and used as the authoritative land-sea framework. In V2, terrestrial terrain variables are masked to PALEOMAP land and filled on land where the old terrain derivative had edge NA values; bathymetry, shelf, and deep-ocean masks are constrained to ocean cells. Four-degree product: area-weighted mean of finite source 1 degree cells.","Level2 gridded","1 degree Level 2 land-harmonized V2 product","4 degree","area-weighted mean of finite source 1 degree cells"
"distance_to_coast_km",140,4050,"4 degree lon/lat; lon centers -178..178; lat centers -88..88","C:/Users/Google/Documents/HMSC-HIST/Phanerozoic_Environment_540_0Ma_5Myr_4deg_landharmonized_v2/08_rds_export/Phanerozoic_Environment_540_0Ma_5Myr_Level2_4deg_landharmonized_v2_compact_float32.rds","Distance from land cell to nearest ocean cell","km","Scotese & Wright PALEOMAP PaleoDEMs","PALEOMAP PaleoDEM CSV was read as lon-lat-elevation, resampled to the 1 degree target grid, and used as the authoritative land-sea framework. In V2, terrestrial terrain variables are masked to PALEOMAP land and filled on land where the old terrain derivative had edge NA values; bathymetry, shelf, and deep-ocean masks are constrained to ocean cells. Four-degree product: area-weighted mean of finite source 1 degree cells.","Level2 gridded","1 degree Level 2 land-harmonized V2 product","4 degree","area-weighted mean of finite source 1 degree cells"
"distance_to_coast_km",135,4050,"4 degree lon/lat; lon centers -178..178; lat centers -88..88","C:/Users/Google/Documents/HMSC-HIST/Phanerozoic_Environment_540_0Ma_5Myr_4deg_landharmonized_v2/08_rds_export/Phanerozoic_Environment_540_0Ma_5Myr_Level2_4deg_landharmonized_v2_compact_float32.rds","Distance from land cell to nearest ocean cell","km","Scotese & Wright PALEOMAP PaleoDEMs","PALEOMAP PaleoDEM CSV was read as lon-lat-elevation, resampled to the 1 degree target grid, and used as the authoritative land-sea framework. In V2, terrestrial terrain variables are masked to PALEOMAP land and filled on land where the old terrain derivative had edge NA values; bathymetry, shelf, and deep-ocean masks are constrained to ocean cells. Four-degree product: area-weighted mean of finite source 1 degree cells.","Level2 gridded","1 degree Level 2 land-harmonized V2 product","4 degree","area-weighted mean of finite source 1 degree cells"
"distance_to_coast_km",130,4050,"4 degree lon/lat; lon centers -178..178; lat centers -88..88","C:/Users/Google/Documents/HMSC-HIST/Phanerozoic_Environment_540_0Ma_5Myr_4deg_landharmonized_v2/08_rds_export/Phanerozoic_Environment_540_0Ma_5Myr_Level2_4deg_landharmonized_v2_compact_float32.rds","Distance from land cell to nearest ocean cell","km","Scotese & Wright PALEOMAP PaleoDEMs","PALEOMAP PaleoDEM CSV was read as lon-lat-elevation, resampled to the 1 degree target grid, and used as the authoritative land-sea framework. In V2, terrestrial terrain variables are masked to PALEOMAP land and filled on land where the old terrain derivative had edge NA values; bathymetry, shelf, and deep-ocean masks are constrained to ocean cells. Four-degree product: area-weighted mean of finite source 1 degree cells.","Level2 gridded","1 degree Level 2 land-harmonized V2 product","4 degree","area-weighted mean of finite source 1 degree cells"
"distance_to_coast_km",125,4050,"4 degree lon/lat; lon centers -178..178; lat centers -88..88","C:/Users/Google/Documents/HMSC-HIST/Phanerozoic_Environment_540_0Ma_5Myr_4deg_landharmonized_v2/08_rds_export/Phanerozoic_Environment_540_0Ma_5Myr_Level2_4deg_landharmonized_v2_compact_float32.rds","Distance from land cell to nearest ocean cell","km","Scotese & Wright PALEOMAP PaleoDEMs","PALEOMAP PaleoDEM CSV was read as lon-lat-elevation, resampled to the 1 degree target grid, and used as the authoritative land-sea framework. In V2, terrestrial terrain variables are masked to PALEOMAP land and filled on land where the old terrain derivative had edge NA values; bathymetry, shelf, and deep-ocean masks are constrained to ocean cells. Four-degree product: area-weighted mean of finite source 1 degree cells.","Level2 gridded","1 degree Level 2 land-harmonized V2 product","4 degree","area-weighted mean of finite source 1 degree cells"
"distance_to_coast_km",120,4050,"4 degree lon/lat; lon centers -178..178; lat centers -88..88","C:/Users/Google/Documents/HMSC-HIST/Phanerozoic_Environment_540_0Ma_5Myr_4deg_landharmonized_v2/08_rds_export/Phanerozoic_Environment_540_0Ma_5Myr_Level2_4deg_landharmonized_v2_compact_float32.rds","Distance from land cell to nearest ocean cell","km","Scotese & Wright PALEOMAP PaleoDEMs","PALEOMAP PaleoDEM CSV was read as lon-lat-elevation, resampled to the 1 degree target grid, and used as the authoritative land-sea framework. In V2, terrestrial terrain variables are masked to PALEOMAP land and filled on land where the old terrain derivative had edge NA values; bathymetry, shelf, and deep-ocean masks are constrained to ocean cells. Four-degree product: area-weighted mean of finite source 1 degree cells.","Level2 gridded","1 degree Level 2 land-harmonized V2 product","4 degree","area-weighted mean of finite source 1 degree cells"
"distance_to_coast_km",115,4050,"4 degree lon/lat; lon centers -178..178; lat centers -88..88","C:/Users/Google/Documents/HMSC-HIST/Phanerozoic_Environment_540_0Ma_5Myr_4deg_landharmonized_v2/08_rds_export/Phanerozoic_Environment_540_0Ma_5Myr_Level2_4deg_landharmonized_v2_compact_float32.rds","Distance from land cell to nearest ocean cell","km","Scotese & Wright PALEOMAP PaleoDEMs","PALEOMAP PaleoDEM CSV was read as lon-lat-elevation, resampled to the 1 degree target grid, and used as the authoritative land-sea framework. In V2, terrestrial terrain variables are masked to PALEOMAP land and filled on land where the old terrain derivative had edge NA values; bathymetry, shelf, and deep-ocean masks are constrained to ocean cells. Four-degree product: area-weighted mean of finite source 1 degree cells.","Level2 gridded","1 degree Level 2 land-harmonized V2 product","4 degree","area-weighted mean of finite source 1 degree cells"
"distance_to_coast_km",110,4050,"4 degree lon/lat; lon centers -178..178; lat centers -88..88","C:/Users/Google/Documents/HMSC-HIST/Phanerozoic_Environment_540_0Ma_5Myr_4deg_landharmonized_v2/08_rds_export/Phanerozoic_Environment_540_0Ma_5Myr_Level2_4deg_landharmonized_v2_compact_float32.rds","Distance from land cell to nearest ocean cell","km","Scotese & Wright PALEOMAP PaleoDEMs","PALEOMAP PaleoDEM CSV was read as lon-lat-elevation, resampled to the 1 degree target grid, and used as the authoritative land-sea framework. In V2, terrestrial terrain variables are masked to PALEOMAP land and filled on land where the old terrain derivative had edge NA values; bathymetry, shelf, and deep-ocean masks are constrained to ocean cells. Four-degree product: area-weighted mean of finite source 1 degree cells.","Level2 gridded","1 degree Level 2 land-harmonized V2 product","4 degree","area-weighted mean of finite source 1 degree cells"
"distance_to_coast_km",105,4050,"4 degree lon/lat; lon centers -178..178; lat centers -88..88","C:/Users/Google/Documents/HMSC-HIST/Phanerozoic_Environment_540_0Ma_5Myr_4deg_landharmonized_v2/08_rds_export/Phanerozoic_Environment_540_0Ma_5Myr_Level2_4deg_landharmonized_v2_compact_float32.rds","Distance from land cell to nearest ocean cell","km","Scotese & Wright PALEOMAP PaleoDEMs","PALEOMAP PaleoDEM CSV was read as lon-lat-elevation, resampled to the 1 degree target grid, and used as the authoritative land-sea framework. In V2, terrestrial terrain variables are masked to PALEOMAP land and filled on land where the old terrain derivative had edge NA values; bathymetry, shelf, and deep-ocean masks are constrained to ocean cells. Four-degree product: area-weighted mean of finite source 1 degree cells.","Level2 gridded","1 degree Level 2 land-harmonized V2 product","4 degree","area-weighted mean of finite source 1 degree cells"
"distance_to_coast_km",100,4050,"4 degree lon/lat; lon centers -178..178; lat centers -88..88","C:/Users/Google/Documents/HMSC-HIST/Phanerozoic_Environment_540_0Ma_5Myr_4deg_landharmonized_v2/08_rds_export/Phanerozoic_Environment_540_0Ma_5Myr_Level2_4deg_landharmonized_v2_compact_float32.rds","Distance from land cell to nearest ocean cell","km","Scotese & Wright PALEOMAP PaleoDEMs","PALEOMAP PaleoDEM CSV was read as lon-lat-elevation, resampled to the 1 degree target grid, and used as the authoritative land-sea framework. In V2, terrestrial terrain variables are masked to PALEOMAP land and filled on land where the old terrain derivative had edge NA values; bathymetry, shelf, and deep-ocean masks are constrained to ocean cells. Four-degree product: area-weighted mean of finite source 1 degree cells.","Level2 gridded","1 degree Level 2 land-harmonized V2 product","4 degree","area-weighted mean of finite source 1 degree cells"
"distance_to_coast_km",95,4050,"4 degree lon/lat; lon centers -178..178; lat centers -88..88","C:/Users/Google/Documents/HMSC-HIST/Phanerozoic_Environment_540_0Ma_5Myr_4deg_landharmonized_v2/08_rds_export/Phanerozoic_Environment_540_0Ma_5Myr_Level2_4deg_landharmonized_v2_compact_float32.rds","Distance from land cell to nearest ocean cell","km","Scotese & Wright PALEOMAP PaleoDEMs","PALEOMAP PaleoDEM CSV was read as lon-lat-elevation, resampled to the 1 degree target grid, and used as the authoritative land-sea framework. In V2, terrestrial terrain variables are masked to PALEOMAP land and filled on land where the old terrain derivative had edge NA values; bathymetry, shelf, and deep-ocean masks are constrained to ocean cells. Four-degree product: area-weighted mean of finite source 1 degree cells.","Level2 gridded","1 degree Level 2 land-harmonized V2 product","4 degree","area-weighted mean of finite source 1 degree cells"
"distance_to_coast_km",90,4050,"4 degree lon/lat; lon centers -178..178; lat centers -88..88","C:/Users/Google/Documents/HMSC-HIST/Phanerozoic_Environment_540_0Ma_5Myr_4deg_landharmonized_v2/08_rds_export/Phanerozoic_Environment_540_0Ma_5Myr_Level2_4deg_landharmonized_v2_compact_float32.rds","Distance from land cell to nearest ocean cell","km","Scotese & Wright PALEOMAP PaleoDEMs","PALEOMAP PaleoDEM CSV was read as lon-lat-elevation, resampled to the 1 degree target grid, and used as the authoritative land-sea framework. In V2, terrestrial terrain variables are masked to PALEOMAP land and filled on land where the old terrain derivative had edge NA values; bathymetry, shelf, and deep-ocean masks are constrained to ocean cells. Four-degree product: area-weighted mean of finite source 1 degree cells.","Level2 gridded","1 degree Level 2 land-harmonized V2 product","4 degree","area-weighted mean of finite source 1 degree cells"
"distance_to_coast_km",85,4050,"4 degree lon/lat; lon centers -178..178; lat centers -88..88","C:/Users/Google/Documents/HMSC-HIST/Phanerozoic_Environment_540_0Ma_5Myr_4deg_landharmonized_v2/08_rds_export/Phanerozoic_Environment_540_0Ma_5Myr_Level2_4deg_landharmonized_v2_compact_float32.rds","Distance from land cell to nearest ocean cell","km","Scotese & Wright PALEOMAP PaleoDEMs","PALEOMAP PaleoDEM CSV was read as lon-lat-elevation, resampled to the 1 degree target grid, and used as the authoritative land-sea framework. In V2, terrestrial terrain variables are masked to PALEOMAP land and filled on land where the old terrain derivative had edge NA values; bathymetry, shelf, and deep-ocean masks are constrained to ocean cells. Four-degree product: area-weighted mean of finite source 1 degree cells.","Level2 gridded","1 degree Level 2 land-harmonized V2 product","4 degree","area-weighted mean of finite source 1 degree cells"
"distance_to_coast_km",80,4050,"4 degree lon/lat; lon centers -178..178; lat centers -88..88","C:/Users/Google/Documents/HMSC-HIST/Phanerozoic_Environment_540_0Ma_5Myr_4deg_landharmonized_v2/08_rds_export/Phanerozoic_Environment_540_0Ma_5Myr_Level2_4deg_landharmonized_v2_compact_float32.rds","Distance from land cell to nearest ocean cell","km","Scotese & Wright PALEOMAP PaleoDEMs","PALEOMAP PaleoDEM CSV was read as lon-lat-elevation, resampled to the 1 degree target grid, and used as the authoritative land-sea framework. In V2, terrestrial terrain variables are masked to PALEOMAP land and filled on land where the old terrain derivative had edge NA values; bathymetry, shelf, and deep-ocean masks are constrained to ocean cells. Four-degree product: area-weighted mean of finite source 1 degree cells.","Level2 gridded","1 degree Level 2 land-harmonized V2 product","4 degree","area-weighted mean of finite source 1 degree cells"
"distance_to_coast_km",75,4050,"4 degree lon/lat; lon centers -178..178; lat centers -88..88","C:/Users/Google/Documents/HMSC-HIST/Phanerozoic_Environment_540_0Ma_5Myr_4deg_landharmonized_v2/08_rds_export/Phanerozoic_Environment_540_0Ma_5Myr_Level2_4deg_landharmonized_v2_compact_float32.rds","Distance from land cell to nearest ocean cell","km","Scotese & Wright PALEOMAP PaleoDEMs","PALEOMAP PaleoDEM CSV was read as lon-lat-elevation, resampled to the 1 degree target grid, and used as the authoritative land-sea framework. In V2, terrestrial terrain variables are masked to PALEOMAP land and filled on land where the old terrain derivative had edge NA values; bathymetry, shelf, and deep-ocean masks are constrained to ocean cells. Four-degree product: area-weighted mean of finite source 1 degree cells.","Level2 gridded","1 degree Level 2 land-harmonized V2 product","4 degree","area-weighted mean of finite source 1 degree cells"
"distance_to_coast_km",70,4050,"4 degree lon/lat; lon centers -178..178; lat centers -88..88","C:/Users/Google/Documents/HMSC-HIST/Phanerozoic_Environment_540_0Ma_5Myr_4deg_landharmonized_v2/08_rds_export/Phanerozoic_Environment_540_0Ma_5Myr_Level2_4deg_landharmonized_v2_compact_float32.rds","Distance from land cell to nearest ocean cell","km","Scotese & Wright PALEOMAP PaleoDEMs","PALEOMAP PaleoDEM CSV was read as lon-lat-elevation, resampled to the 1 degree target grid, and used as the authoritative land-sea framework. In V2, terrestrial terrain variables are masked to PALEOMAP land and filled on land where the old terrain derivative had edge NA values; bathymetry, shelf, and deep-ocean masks are constrained to ocean cells. Four-degree product: area-weighted mean of finite source 1 degree cells.","Level2 gridded","1 degree Level 2 land-harmonized V2 product","4 degree","area-weighted mean of finite source 1 degree cells"
"distance_to_coast_km",65,4050,"4 degree lon/lat; lon centers -178..178; lat centers -88..88","C:/Users/Google/Documents/HMSC-HIST/Phanerozoic_Environment_540_0Ma_5Myr_4deg_landharmonized_v2/08_rds_export/Phanerozoic_Environment_540_0Ma_5Myr_Level2_4deg_landharmonized_v2_compact_float32.rds","Distance from land cell to nearest ocean cell","km","Scotese & Wright PALEOMAP PaleoDEMs","PALEOMAP PaleoDEM CSV was read as lon-lat-elevation, resampled to the 1 degree target grid, and used as the authoritative land-sea framework. In V2, terrestrial terrain variables are masked to PALEOMAP land and filled on land where the old terrain derivative had edge NA values; bathymetry, shelf, and deep-ocean masks are constrained to ocean cells. Four-degree product: area-weighted mean of finite source 1 degree cells.","Level2 gridded","1 degree Level 2 land-harmonized V2 product","4 degree","area-weighted mean of finite source 1 degree cells"
"distance_to_coast_km",60,4050,"4 degree lon/lat; lon centers -178..178; lat centers -88..88","C:/Users/Google/Documents/HMSC-HIST/Phanerozoic_Environment_540_0Ma_5Myr_4deg_landharmonized_v2/08_rds_export/Phanerozoic_Environment_540_0Ma_5Myr_Level2_4deg_landharmonized_v2_compact_float32.rds","Distance from land cell to nearest ocean cell","km","Scotese & Wright PALEOMAP PaleoDEMs","PALEOMAP PaleoDEM CSV was read as lon-lat-elevation, resampled to the 1 degree target grid, and used as the authoritative land-sea framework. In V2, terrestrial terrain variables are masked to PALEOMAP land and filled on land where the old terrain derivative had edge NA values; bathymetry, shelf, and deep-ocean masks are constrained to ocean cells. Four-degree product: area-weighted mean of finite source 1 degree cells.","Level2 gridded","1 degree Level 2 land-harmonized V2 product","4 degree","area-weighted mean of finite source 1 degree cells"
"distance_to_coast_km",55,4050,"4 degree lon/lat; lon centers -178..178; lat centers -88..88","C:/Users/Google/Documents/HMSC-HIST/Phanerozoic_Environment_540_0Ma_5Myr_4deg_landharmonized_v2/08_rds_export/Phanerozoic_Environment_540_0Ma_5Myr_Level2_4deg_landharmonized_v2_compact_float32.rds","Distance from land cell to nearest ocean cell","km","Scotese & Wright PALEOMAP PaleoDEMs","PALEOMAP PaleoDEM CSV was read as lon-lat-elevation, resampled to the 1 degree target grid, and used as the authoritative land-sea framework. In V2, terrestrial terrain variables are masked to PALEOMAP land and filled on land where the old terrain derivative had edge NA values; bathymetry, shelf, and deep-ocean masks are constrained to ocean cells. Four-degree product: area-weighted mean of finite source 1 degree cells.","Level2 gridded","1 degree Level 2 land-harmonized V2 product","4 degree","area-weighted mean of finite source 1 degree cells"
"distance_to_coast_km",50,4050,"4 degree lon/lat; lon centers -178..178; lat centers -88..88","C:/Users/Google/Documents/HMSC-HIST/Phanerozoic_Environment_540_0Ma_5Myr_4deg_landharmonized_v2/08_rds_export/Phanerozoic_Environment_540_0Ma_5Myr_Level2_4deg_landharmonized_v2_compact_float32.rds","Distance from land cell to nearest ocean cell","km","Scotese & Wright PALEOMAP PaleoDEMs","PALEOMAP PaleoDEM CSV was read as lon-lat-elevation, resampled to the 1 degree target grid, and used as the authoritative land-sea framework. In V2, terrestrial terrain variables are masked to PALEOMAP land and filled on land where the old terrain derivative had edge NA values; bathymetry, shelf, and deep-ocean masks are constrained to ocean cells. Four-degree product: area-weighted mean of finite source 1 degree cells.","Level2 gridded","1 degree Level 2 land-harmonized V2 product","4 degree","area-weighted mean of finite source 1 degree cells"
"distance_to_coast_km",45,4050,"4 degree lon/lat; lon centers -178..178; lat centers -88..88","C:/Users/Google/Documents/HMSC-HIST/Phanerozoic_Environment_540_0Ma_5Myr_4deg_landharmonized_v2/08_rds_export/Phanerozoic_Environment_540_0Ma_5Myr_Level2_4deg_landharmonized_v2_compact_float32.rds","Distance from land cell to nearest ocean cell","km","Scotese & Wright PALEOMAP PaleoDEMs","PALEOMAP PaleoDEM CSV was read as lon-lat-elevation, resampled to the 1 degree target grid, and used as the authoritative land-sea framework. In V2, terrestrial terrain variables are masked to PALEOMAP land and filled on land where the old terrain derivative had edge NA values; bathymetry, shelf, and deep-ocean masks are constrained to ocean cells. Four-degree product: area-weighted mean of finite source 1 degree cells.","Level2 gridded","1 degree Level 2 land-harmonized V2 product","4 degree","area-weighted mean of finite source 1 degree cells"
"distance_to_coast_km",40,4050,"4 degree lon/lat; lon centers -178..178; lat centers -88..88","C:/Users/Google/Documents/HMSC-HIST/Phanerozoic_Environment_540_0Ma_5Myr_4deg_landharmonized_v2/08_rds_export/Phanerozoic_Environment_540_0Ma_5Myr_Level2_4deg_landharmonized_v2_compact_float32.rds","Distance from land cell to nearest ocean cell","km","Scotese & Wright PALEOMAP PaleoDEMs","PALEOMAP PaleoDEM CSV was read as lon-lat-elevation, resampled to the 1 degree target grid, and used as the authoritative land-sea framework. In V2, terrestrial terrain variables are masked to PALEOMAP land and filled on land where the old terrain derivative had edge NA values; bathymetry, shelf, and deep-ocean masks are constrained to ocean cells. Four-degree product: area-weighted mean of finite source 1 degree cells.","Level2 gridded","1 degree Level 2 land-harmonized V2 product","4 degree","area-weighted mean of finite source 1 degree cells"
"distance_to_coast_km",35,4050,"4 degree lon/lat; lon centers -178..178; lat centers -88..88","C:/Users/Google/Documents/HMSC-HIST/Phanerozoic_Environment_540_0Ma_5Myr_4deg_landharmonized_v2/08_rds_export/Phanerozoic_Environment_540_0Ma_5Myr_Level2_4deg_landharmonized_v2_compact_float32.rds","Distance from land cell to nearest ocean cell","km","Scotese & Wright PALEOMAP PaleoDEMs","PALEOMAP PaleoDEM CSV was read as lon-lat-elevation, resampled to the 1 degree target grid, and used as the authoritative land-sea framework. In V2, terrestrial terrain variables are masked to PALEOMAP land and filled on land where the old terrain derivative had edge NA values; bathymetry, shelf, and deep-ocean masks are constrained to ocean cells. Four-degree product: area-weighted mean of finite source 1 degree cells.","Level2 gridded","1 degree Level 2 land-harmonized V2 product","4 degree","area-weighted mean of finite source 1 degree cells"
"distance_to_coast_km",30,4050,"4 degree lon/lat; lon centers -178..178; lat centers -88..88","C:/Users/Google/Documents/HMSC-HIST/Phanerozoic_Environment_540_0Ma_5Myr_4deg_landharmonized_v2/08_rds_export/Phanerozoic_Environment_540_0Ma_5Myr_Level2_4deg_landharmonized_v2_compact_float32.rds","Distance from land cell to nearest ocean cell","km","Scotese & Wright PALEOMAP PaleoDEMs","PALEOMAP PaleoDEM CSV was read as lon-lat-elevation, resampled to the 1 degree target grid, and used as the authoritative land-sea framework. In V2, terrestrial terrain variables are masked to PALEOMAP land and filled on land where the old terrain derivative had edge NA values; bathymetry, shelf, and deep-ocean masks are constrained to ocean cells. Four-degree product: area-weighted mean of finite source 1 degree cells.","Level2 gridded","1 degree Level 2 land-harmonized V2 product","4 degree","area-weighted mean of finite source 1 degree cells"
"distance_to_coast_km",25,4050,"4 degree lon/lat; lon centers -178..178; lat centers -88..88","C:/Users/Google/Documents/HMSC-HIST/Phanerozoic_Environment_540_0Ma_5Myr_4deg_landharmonized_v2/08_rds_export/Phanerozoic_Environment_540_0Ma_5Myr_Level2_4deg_landharmonized_v2_compact_float32.rds","Distance from land cell to nearest ocean cell","km","Scotese & Wright PALEOMAP PaleoDEMs","PALEOMAP PaleoDEM CSV was read as lon-lat-elevation, resampled to the 1 degree target grid, and used as the authoritative land-sea framework. In V2, terrestrial terrain variables are masked to PALEOMAP land and filled on land where the old terrain derivative had edge NA values; bathymetry, shelf, and deep-ocean masks are constrained to ocean cells. Four-degree product: area-weighted mean of finite source 1 degree cells.","Level2 gridded","1 degree Level 2 land-harmonized V2 product","4 degree","area-weighted mean of finite source 1 degree cells"
"distance_to_coast_km",20,4050,"4 degree lon/lat; lon centers -178..178; lat centers -88..88","C:/Users/Google/Documents/HMSC-HIST/Phanerozoic_Environment_540_0Ma_5Myr_4deg_landharmonized_v2/08_rds_export/Phanerozoic_Environment_540_0Ma_5Myr_Level2_4deg_landharmonized_v2_compact_float32.rds","Distance from land cell to nearest ocean cell","km","Scotese & Wright PALEOMAP PaleoDEMs","PALEOMAP PaleoDEM CSV was read as lon-lat-elevation, resampled to the 1 degree target grid, and used as the authoritative land-sea framework. In V2, terrestrial terrain variables are masked to PALEOMAP land and filled on land where the old terrain derivative had edge NA values; bathymetry, shelf, and deep-ocean masks are constrained to ocean cells. Four-degree product: area-weighted mean of finite source 1 degree cells.","Level2 gridded","1 degree Level 2 land-harmonized V2 product","4 degree","area-weighted mean of finite source 1 degree cells"
"distance_to_coast_km",15,4050,"4 degree lon/lat; lon centers -178..178; lat centers -88..88","C:/Users/Google/Documents/HMSC-HIST/Phanerozoic_Environment_540_0Ma_5Myr_4deg_landharmonized_v2/08_rds_export/Phanerozoic_Environment_540_0Ma_5Myr_Level2_4deg_landharmonized_v2_compact_float32.rds","Distance from land cell to nearest ocean cell","km","Scotese & Wright PALEOMAP PaleoDEMs","PALEOMAP PaleoDEM CSV was read as lon-lat-elevation, resampled to the 1 degree target grid, and used as the authoritative land-sea framework. In V2, terrestrial terrain variables are masked to PALEOMAP land and filled on land where the old terrain derivative had edge NA values; bathymetry, shelf, and deep-ocean masks are constrained to ocean cells. Four-degree product: area-weighted mean of finite source 1 degree cells.","Level2 gridded","1 degree Level 2 land-harmonized V2 product","4 degree","area-weighted mean of finite source 1 degree cells"
"distance_to_coast_km",10,4050,"4 degree lon/lat; lon centers -178..178; lat centers -88..88","C:/Users/Google/Documents/HMSC-HIST/Phanerozoic_Environment_540_0Ma_5Myr_4deg_landharmonized_v2/08_rds_export/Phanerozoic_Environment_540_0Ma_5Myr_Level2_4deg_landharmonized_v2_compact_float32.rds","Distance from land cell to nearest ocean cell","km","Scotese & Wright PALEOMAP PaleoDEMs","PALEOMAP PaleoDEM CSV was read as lon-lat-elevation, resampled to the 1 degree target grid, and used as the authoritative land-sea framework. In V2, terrestrial terrain variables are masked to PALEOMAP land and filled on land where the old terrain derivative had edge NA values; bathymetry, shelf, and deep-ocean masks are constrained to ocean cells. Four-degree product: area-weighted mean of finite source 1 degree cells.","Level2 gridded","1 degree Level 2 land-harmonized V2 product","4 degree","area-weighted mean of finite source 1 degree cells"
"distance_to_coast_km",5,4050,"4 degree lon/lat; lon centers -178..178; lat centers -88..88","C:/Users/Google/Documents/HMSC-HIST/Phanerozoic_Environment_540_0Ma_5Myr_4deg_landharmonized_v2/08_rds_export/Phanerozoic_Environment_540_0Ma_5Myr_Level2_4deg_landharmonized_v2_compact_float32.rds","Distance from land cell to nearest ocean cell","km","Scotese & Wright PALEOMAP PaleoDEMs","PALEOMAP PaleoDEM CSV was read as lon-lat-elevation, resampled to the 1 degree target grid, and used as the authoritative land-sea framework. In V2, terrestrial terrain variables are masked to PALEOMAP land and filled on land where the old terrain derivative had edge NA values; bathymetry, shelf, and deep-ocean masks are constrained to ocean cells. Four-degree product: area-weighted mean of finite source 1 degree cells.","Level2 gridded","1 degree Level 2 land-harmonized V2 product","4 degree","area-weighted mean of finite source 1 degree cells"
"distance_to_coast_km",0,4050,"4 degree lon/lat; lon centers -178..178; lat centers -88..88","C:/Users/Google/Documents/HMSC-HIST/Phanerozoic_Environment_540_0Ma_5Myr_4deg_landharmonized_v2/08_rds_export/Phanerozoic_Environment_540_0Ma_5Myr_Level2_4deg_landharmonized_v2_compact_float32.rds","Distance from land cell to nearest ocean cell","km","Scotese & Wright PALEOMAP PaleoDEMs","PALEOMAP PaleoDEM CSV was read as lon-lat-elevation, resampled to the 1 degree target grid, and used as the authoritative land-sea framework. In V2, terrestrial terrain variables are masked to PALEOMAP land and filled on land where the old terrain derivative had edge NA values; bathymetry, shelf, and deep-ocean masks are constrained to ocean cells. Four-degree product: area-weighted mean of finite source 1 degree cells.","Level2 gridded","1 degree Level 2 land-harmonized V2 product","4 degree","area-weighted mean of finite source 1 degree cells"
"moisture_availability_index_z",540,4050,"4 degree lon/lat; lon centers -178..178; lat centers -88..88","C:/Users/Google/Documents/HMSC-HIST/Phanerozoic_Environment_540_0Ma_5Myr_4deg_landharmonized_v2/08_rds_export/Phanerozoic_Environment_540_0Ma_5Myr_Level2_4deg_landharmonized_v2_compact_float32.rds","Land-standardised P-E plus runoff plus driest-month precipitation","z-score sum","Integrated land-harmonized Pohl, Li, and PALEOMAP derived layers","Derived from the land-harmonized 5 Myr Pohl, Li, and PaleoDEM layers; z-score indices are standardised across PALEOMAP land cells within each time slice and masked to land. Four-degree product: area-weighted mean of finite source 1 degree cells.","Level2 gridded","1 degree Level 2 land-harmonized V2 product","4 degree","area-weighted mean of finite source 1 degree cells"
"moisture_availability_index_z",535,4050,"4 degree lon/lat; lon centers -178..178; lat centers -88..88","C:/Users/Google/Documents/HMSC-HIST/Phanerozoic_Environment_540_0Ma_5Myr_4deg_landharmonized_v2/08_rds_export/Phanerozoic_Environment_540_0Ma_5Myr_Level2_4deg_landharmonized_v2_compact_float32.rds","Land-standardised P-E plus runoff plus driest-month precipitation","z-score sum","Integrated land-harmonized Pohl, Li, and PALEOMAP derived layers","Derived from the land-harmonized 5 Myr Pohl, Li, and PaleoDEM layers; z-score indices are standardised across PALEOMAP land cells within each time slice and masked to land. Four-degree product: area-weighted mean of finite source 1 degree cells.","Level2 gridded","1 degree Level 2 land-harmonized V2 product","4 degree","area-weighted mean of finite source 1 degree cells"
"moisture_availability_index_z",530,4050,"4 degree lon/lat; lon centers -178..178; lat centers -88..88","C:/Users/Google/Documents/HMSC-HIST/Phanerozoic_Environment_540_0Ma_5Myr_4deg_landharmonized_v2/08_rds_export/Phanerozoic_Environment_540_0Ma_5Myr_Level2_4deg_landharmonized_v2_compact_float32.rds","Land-standardised P-E plus runoff plus driest-month precipitation","z-score sum","Integrated land-harmonized Pohl, Li, and PALEOMAP derived layers","Derived from the land-harmonized 5 Myr Pohl, Li, and PaleoDEM layers; z-score indices are standardised across PALEOMAP land cells within each time slice and masked to land. Four-degree product: area-weighted mean of finite source 1 degree cells.","Level2 gridded","1 degree Level 2 land-harmonized V2 product","4 degree","area-weighted mean of finite source 1 degree cells"
"moisture_availability_index_z",525,4050,"4 degree lon/lat; lon centers -178..178; lat centers -88..88","C:/Users/Google/Documents/HMSC-HIST/Phanerozoic_Environment_540_0Ma_5Myr_4deg_landharmonized_v2/08_rds_export/Phanerozoic_Environment_540_0Ma_5Myr_Level2_4deg_landharmonized_v2_compact_float32.rds","Land-standardised P-E plus runoff plus driest-month precipitation","z-score sum","Integrated land-harmonized Pohl, Li, and PALEOMAP derived layers","Derived from the land-harmonized 5 Myr Pohl, Li, and PaleoDEM layers; z-score indices are standardised across PALEOMAP land cells within each time slice and masked to land. Four-degree product: area-weighted mean of finite source 1 degree cells.","Level2 gridded","1 degree Level 2 land-harmonized V2 product","4 degree","area-weighted mean of finite source 1 degree cells"
"moisture_availability_index_z",520,4050,"4 degree lon/lat; lon centers -178..178; lat centers -88..88","C:/Users/Google/Documents/HMSC-HIST/Phanerozoic_Environment_540_0Ma_5Myr_4deg_landharmonized_v2/08_rds_export/Phanerozoic_Environment_540_0Ma_5Myr_Level2_4deg_landharmonized_v2_compact_float32.rds","Land-standardised P-E plus runoff plus driest-month precipitation","z-score sum","Integrated land-harmonized Pohl, Li, and PALEOMAP derived layers","Derived from the land-harmonized 5 Myr Pohl, Li, and PaleoDEM layers; z-score indices are standardised across PALEOMAP land cells within each time slice and masked to land. Four-degree product: area-weighted mean of finite source 1 degree cells.","Level2 gridded","1 degree Level 2 land-harmonized V2 product","4 degree","area-weighted mean of finite source 1 degree cells"
"moisture_availability_index_z",515,4050,"4 degree lon/lat; lon centers -178..178; lat centers -88..88","C:/Users/Google/Documents/HMSC-HIST/Phanerozoic_Environment_540_0Ma_5Myr_4deg_landharmonized_v2/08_rds_export/Phanerozoic_Environment_540_0Ma_5Myr_Level2_4deg_landharmonized_v2_compact_float32.rds","Land-standardised P-E plus runoff plus driest-month precipitation","z-score sum","Integrated land-harmonized Pohl, Li, and PALEOMAP derived layers","Derived from the land-harmonized 5 Myr Pohl, Li, and PaleoDEM layers; z-score indices are standardised across PALEOMAP land cells within each time slice and masked to land. Four-degree product: area-weighted mean of finite source 1 degree cells.","Level2 gridded","1 degree Level 2 land-harmonized V2 product","4 degree","area-weighted mean of finite source 1 degree cells"
"moisture_availability_index_z",510,4050,"4 degree lon/lat; lon centers -178..178; lat centers -88..88","C:/Users/Google/Documents/HMSC-HIST/Phanerozoic_Environment_540_0Ma_5Myr_4deg_landharmonized_v2/08_rds_export/Phanerozoic_Environment_540_0Ma_5Myr_Level2_4deg_landharmonized_v2_compact_float32.rds","Land-standardised P-E plus runoff plus driest-month precipitation","z-score sum","Integrated land-harmonized Pohl, Li, and PALEOMAP derived layers","Derived from the land-harmonized 5 Myr Pohl, Li, and PaleoDEM layers; z-score indices are standardised across PALEOMAP land cells within each time slice and masked to land. Four-degree product: area-weighted mean of finite source 1 degree cells.","Level2 gridded","1 degree Level 2 land-harmonized V2 product","4 degree","area-weighted mean of finite source 1 degree cells"
"moisture_availability_index_z",505,4050,"4 degree lon/lat; lon centers -178..178; lat centers -88..88","C:/Users/Google/Documents/HMSC-HIST/Phanerozoic_Environment_540_0Ma_5Myr_4deg_landharmonized_v2/08_rds_export/Phanerozoic_Environment_540_0Ma_5Myr_Level2_4deg_landharmonized_v2_compact_float32.rds","Land-standardised P-E plus runoff plus driest-month precipitation","z-score sum","Integrated land-harmonized Pohl, Li, and PALEOMAP derived layers","Derived from the land-harmonized 5 Myr Pohl, Li, and PaleoDEM layers; z-score indices are standardised across PALEOMAP land cells within each time slice and masked to land. Four-degree product: area-weighted mean of finite source 1 degree cells.","Level2 gridded","1 degree Level 2 land-harmonized V2 product","4 degree","area-weighted mean of finite source 1 degree cells"
"moisture_availability_index_z",500,4050,"4 degree lon/lat; lon centers -178..178; lat centers -88..88","C:/Users/Google/Documents/HMSC-HIST/Phanerozoic_Environment_540_0Ma_5Myr_4deg_landharmonized_v2/08_rds_export/Phanerozoic_Environment_540_0Ma_5Myr_Level2_4deg_landharmonized_v2_compact_float32.rds","Land-standardised P-E plus runoff plus driest-month precipitation","z-score sum","Integrated land-harmonized Pohl, Li, and PALEOMAP derived layers","Derived from the land-harmonized 5 Myr Pohl, Li, and PaleoDEM layers; z-score indices are standardised across PALEOMAP land cells within each time slice and masked to land. Four-degree product: area-weighted mean of finite source 1 degree cells.","Level2 gridded","1 degree Level 2 land-harmonized V2 product","4 degree","area-weighted mean of finite source 1 degree cells"
"moisture_availability_index_z",495,4050,"4 degree lon/lat; lon centers -178..178; lat centers -88..88","C:/Users/Google/Documents/HMSC-HIST/Phanerozoic_Environment_540_0Ma_5Myr_4deg_landharmonized_v2/08_rds_export/Phanerozoic_Environment_540_0Ma_5Myr_Level2_4deg_landharmonized_v2_compact_float32.rds","Land-standardised P-E plus runoff plus driest-month precipitation","z-score sum","Integrated land-harmonized Pohl, Li, and PALEOMAP derived layers","Derived from the land-harmonized 5 Myr Pohl, Li, and PaleoDEM layers; z-score indices are standardised across PALEOMAP land cells within each time slice and masked to land. Four-degree product: area-weighted mean of finite source 1 degree cells.","Level2 gridded","1 degree Level 2 land-harmonized V2 product","4 degree","area-weighted mean of finite source 1 degree cells"
"moisture_availability_index_z",490,4050,"4 degree lon/lat; lon centers -178..178; lat centers -88..88","C:/Users/Google/Documents/HMSC-HIST/Phanerozoic_Environment_540_0Ma_5Myr_4deg_landharmonized_v2/08_rds_export/Phanerozoic_Environment_540_0Ma_5Myr_Level2_4deg_landharmonized_v2_compact_float32.rds","Land-standardised P-E plus runoff plus driest-month precipitation","z-score sum","Integrated land-harmonized Pohl, Li, and PALEOMAP derived layers","Derived from the land-harmonized 5 Myr Pohl, Li, and PaleoDEM layers; z-score indices are standardised across PALEOMAP land cells within each time slice and masked to land. Four-degree product: area-weighted mean of finite source 1 degree cells.","Level2 gridded","1 degree Level 2 land-harmonized V2 product","4 degree","area-weighted mean of finite source 1 degree cells"
"moisture_availability_index_z",485,4050,"4 degree lon/lat; lon centers -178..178; lat centers -88..88","C:/Users/Google/Documents/HMSC-HIST/Phanerozoic_Environment_540_0Ma_5Myr_4deg_landharmonized_v2/08_rds_export/Phanerozoic_Environment_540_0Ma_5Myr_Level2_4deg_landharmonized_v2_compact_float32.rds","Land-standardised P-E plus runoff plus driest-month precipitation","z-score sum","Integrated land-harmonized Pohl, Li, and PALEOMAP derived layers","Derived from the land-harmonized 5 Myr Pohl, Li, and PaleoDEM layers; z-score indices are standardised across PALEOMAP land cells within each time slice and masked to land. Four-degree product: area-weighted mean of finite source 1 degree cells.","Level2 gridded","1 degree Level 2 land-harmonized V2 product","4 degree","area-weighted mean of finite source 1 degree cells"
"moisture_availability_index_z",480,4050,"4 degree lon/lat; lon centers -178..178; lat centers -88..88","C:/Users/Google/Documents/HMSC-HIST/Phanerozoic_Environment_540_0Ma_5Myr_4deg_landharmonized_v2/08_rds_export/Phanerozoic_Environment_540_0Ma_5Myr_Level2_4deg_landharmonized_v2_compact_float32.rds","Land-standardised P-E plus runoff plus driest-month precipitation","z-score sum","Integrated land-harmonized Pohl, Li, and PALEOMAP derived layers","Derived from the land-harmonized 5 Myr Pohl, Li, and PaleoDEM layers; z-score indices are standardised across PALEOMAP land cells within each time slice and masked to land. Four-degree product: area-weighted mean of finite source 1 degree cells.","Level2 gridded","1 degree Level 2 land-harmonized V2 product","4 degree","area-weighted mean of finite source 1 degree cells"
"moisture_availability_index_z",475,4050,"4 degree lon/lat; lon centers -178..178; lat centers -88..88","C:/Users/Google/Documents/HMSC-HIST/Phanerozoic_Environment_540_0Ma_5Myr_4deg_landharmonized_v2/08_rds_export/Phanerozoic_Environment_540_0Ma_5Myr_Level2_4deg_landharmonized_v2_compact_float32.rds","Land-standardised P-E plus runoff plus driest-month precipitation","z-score sum","Integrated land-harmonized Pohl, Li, and PALEOMAP derived layers","Derived from the land-harmonized 5 Myr Pohl, Li, and PaleoDEM layers; z-score indices are standardised across PALEOMAP land cells within each time slice and masked to land. Four-degree product: area-weighted mean of finite source 1 degree cells.","Level2 gridded","1 degree Level 2 land-harmonized V2 product","4 degree","area-weighted mean of finite source 1 degree cells"
"moisture_availability_index_z",470,4050,"4 degree lon/lat; lon centers -178..178; lat centers -88..88","C:/Users/Google/Documents/HMSC-HIST/Phanerozoic_Environment_540_0Ma_5Myr_4deg_landharmonized_v2/08_rds_export/Phanerozoic_Environment_540_0Ma_5Myr_Level2_4deg_landharmonized_v2_compact_float32.rds","Land-standardised P-E plus runoff plus driest-month precipitation","z-score sum","Integrated land-harmonized Pohl, Li, and PALEOMAP derived layers","Derived from the land-harmonized 5 Myr Pohl, Li, and PaleoDEM layers; z-score indices are standardised across PALEOMAP land cells within each time slice and masked to land. Four-degree product: area-weighted mean of finite source 1 degree cells.","Level2 gridded","1 degree Level 2 land-harmonized V2 product","4 degree","area-weighted mean of finite source 1 degree cells"
"moisture_availability_index_z",465,4050,"4 degree lon/lat; lon centers -178..178; lat centers -88..88","C:/Users/Google/Documents/HMSC-HIST/Phanerozoic_Environment_540_0Ma_5Myr_4deg_landharmonized_v2/08_rds_export/Phanerozoic_Environment_540_0Ma_5Myr_Level2_4deg_landharmonized_v2_compact_float32.rds","Land-standardised P-E plus runoff plus driest-month precipitation","z-score sum","Integrated land-harmonized Pohl, Li, and PALEOMAP derived layers","Derived from the land-harmonized 5 Myr Pohl, Li, and PaleoDEM layers; z-score indices are standardised across PALEOMAP land cells within each time slice and masked to land. Four-degree product: area-weighted mean of finite source 1 degree cells.","Level2 gridded","1 degree Level 2 land-harmonized V2 product","4 degree","area-weighted mean of finite source 1 degree cells"
"moisture_availability_index_z",460,4050,"4 degree lon/lat; lon centers -178..178; lat centers -88..88","C:/Users/Google/Documents/HMSC-HIST/Phanerozoic_Environment_540_0Ma_5Myr_4deg_landharmonized_v2/08_rds_export/Phanerozoic_Environment_540_0Ma_5Myr_Level2_4deg_landharmonized_v2_compact_float32.rds","Land-standardised P-E plus runoff plus driest-month precipitation","z-score sum","Integrated land-harmonized Pohl, Li, and PALEOMAP derived layers","Derived from the land-harmonized 5 Myr Pohl, Li, and PaleoDEM layers; z-score indices are standardised across PALEOMAP land cells within each time slice and masked to land. Four-degree product: area-weighted mean of finite source 1 degree cells.","Level2 gridded","1 degree Level 2 land-harmonized V2 product","4 degree","area-weighted mean of finite source 1 degree cells"
"moisture_availability_index_z",455,4050,"4 degree lon/lat; lon centers -178..178; lat centers -88..88","C:/Users/Google/Documents/HMSC-HIST/Phanerozoic_Environment_540_0Ma_5Myr_4deg_landharmonized_v2/08_rds_export/Phanerozoic_Environment_540_0Ma_5Myr_Level2_4deg_landharmonized_v2_compact_float32.rds","Land-standardised P-E plus runoff plus driest-month precipitation","z-score sum","Integrated land-harmonized Pohl, Li, and PALEOMAP derived layers","Derived from the land-harmonized 5 Myr Pohl, Li, and PaleoDEM layers; z-score indices are standardised across PALEOMAP land cells within each time slice and masked to land. Four-degree product: area-weighted mean of finite source 1 degree cells.","Level2 gridded","1 degree Level 2 land-harmonized V2 product","4 degree","area-weighted mean of finite source 1 degree cells"
"moisture_availability_index_z",450,4050,"4 degree lon/lat; lon centers -178..178; lat centers -88..88","C:/Users/Google/Documents/HMSC-HIST/Phanerozoic_Environment_540_0Ma_5Myr_4deg_landharmonized_v2/08_rds_export/Phanerozoic_Environment_540_0Ma_5Myr_Level2_4deg_landharmonized_v2_compact_float32.rds","Land-standardised P-E plus runoff plus driest-month precipitation","z-score sum","Integrated land-harmonized Pohl, Li, and PALEOMAP derived layers","Derived from the land-harmonized 5 Myr Pohl, Li, and PaleoDEM layers; z-score indices are standardised across PALEOMAP land cells within each time slice and masked to land. Four-degree product: area-weighted mean of finite source 1 degree cells.","Level2 gridded","1 degree Level 2 land-harmonized V2 product","4 degree","area-weighted mean of finite source 1 degree cells"
"moisture_availability_index_z",445,4050,"4 degree lon/lat; lon centers -178..178; lat centers -88..88","C:/Users/Google/Documents/HMSC-HIST/Phanerozoic_Environment_540_0Ma_5Myr_4deg_landharmonized_v2/08_rds_export/Phanerozoic_Environment_540_0Ma_5Myr_Level2_4deg_landharmonized_v2_compact_float32.rds","Land-standardised P-E plus runoff plus driest-month precipitation","z-score sum","Integrated land-harmonized Pohl, Li, and PALEOMAP derived layers","Derived from the land-harmonized 5 Myr Pohl, Li, and PaleoDEM layers; z-score indices are standardised across PALEOMAP land cells within each time slice and masked to land. Four-degree product: area-weighted mean of finite source 1 degree cells.","Level2 gridded","1 degree Level 2 land-harmonized V2 product","4 degree","area-weighted mean of finite source 1 degree cells"
"moisture_availability_index_z",440,4050,"4 degree lon/lat; lon centers -178..178; lat centers -88..88","C:/Users/Google/Documents/HMSC-HIST/Phanerozoic_Environment_540_0Ma_5Myr_4deg_landharmonized_v2/08_rds_export/Phanerozoic_Environment_540_0Ma_5Myr_Level2_4deg_landharmonized_v2_compact_float32.rds","Land-standardised P-E plus runoff plus driest-month precipitation","z-score sum","Integrated land-harmonized Pohl, Li, and PALEOMAP derived layers","Derived from the land-harmonized 5 Myr Pohl, Li, and PaleoDEM layers; z-score indices are standardised across PALEOMAP land cells within each time slice and masked to land. Four-degree product: area-weighted mean of finite source 1 degree cells.","Level2 gridded","1 degree Level 2 land-harmonized V2 product","4 degree","area-weighted mean of finite source 1 degree cells"
"moisture_availability_index_z",435,4050,"4 degree lon/lat; lon centers -178..178; lat centers -88..88","C:/Users/Google/Documents/HMSC-HIST/Phanerozoic_Environment_540_0Ma_5Myr_4deg_landharmonized_v2/08_rds_export/Phanerozoic_Environment_540_0Ma_5Myr_Level2_4deg_landharmonized_v2_compact_float32.rds","Land-standardised P-E plus runoff plus driest-month precipitation","z-score sum","Integrated land-harmonized Pohl, Li, and PALEOMAP derived layers","Derived from the land-harmonized 5 Myr Pohl, Li, and PaleoDEM layers; z-score indices are standardised across PALEOMAP land cells within each time slice and masked to land. Four-degree product: area-weighted mean of finite source 1 degree cells.","Level2 gridded","1 degree Level 2 land-harmonized V2 product","4 degree","area-weighted mean of finite source 1 degree cells"
"moisture_availability_index_z",430,4050,"4 degree lon/lat; lon centers -178..178; lat centers -88..88","C:/Users/Google/Documents/HMSC-HIST/Phanerozoic_Environment_540_0Ma_5Myr_4deg_landharmonized_v2/08_rds_export/Phanerozoic_Environment_540_0Ma_5Myr_Level2_4deg_landharmonized_v2_compact_float32.rds","Land-standardised P-E plus runoff plus driest-month precipitation","z-score sum","Integrated land-harmonized Pohl, Li, and PALEOMAP derived layers","Derived from the land-harmonized 5 Myr Pohl, Li, and PaleoDEM layers; z-score indices are standardised across PALEOMAP land cells within each time slice and masked to land. Four-degree product: area-weighted mean of finite source 1 degree cells.","Level2 gridded","1 degree Level 2 land-harmonized V2 product","4 degree","area-weighted mean of finite source 1 degree cells"
"moisture_availability_index_z",425,4050,"4 degree lon/lat; lon centers -178..178; lat centers -88..88","C:/Users/Google/Documents/HMSC-HIST/Phanerozoic_Environment_540_0Ma_5Myr_4deg_landharmonized_v2/08_rds_export/Phanerozoic_Environment_540_0Ma_5Myr_Level2_4deg_landharmonized_v2_compact_float32.rds","Land-standardised P-E plus runoff plus driest-month precipitation","z-score sum","Integrated land-harmonized Pohl, Li, and PALEOMAP derived layers","Derived from the land-harmonized 5 Myr Pohl, Li, and PaleoDEM layers; z-score indices are standardised across PALEOMAP land cells within each time slice and masked to land. Four-degree product: area-weighted mean of finite source 1 degree cells.","Level2 gridded","1 degree Level 2 land-harmonized V2 product","4 degree","area-weighted mean of finite source 1 degree cells"
"moisture_availability_index_z",420,4050,"4 degree lon/lat; lon centers -178..178; lat centers -88..88","C:/Users/Google/Documents/HMSC-HIST/Phanerozoic_Environment_540_0Ma_5Myr_4deg_landharmonized_v2/08_rds_export/Phanerozoic_Environment_540_0Ma_5Myr_Level2_4deg_landharmonized_v2_compact_float32.rds","Land-standardised P-E plus runoff plus driest-month precipitation","z-score sum","Integrated land-harmonized Pohl, Li, and PALEOMAP derived layers","Derived from the land-harmonized 5 Myr Pohl, Li, and PaleoDEM layers; z-score indices are standardised across PALEOMAP land cells within each time slice and masked to land. Four-degree product: area-weighted mean of finite source 1 degree cells.","Level2 gridded","1 degree Level 2 land-harmonized V2 product","4 degree","area-weighted mean of finite source 1 degree cells"
"moisture_availability_index_z",415,4050,"4 degree lon/lat; lon centers -178..178; lat centers -88..88","C:/Users/Google/Documents/HMSC-HIST/Phanerozoic_Environment_540_0Ma_5Myr_4deg_landharmonized_v2/08_rds_export/Phanerozoic_Environment_540_0Ma_5Myr_Level2_4deg_landharmonized_v2_compact_float32.rds","Land-standardised P-E plus runoff plus driest-month precipitation","z-score sum","Integrated land-harmonized Pohl, Li, and PALEOMAP derived layers","Derived from the land-harmonized 5 Myr Pohl, Li, and PaleoDEM layers; z-score indices are standardised across PALEOMAP land cells within each time slice and masked to land. Four-degree product: area-weighted mean of finite source 1 degree cells.","Level2 gridded","1 degree Level 2 land-harmonized V2 product","4 degree","area-weighted mean of finite source 1 degree cells"
"moisture_availability_index_z",410,4050,"4 degree lon/lat; lon centers -178..178; lat centers -88..88","C:/Users/Google/Documents/HMSC-HIST/Phanerozoic_Environment_540_0Ma_5Myr_4deg_landharmonized_v2/08_rds_export/Phanerozoic_Environment_540_0Ma_5Myr_Level2_4deg_landharmonized_v2_compact_float32.rds","Land-standardised P-E plus runoff plus driest-month precipitation","z-score sum","Integrated land-harmonized Pohl, Li, and PALEOMAP derived layers","Derived from the land-harmonized 5 Myr Pohl, Li, and PaleoDEM layers; z-score indices are standardised across PALEOMAP land cells within each time slice and masked to land. Four-degree product: area-weighted mean of finite source 1 degree cells.","Level2 gridded","1 degree Level 2 land-harmonized V2 product","4 degree","area-weighted mean of finite source 1 degree cells"
"moisture_availability_index_z",405,4050,"4 degree lon/lat; lon centers -178..178; lat centers -88..88","C:/Users/Google/Documents/HMSC-HIST/Phanerozoic_Environment_540_0Ma_5Myr_4deg_landharmonized_v2/08_rds_export/Phanerozoic_Environment_540_0Ma_5Myr_Level2_4deg_landharmonized_v2_compact_float32.rds","Land-standardised P-E plus runoff plus driest-month precipitation","z-score sum","Integrated land-harmonized Pohl, Li, and PALEOMAP derived layers","Derived from the land-harmonized 5 Myr Pohl, Li, and PaleoDEM layers; z-score indices are standardised across PALEOMAP land cells within each time slice and masked to land. Four-degree product: area-weighted mean of finite source 1 degree cells.","Level2 gridded","1 degree Level 2 land-harmonized V2 product","4 degree","area-weighted mean of finite source 1 degree cells"
"moisture_availability_index_z",400,4050,"4 degree lon/lat; lon centers -178..178; lat centers -88..88","C:/Users/Google/Documents/HMSC-HIST/Phanerozoic_Environment_540_0Ma_5Myr_4deg_landharmonized_v2/08_rds_export/Phanerozoic_Environment_540_0Ma_5Myr_Level2_4deg_landharmonized_v2_compact_float32.rds","Land-standardised P-E plus runoff plus driest-month precipitation","z-score sum","Integrated land-harmonized Pohl, Li, and PALEOMAP derived layers","Derived from the land-harmonized 5 Myr Pohl, Li, and PaleoDEM layers; z-score indices are standardised across PALEOMAP land cells within each time slice and masked to land. Four-degree product: area-weighted mean of finite source 1 degree cells.","Level2 gridded","1 degree Level 2 land-harmonized V2 product","4 degree","area-weighted mean of finite source 1 degree cells"
"moisture_availability_index_z",395,4050,"4 degree lon/lat; lon centers -178..178; lat centers -88..88","C:/Users/Google/Documents/HMSC-HIST/Phanerozoic_Environment_540_0Ma_5Myr_4deg_landharmonized_v2/08_rds_export/Phanerozoic_Environment_540_0Ma_5Myr_Level2_4deg_landharmonized_v2_compact_float32.rds","Land-standardised P-E plus runoff plus driest-month precipitation","z-score sum","Integrated land-harmonized Pohl, Li, and PALEOMAP derived layers","Derived from the land-harmonized 5 Myr Pohl, Li, and PaleoDEM layers; z-score indices are standardised across PALEOMAP land cells within each time slice and masked to land. Four-degree product: area-weighted mean of finite source 1 degree cells.","Level2 gridded","1 degree Level 2 land-harmonized V2 product","4 degree","area-weighted mean of finite source 1 degree cells"
"moisture_availability_index_z",390,4050,"4 degree lon/lat; lon centers -178..178; lat centers -88..88","C:/Users/Google/Documents/HMSC-HIST/Phanerozoic_Environment_540_0Ma_5Myr_4deg_landharmonized_v2/08_rds_export/Phanerozoic_Environment_540_0Ma_5Myr_Level2_4deg_landharmonized_v2_compact_float32.rds","Land-standardised P-E plus runoff plus driest-month precipitation","z-score sum","Integrated land-harmonized Pohl, Li, and PALEOMAP derived layers","Derived from the land-harmonized 5 Myr Pohl, Li, and PaleoDEM layers; z-score indices are standardised across PALEOMAP land cells within each time slice and masked to land. Four-degree product: area-weighted mean of finite source 1 degree cells.","Level2 gridded","1 degree Level 2 land-harmonized V2 product","4 degree","area-weighted mean of finite source 1 degree cells"
"moisture_availability_index_z",385,4050,"4 degree lon/lat; lon centers -178..178; lat centers -88..88","C:/Users/Google/Documents/HMSC-HIST/Phanerozoic_Environment_540_0Ma_5Myr_4deg_landharmonized_v2/08_rds_export/Phanerozoic_Environment_540_0Ma_5Myr_Level2_4deg_landharmonized_v2_compact_float32.rds","Land-standardised P-E plus runoff plus driest-month precipitation","z-score sum","Integrated land-harmonized Pohl, Li, and PALEOMAP derived layers","Derived from the land-harmonized 5 Myr Pohl, Li, and PaleoDEM layers; z-score indices are standardised across PALEOMAP land cells within each time slice and masked to land. Four-degree product: area-weighted mean of finite source 1 degree cells.","Level2 gridded","1 degree Level 2 land-harmonized V2 product","4 degree","area-weighted mean of finite source 1 degree cells"
"moisture_availability_index_z",380,4050,"4 degree lon/lat; lon centers -178..178; lat centers -88..88","C:/Users/Google/Documents/HMSC-HIST/Phanerozoic_Environment_540_0Ma_5Myr_4deg_landharmonized_v2/08_rds_export/Phanerozoic_Environment_540_0Ma_5Myr_Level2_4deg_landharmonized_v2_compact_float32.rds","Land-standardised P-E plus runoff plus driest-month precipitation","z-score sum","Integrated land-harmonized Pohl, Li, and PALEOMAP derived layers","Derived from the land-harmonized 5 Myr Pohl, Li, and PaleoDEM layers; z-score indices are standardised across PALEOMAP land cells within each time slice and masked to land. Four-degree product: area-weighted mean of finite source 1 degree cells.","Level2 gridded","1 degree Level 2 land-harmonized V2 product","4 degree","area-weighted mean of finite source 1 degree cells"
"moisture_availability_index_z",375,4050,"4 degree lon/lat; lon centers -178..178; lat centers -88..88","C:/Users/Google/Documents/HMSC-HIST/Phanerozoic_Environment_540_0Ma_5Myr_4deg_landharmonized_v2/08_rds_export/Phanerozoic_Environment_540_0Ma_5Myr_Level2_4deg_landharmonized_v2_compact_float32.rds","Land-standardised P-E plus runoff plus driest-month precipitation","z-score sum","Integrated land-harmonized Pohl, Li, and PALEOMAP derived layers","Derived from the land-harmonized 5 Myr Pohl, Li, and PaleoDEM layers; z-score indices are standardised across PALEOMAP land cells within each time slice and masked to land. Four-degree product: area-weighted mean of finite source 1 degree cells.","Level2 gridded","1 degree Level 2 land-harmonized V2 product","4 degree","area-weighted mean of finite source 1 degree cells"
"moisture_availability_index_z",370,4050,"4 degree lon/lat; lon centers -178..178; lat centers -88..88","C:/Users/Google/Documents/HMSC-HIST/Phanerozoic_Environment_540_0Ma_5Myr_4deg_landharmonized_v2/08_rds_export/Phanerozoic_Environment_540_0Ma_5Myr_Level2_4deg_landharmonized_v2_compact_float32.rds","Land-standardised P-E plus runoff plus driest-month precipitation","z-score sum","Integrated land-harmonized Pohl, Li, and PALEOMAP derived layers","Derived from the land-harmonized 5 Myr Pohl, Li, and PaleoDEM layers; z-score indices are standardised across PALEOMAP land cells within each time slice and masked to land. Four-degree product: area-weighted mean of finite source 1 degree cells.","Level2 gridded","1 degree Level 2 land-harmonized V2 product","4 degree","area-weighted mean of finite source 1 degree cells"
"moisture_availability_index_z",365,4050,"4 degree lon/lat; lon centers -178..178; lat centers -88..88","C:/Users/Google/Documents/HMSC-HIST/Phanerozoic_Environment_540_0Ma_5Myr_4deg_landharmonized_v2/08_rds_export/Phanerozoic_Environment_540_0Ma_5Myr_Level2_4deg_landharmonized_v2_compact_float32.rds","Land-standardised P-E plus runoff plus driest-month precipitation","z-score sum","Integrated land-harmonized Pohl, Li, and PALEOMAP derived layers","Derived from the land-harmonized 5 Myr Pohl, Li, and PaleoDEM layers; z-score indices are standardised across PALEOMAP land cells within each time slice and masked to land. Four-degree product: area-weighted mean of finite source 1 degree cells.","Level2 gridded","1 degree Level 2 land-harmonized V2 product","4 degree","area-weighted mean of finite source 1 degree cells"
"moisture_availability_index_z",360,4050,"4 degree lon/lat; lon centers -178..178; lat centers -88..88","C:/Users/Google/Documents/HMSC-HIST/Phanerozoic_Environment_540_0Ma_5Myr_4deg_landharmonized_v2/08_rds_export/Phanerozoic_Environment_540_0Ma_5Myr_Level2_4deg_landharmonized_v2_compact_float32.rds","Land-standardised P-E plus runoff plus driest-month precipitation","z-score sum","Integrated land-harmonized Pohl, Li, and PALEOMAP derived layers","Derived from the land-harmonized 5 Myr Pohl, Li, and PaleoDEM layers; z-score indices are standardised across PALEOMAP land cells within each time slice and masked to land. Four-degree product: area-weighted mean of finite source 1 degree cells.","Level2 gridded","1 degree Level 2 land-harmonized V2 product","4 degree","area-weighted mean of finite source 1 degree cells"
"moisture_availability_index_z",355,4050,"4 degree lon/lat; lon centers -178..178; lat centers -88..88","C:/Users/Google/Documents/HMSC-HIST/Phanerozoic_Environment_540_0Ma_5Myr_4deg_landharmonized_v2/08_rds_export/Phanerozoic_Environment_540_0Ma_5Myr_Level2_4deg_landharmonized_v2_compact_float32.rds","Land-standardised P-E plus runoff plus driest-month precipitation","z-score sum","Integrated land-harmonized Pohl, Li, and PALEOMAP derived layers","Derived from the land-harmonized 5 Myr Pohl, Li, and PaleoDEM layers; z-score indices are standardised across PALEOMAP land cells within each time slice and masked to land. Four-degree product: area-weighted mean of finite source 1 degree cells.","Level2 gridded","1 degree Level 2 land-harmonized V2 product","4 degree","area-weighted mean of finite source 1 degree cells"
"moisture_availability_index_z",350,4050,"4 degree lon/lat; lon centers -178..178; lat centers -88..88","C:/Users/Google/Documents/HMSC-HIST/Phanerozoic_Environment_540_0Ma_5Myr_4deg_landharmonized_v2/08_rds_export/Phanerozoic_Environment_540_0Ma_5Myr_Level2_4deg_landharmonized_v2_compact_float32.rds","Land-standardised P-E plus runoff plus driest-month precipitation","z-score sum","Integrated land-harmonized Pohl, Li, and PALEOMAP derived layers","Derived from the land-harmonized 5 Myr Pohl, Li, and PaleoDEM layers; z-score indices are standardised across PALEOMAP land cells within each time slice and masked to land. Four-degree product: area-weighted mean of finite source 1 degree cells.","Level2 gridded","1 degree Level 2 land-harmonized V2 product","4 degree","area-weighted mean of finite source 1 degree cells"
"moisture_availability_index_z",345,4050,"4 degree lon/lat; lon centers -178..178; lat centers -88..88","C:/Users/Google/Documents/HMSC-HIST/Phanerozoic_Environment_540_0Ma_5Myr_4deg_landharmonized_v2/08_rds_export/Phanerozoic_Environment_540_0Ma_5Myr_Level2_4deg_landharmonized_v2_compact_float32.rds","Land-standardised P-E plus runoff plus driest-month precipitation","z-score sum","Integrated land-harmonized Pohl, Li, and PALEOMAP derived layers","Derived from the land-harmonized 5 Myr Pohl, Li, and PaleoDEM layers; z-score indices are standardised across PALEOMAP land cells within each time slice and masked to land. Four-degree product: area-weighted mean of finite source 1 degree cells.","Level2 gridded","1 degree Level 2 land-harmonized V2 product","4 degree","area-weighted mean of finite source 1 degree cells"
"moisture_availability_index_z",340,4050,"4 degree lon/lat; lon centers -178..178; lat centers -88..88","C:/Users/Google/Documents/HMSC-HIST/Phanerozoic_Environment_540_0Ma_5Myr_4deg_landharmonized_v2/08_rds_export/Phanerozoic_Environment_540_0Ma_5Myr_Level2_4deg_landharmonized_v2_compact_float32.rds","Land-standardised P-E plus runoff plus driest-month precipitation","z-score sum","Integrated land-harmonized Pohl, Li, and PALEOMAP derived layers","Derived from the land-harmonized 5 Myr Pohl, Li, and PaleoDEM layers; z-score indices are standardised across PALEOMAP land cells within each time slice and masked to land. Four-degree product: area-weighted mean of finite source 1 degree cells.","Level2 gridded","1 degree Level 2 land-harmonized V2 product","4 degree","area-weighted mean of finite source 1 degree cells"
"moisture_availability_index_z",335,4050,"4 degree lon/lat; lon centers -178..178; lat centers -88..88","C:/Users/Google/Documents/HMSC-HIST/Phanerozoic_Environment_540_0Ma_5Myr_4deg_landharmonized_v2/08_rds_export/Phanerozoic_Environment_540_0Ma_5Myr_Level2_4deg_landharmonized_v2_compact_float32.rds","Land-standardised P-E plus runoff plus driest-month precipitation","z-score sum","Integrated land-harmonized Pohl, Li, and PALEOMAP derived layers","Derived from the land-harmonized 5 Myr Pohl, Li, and PaleoDEM layers; z-score indices are standardised across PALEOMAP land cells within each time slice and masked to land. Four-degree product: area-weighted mean of finite source 1 degree cells.","Level2 gridded","1 degree Level 2 land-harmonized V2 product","4 degree","area-weighted mean of finite source 1 degree cells"
"moisture_availability_index_z",330,4050,"4 degree lon/lat; lon centers -178..178; lat centers -88..88","C:/Users/Google/Documents/HMSC-HIST/Phanerozoic_Environment_540_0Ma_5Myr_4deg_landharmonized_v2/08_rds_export/Phanerozoic_Environment_540_0Ma_5Myr_Level2_4deg_landharmonized_v2_compact_float32.rds","Land-standardised P-E plus runoff plus driest-month precipitation","z-score sum","Integrated land-harmonized Pohl, Li, and PALEOMAP derived layers","Derived from the land-harmonized 5 Myr Pohl, Li, and PaleoDEM layers; z-score indices are standardised across PALEOMAP land cells within each time slice and masked to land. Four-degree product: area-weighted mean of finite source 1 degree cells.","Level2 gridded","1 degree Level 2 land-harmonized V2 product","4 degree","area-weighted mean of finite source 1 degree cells"
"moisture_availability_index_z",325,4050,"4 degree lon/lat; lon centers -178..178; lat centers -88..88","C:/Users/Google/Documents/HMSC-HIST/Phanerozoic_Environment_540_0Ma_5Myr_4deg_landharmonized_v2/08_rds_export/Phanerozoic_Environment_540_0Ma_5Myr_Level2_4deg_landharmonized_v2_compact_float32.rds","Land-standardised P-E plus runoff plus driest-month precipitation","z-score sum","Integrated land-harmonized Pohl, Li, and PALEOMAP derived layers","Derived from the land-harmonized 5 Myr Pohl, Li, and PaleoDEM layers; z-score indices are standardised across PALEOMAP land cells within each time slice and masked to land. Four-degree product: area-weighted mean of finite source 1 degree cells.","Level2 gridded","1 degree Level 2 land-harmonized V2 product","4 degree","area-weighted mean of finite source 1 degree cells"
"moisture_availability_index_z",320,4050,"4 degree lon/lat; lon centers -178..178; lat centers -88..88","C:/Users/Google/Documents/HMSC-HIST/Phanerozoic_Environment_540_0Ma_5Myr_4deg_landharmonized_v2/08_rds_export/Phanerozoic_Environment_540_0Ma_5Myr_Level2_4deg_landharmonized_v2_compact_float32.rds","Land-standardised P-E plus runoff plus driest-month precipitation","z-score sum","Integrated land-harmonized Pohl, Li, and PALEOMAP derived layers","Derived from the land-harmonized 5 Myr Pohl, Li, and PaleoDEM layers; z-score indices are standardised across PALEOMAP land cells within each time slice and masked to land. Four-degree product: area-weighted mean of finite source 1 degree cells.","Level2 gridded","1 degree Level 2 land-harmonized V2 product","4 degree","area-weighted mean of finite source 1 degree cells"
"moisture_availability_index_z",315,4050,"4 degree lon/lat; lon centers -178..178; lat centers -88..88","C:/Users/Google/Documents/HMSC-HIST/Phanerozoic_Environment_540_0Ma_5Myr_4deg_landharmonized_v2/08_rds_export/Phanerozoic_Environment_540_0Ma_5Myr_Level2_4deg_landharmonized_v2_compact_float32.rds","Land-standardised P-E plus runoff plus driest-month precipitation","z-score sum","Integrated land-harmonized Pohl, Li, and PALEOMAP derived layers","Derived from the land-harmonized 5 Myr Pohl, Li, and PaleoDEM layers; z-score indices are standardised across PALEOMAP land cells within each time slice and masked to land. Four-degree product: area-weighted mean of finite source 1 degree cells.","Level2 gridded","1 degree Level 2 land-harmonized V2 product","4 degree","area-weighted mean of finite source 1 degree cells"
"moisture_availability_index_z",310,4050,"4 degree lon/lat; lon centers -178..178; lat centers -88..88","C:/Users/Google/Documents/HMSC-HIST/Phanerozoic_Environment_540_0Ma_5Myr_4deg_landharmonized_v2/08_rds_export/Phanerozoic_Environment_540_0Ma_5Myr_Level2_4deg_landharmonized_v2_compact_float32.rds","Land-standardised P-E plus runoff plus driest-month precipitation","z-score sum","Integrated land-harmonized Pohl, Li, and PALEOMAP derived layers","Derived from the land-harmonized 5 Myr Pohl, Li, and PaleoDEM layers; z-score indices are standardised across PALEOMAP land cells within each time slice and masked to land. Four-degree product: area-weighted mean of finite source 1 degree cells.","Level2 gridded","1 degree Level 2 land-harmonized V2 product","4 degree","area-weighted mean of finite source 1 degree cells"
"moisture_availability_index_z",305,4050,"4 degree lon/lat; lon centers -178..178; lat centers -88..88","C:/Users/Google/Documents/HMSC-HIST/Phanerozoic_Environment_540_0Ma_5Myr_4deg_landharmonized_v2/08_rds_export/Phanerozoic_Environment_540_0Ma_5Myr_Level2_4deg_landharmonized_v2_compact_float32.rds","Land-standardised P-E plus runoff plus driest-month precipitation","z-score sum","Integrated land-harmonized Pohl, Li, and PALEOMAP derived layers","Derived from the land-harmonized 5 Myr Pohl, Li, and PaleoDEM layers; z-score indices are standardised across PALEOMAP land cells within each time slice and masked to land. Four-degree product: area-weighted mean of finite source 1 degree cells.","Level2 gridded","1 degree Level 2 land-harmonized V2 product","4 degree","area-weighted mean of finite source 1 degree cells"
"moisture_availability_index_z",300,4050,"4 degree lon/lat; lon centers -178..178; lat centers -88..88","C:/Users/Google/Documents/HMSC-HIST/Phanerozoic_Environment_540_0Ma_5Myr_4deg_landharmonized_v2/08_rds_export/Phanerozoic_Environment_540_0Ma_5Myr_Level2_4deg_landharmonized_v2_compact_float32.rds","Land-standardised P-E plus runoff plus driest-month precipitation","z-score sum","Integrated land-harmonized Pohl, Li, and PALEOMAP derived layers","Derived from the land-harmonized 5 Myr Pohl, Li, and PaleoDEM layers; z-score indices are standardised across PALEOMAP land cells within each time slice and masked to land. Four-degree product: area-weighted mean of finite source 1 degree cells.","Level2 gridded","1 degree Level 2 land-harmonized V2 product","4 degree","area-weighted mean of finite source 1 degree cells"
"moisture_availability_index_z",295,4050,"4 degree lon/lat; lon centers -178..178; lat centers -88..88","C:/Users/Google/Documents/HMSC-HIST/Phanerozoic_Environment_540_0Ma_5Myr_4deg_landharmonized_v2/08_rds_export/Phanerozoic_Environment_540_0Ma_5Myr_Level2_4deg_landharmonized_v2_compact_float32.rds","Land-standardised P-E plus runoff plus driest-month precipitation","z-score sum","Integrated land-harmonized Pohl, Li, and PALEOMAP derived layers","Derived from the land-harmonized 5 Myr Pohl, Li, and PaleoDEM layers; z-score indices are standardised across PALEOMAP land cells within each time slice and masked to land. Four-degree product: area-weighted mean of finite source 1 degree cells.","Level2 gridded","1 degree Level 2 land-harmonized V2 product","4 degree","area-weighted mean of finite source 1 degree cells"
"moisture_availability_index_z",290,4050,"4 degree lon/lat; lon centers -178..178; lat centers -88..88","C:/Users/Google/Documents/HMSC-HIST/Phanerozoic_Environment_540_0Ma_5Myr_4deg_landharmonized_v2/08_rds_export/Phanerozoic_Environment_540_0Ma_5Myr_Level2_4deg_landharmonized_v2_compact_float32.rds","Land-standardised P-E plus runoff plus driest-month precipitation","z-score sum","Integrated land-harmonized Pohl, Li, and PALEOMAP derived layers","Derived from the land-harmonized 5 Myr Pohl, Li, and PaleoDEM layers; z-score indices are standardised across PALEOMAP land cells within each time slice and masked to land. Four-degree product: area-weighted mean of finite source 1 degree cells.","Level2 gridded","1 degree Level 2 land-harmonized V2 product","4 degree","area-weighted mean of finite source 1 degree cells"
"moisture_availability_index_z",285,4050,"4 degree lon/lat; lon centers -178..178; lat centers -88..88","C:/Users/Google/Documents/HMSC-HIST/Phanerozoic_Environment_540_0Ma_5Myr_4deg_landharmonized_v2/08_rds_export/Phanerozoic_Environment_540_0Ma_5Myr_Level2_4deg_landharmonized_v2_compact_float32.rds","Land-standardised P-E plus runoff plus driest-month precipitation","z-score sum","Integrated land-harmonized Pohl, Li, and PALEOMAP derived layers","Derived from the land-harmonized 5 Myr Pohl, Li, and PaleoDEM layers; z-score indices are standardised across PALEOMAP land cells within each time slice and masked to land. Four-degree product: area-weighted mean of finite source 1 degree cells.","Level2 gridded","1 degree Level 2 land-harmonized V2 product","4 degree","area-weighted mean of finite source 1 degree cells"
"moisture_availability_index_z",280,4050,"4 degree lon/lat; lon centers -178..178; lat centers -88..88","C:/Users/Google/Documents/HMSC-HIST/Phanerozoic_Environment_540_0Ma_5Myr_4deg_landharmonized_v2/08_rds_export/Phanerozoic_Environment_540_0Ma_5Myr_Level2_4deg_landharmonized_v2_compact_float32.rds","Land-standardised P-E plus runoff plus driest-month precipitation","z-score sum","Integrated land-harmonized Pohl, Li, and PALEOMAP derived layers","Derived from the land-harmonized 5 Myr Pohl, Li, and PaleoDEM layers; z-score indices are standardised across PALEOMAP land cells within each time slice and masked to land. Four-degree product: area-weighted mean of finite source 1 degree cells.","Level2 gridded","1 degree Level 2 land-harmonized V2 product","4 degree","area-weighted mean of finite source 1 degree cells"
"moisture_availability_index_z",275,4050,"4 degree lon/lat; lon centers -178..178; lat centers -88..88","C:/Users/Google/Documents/HMSC-HIST/Phanerozoic_Environment_540_0Ma_5Myr_4deg_landharmonized_v2/08_rds_export/Phanerozoic_Environment_540_0Ma_5Myr_Level2_4deg_landharmonized_v2_compact_float32.rds","Land-standardised P-E plus runoff plus driest-month precipitation","z-score sum","Integrated land-harmonized Pohl, Li, and PALEOMAP derived layers","Derived from the land-harmonized 5 Myr Pohl, Li, and PaleoDEM layers; z-score indices are standardised across PALEOMAP land cells within each time slice and masked to land. Four-degree product: area-weighted mean of finite source 1 degree cells.","Level2 gridded","1 degree Level 2 land-harmonized V2 product","4 degree","area-weighted mean of finite source 1 degree cells"
"moisture_availability_index_z",270,4050,"4 degree lon/lat; lon centers -178..178; lat centers -88..88","C:/Users/Google/Documents/HMSC-HIST/Phanerozoic_Environment_540_0Ma_5Myr_4deg_landharmonized_v2/08_rds_export/Phanerozoic_Environment_540_0Ma_5Myr_Level2_4deg_landharmonized_v2_compact_float32.rds","Land-standardised P-E plus runoff plus driest-month precipitation","z-score sum","Integrated land-harmonized Pohl, Li, and PALEOMAP derived layers","Derived from the land-harmonized 5 Myr Pohl, Li, and PaleoDEM layers; z-score indices are standardised across PALEOMAP land cells within each time slice and masked to land. Four-degree product: area-weighted mean of finite source 1 degree cells.","Level2 gridded","1 degree Level 2 land-harmonized V2 product","4 degree","area-weighted mean of finite source 1 degree cells"
"moisture_availability_index_z",265,4050,"4 degree lon/lat; lon centers -178..178; lat centers -88..88","C:/Users/Google/Documents/HMSC-HIST/Phanerozoic_Environment_540_0Ma_5Myr_4deg_landharmonized_v2/08_rds_export/Phanerozoic_Environment_540_0Ma_5Myr_Level2_4deg_landharmonized_v2_compact_float32.rds","Land-standardised P-E plus runoff plus driest-month precipitation","z-score sum","Integrated land-harmonized Pohl, Li, and PALEOMAP derived layers","Derived from the land-harmonized 5 Myr Pohl, Li, and PaleoDEM layers; z-score indices are standardised across PALEOMAP land cells within each time slice and masked to land. Four-degree product: area-weighted mean of finite source 1 degree cells.","Level2 gridded","1 degree Level 2 land-harmonized V2 product","4 degree","area-weighted mean of finite source 1 degree cells"
"moisture_availability_index_z",260,4050,"4 degree lon/lat; lon centers -178..178; lat centers -88..88","C:/Users/Google/Documents/HMSC-HIST/Phanerozoic_Environment_540_0Ma_5Myr_4deg_landharmonized_v2/08_rds_export/Phanerozoic_Environment_540_0Ma_5Myr_Level2_4deg_landharmonized_v2_compact_float32.rds","Land-standardised P-E plus runoff plus driest-month precipitation","z-score sum","Integrated land-harmonized Pohl, Li, and PALEOMAP derived layers","Derived from the land-harmonized 5 Myr Pohl, Li, and PaleoDEM layers; z-score indices are standardised across PALEOMAP land cells within each time slice and masked to land. Four-degree product: area-weighted mean of finite source 1 degree cells.","Level2 gridded","1 degree Level 2 land-harmonized V2 product","4 degree","area-weighted mean of finite source 1 degree cells"
"moisture_availability_index_z",255,4050,"4 degree lon/lat; lon centers -178..178; lat centers -88..88","C:/Users/Google/Documents/HMSC-HIST/Phanerozoic_Environment_540_0Ma_5Myr_4deg_landharmonized_v2/08_rds_export/Phanerozoic_Environment_540_0Ma_5Myr_Level2_4deg_landharmonized_v2_compact_float32.rds","Land-standardised P-E plus runoff plus driest-month precipitation","z-score sum","Integrated land-harmonized Pohl, Li, and PALEOMAP derived layers","Derived from the land-harmonized 5 Myr Pohl, Li, and PaleoDEM layers; z-score indices are standardised across PALEOMAP land cells within each time slice and masked to land. Four-degree product: area-weighted mean of finite source 1 degree cells.","Level2 gridded","1 degree Level 2 land-harmonized V2 product","4 degree","area-weighted mean of finite source 1 degree cells"
"moisture_availability_index_z",250,4050,"4 degree lon/lat; lon centers -178..178; lat centers -88..88","C:/Users/Google/Documents/HMSC-HIST/Phanerozoic_Environment_540_0Ma_5Myr_4deg_landharmonized_v2/08_rds_export/Phanerozoic_Environment_540_0Ma_5Myr_Level2_4deg_landharmonized_v2_compact_float32.rds","Land-standardised P-E plus runoff plus driest-month precipitation","z-score sum","Integrated land-harmonized Pohl, Li, and PALEOMAP derived layers","Derived from the land-harmonized 5 Myr Pohl, Li, and PaleoDEM layers; z-score indices are standardised across PALEOMAP land cells within each time slice and masked to land. Four-degree product: area-weighted mean of finite source 1 degree cells.","Level2 gridded","1 degree Level 2 land-harmonized V2 product","4 degree","area-weighted mean of finite source 1 degree cells"
"moisture_availability_index_z",245,4050,"4 degree lon/lat; lon centers -178..178; lat centers -88..88","C:/Users/Google/Documents/HMSC-HIST/Phanerozoic_Environment_540_0Ma_5Myr_4deg_landharmonized_v2/08_rds_export/Phanerozoic_Environment_540_0Ma_5Myr_Level2_4deg_landharmonized_v2_compact_float32.rds","Land-standardised P-E plus runoff plus driest-month precipitation","z-score sum","Integrated land-harmonized Pohl, Li, and PALEOMAP derived layers","Derived from the land-harmonized 5 Myr Pohl, Li, and PaleoDEM layers; z-score indices are standardised across PALEOMAP land cells within each time slice and masked to land. Four-degree product: area-weighted mean of finite source 1 degree cells.","Level2 gridded","1 degree Level 2 land-harmonized V2 product","4 degree","area-weighted mean of finite source 1 degree cells"
"moisture_availability_index_z",240,4050,"4 degree lon/lat; lon centers -178..178; lat centers -88..88","C:/Users/Google/Documents/HMSC-HIST/Phanerozoic_Environment_540_0Ma_5Myr_4deg_landharmonized_v2/08_rds_export/Phanerozoic_Environment_540_0Ma_5Myr_Level2_4deg_landharmonized_v2_compact_float32.rds","Land-standardised P-E plus runoff plus driest-month precipitation","z-score sum","Integrated land-harmonized Pohl, Li, and PALEOMAP derived layers","Derived from the land-harmonized 5 Myr Pohl, Li, and PaleoDEM layers; z-score indices are standardised across PALEOMAP land cells within each time slice and masked to land. Four-degree product: area-weighted mean of finite source 1 degree cells.","Level2 gridded","1 degree Level 2 land-harmonized V2 product","4 degree","area-weighted mean of finite source 1 degree cells"
"moisture_availability_index_z",235,4050,"4 degree lon/lat; lon centers -178..178; lat centers -88..88","C:/Users/Google/Documents/HMSC-HIST/Phanerozoic_Environment_540_0Ma_5Myr_4deg_landharmonized_v2/08_rds_export/Phanerozoic_Environment_540_0Ma_5Myr_Level2_4deg_landharmonized_v2_compact_float32.rds","Land-standardised P-E plus runoff plus driest-month precipitation","z-score sum","Integrated land-harmonized Pohl, Li, and PALEOMAP derived layers","Derived from the land-harmonized 5 Myr Pohl, Li, and PaleoDEM layers; z-score indices are standardised across PALEOMAP land cells within each time slice and masked to land. Four-degree product: area-weighted mean of finite source 1 degree cells.","Level2 gridded","1 degree Level 2 land-harmonized V2 product","4 degree","area-weighted mean of finite source 1 degree cells"
"moisture_availability_index_z",230,4050,"4 degree lon/lat; lon centers -178..178; lat centers -88..88","C:/Users/Google/Documents/HMSC-HIST/Phanerozoic_Environment_540_0Ma_5Myr_4deg_landharmonized_v2/08_rds_export/Phanerozoic_Environment_540_0Ma_5Myr_Level2_4deg_landharmonized_v2_compact_float32.rds","Land-standardised P-E plus runoff plus driest-month precipitation","z-score sum","Integrated land-harmonized Pohl, Li, and PALEOMAP derived layers","Derived from the land-harmonized 5 Myr Pohl, Li, and PaleoDEM layers; z-score indices are standardised across PALEOMAP land cells within each time slice and masked to land. Four-degree product: area-weighted mean of finite source 1 degree cells.","Level2 gridded","1 degree Level 2 land-harmonized V2 product","4 degree","area-weighted mean of finite source 1 degree cells"
"moisture_availability_index_z",225,4050,"4 degree lon/lat; lon centers -178..178; lat centers -88..88","C:/Users/Google/Documents/HMSC-HIST/Phanerozoic_Environment_540_0Ma_5Myr_4deg_landharmonized_v2/08_rds_export/Phanerozoic_Environment_540_0Ma_5Myr_Level2_4deg_landharmonized_v2_compact_float32.rds","Land-standardised P-E plus runoff plus driest-month precipitation","z-score sum","Integrated land-harmonized Pohl, Li, and PALEOMAP derived layers","Derived from the land-harmonized 5 Myr Pohl, Li, and PaleoDEM layers; z-score indices are standardised across PALEOMAP land cells within each time slice and masked to land. Four-degree product: area-weighted mean of finite source 1 degree cells.","Level2 gridded","1 degree Level 2 land-harmonized V2 product","4 degree","area-weighted mean of finite source 1 degree cells"
"moisture_availability_index_z",220,4050,"4 degree lon/lat; lon centers -178..178; lat centers -88..88","C:/Users/Google/Documents/HMSC-HIST/Phanerozoic_Environment_540_0Ma_5Myr_4deg_landharmonized_v2/08_rds_export/Phanerozoic_Environment_540_0Ma_5Myr_Level2_4deg_landharmonized_v2_compact_float32.rds","Land-standardised P-E plus runoff plus driest-month precipitation","z-score sum","Integrated land-harmonized Pohl, Li, and PALEOMAP derived layers","Derived from the land-harmonized 5 Myr Pohl, Li, and PaleoDEM layers; z-score indices are standardised across PALEOMAP land cells within each time slice and masked to land. Four-degree product: area-weighted mean of finite source 1 degree cells.","Level2 gridded","1 degree Level 2 land-harmonized V2 product","4 degree","area-weighted mean of finite source 1 degree cells"
"moisture_availability_index_z",215,4050,"4 degree lon/lat; lon centers -178..178; lat centers -88..88","C:/Users/Google/Documents/HMSC-HIST/Phanerozoic_Environment_540_0Ma_5Myr_4deg_landharmonized_v2/08_rds_export/Phanerozoic_Environment_540_0Ma_5Myr_Level2_4deg_landharmonized_v2_compact_float32.rds","Land-standardised P-E plus runoff plus driest-month precipitation","z-score sum","Integrated land-harmonized Pohl, Li, and PALEOMAP derived layers","Derived from the land-harmonized 5 Myr Pohl, Li, and PaleoDEM layers; z-score indices are standardised across PALEOMAP land cells within each time slice and masked to land. Four-degree product: area-weighted mean of finite source 1 degree cells.","Level2 gridded","1 degree Level 2 land-harmonized V2 product","4 degree","area-weighted mean of finite source 1 degree cells"
"moisture_availability_index_z",210,4050,"4 degree lon/lat; lon centers -178..178; lat centers -88..88","C:/Users/Google/Documents/HMSC-HIST/Phanerozoic_Environment_540_0Ma_5Myr_4deg_landharmonized_v2/08_rds_export/Phanerozoic_Environment_540_0Ma_5Myr_Level2_4deg_landharmonized_v2_compact_float32.rds","Land-standardised P-E plus runoff plus driest-month precipitation","z-score sum","Integrated land-harmonized Pohl, Li, and PALEOMAP derived layers","Derived from the land-harmonized 5 Myr Pohl, Li, and PaleoDEM layers; z-score indices are standardised across PALEOMAP land cells within each time slice and masked to land. Four-degree product: area-weighted mean of finite source 1 degree cells.","Level2 gridded","1 degree Level 2 land-harmonized V2 product","4 degree","area-weighted mean of finite source 1 degree cells"
"moisture_availability_index_z",205,4050,"4 degree lon/lat; lon centers -178..178; lat centers -88..88","C:/Users/Google/Documents/HMSC-HIST/Phanerozoic_Environment_540_0Ma_5Myr_4deg_landharmonized_v2/08_rds_export/Phanerozoic_Environment_540_0Ma_5Myr_Level2_4deg_landharmonized_v2_compact_float32.rds","Land-standardised P-E plus runoff plus driest-month precipitation","z-score sum","Integrated land-harmonized Pohl, Li, and PALEOMAP derived layers","Derived from the land-harmonized 5 Myr Pohl, Li, and PaleoDEM layers; z-score indices are standardised across PALEOMAP land cells within each time slice and masked to land. Four-degree product: area-weighted mean of finite source 1 degree cells.","Level2 gridded","1 degree Level 2 land-harmonized V2 product","4 degree","area-weighted mean of finite source 1 degree cells"
"moisture_availability_index_z",200,4050,"4 degree lon/lat; lon centers -178..178; lat centers -88..88","C:/Users/Google/Documents/HMSC-HIST/Phanerozoic_Environment_540_0Ma_5Myr_4deg_landharmonized_v2/08_rds_export/Phanerozoic_Environment_540_0Ma_5Myr_Level2_4deg_landharmonized_v2_compact_float32.rds","Land-standardised P-E plus runoff plus driest-month precipitation","z-score sum","Integrated land-harmonized Pohl, Li, and PALEOMAP derived layers","Derived from the land-harmonized 5 Myr Pohl, Li, and PaleoDEM layers; z-score indices are standardised across PALEOMAP land cells within each time slice and masked to land. Four-degree product: area-weighted mean of finite source 1 degree cells.","Level2 gridded","1 degree Level 2 land-harmonized V2 product","4 degree","area-weighted mean of finite source 1 degree cells"
"moisture_availability_index_z",195,4050,"4 degree lon/lat; lon centers -178..178; lat centers -88..88","C:/Users/Google/Documents/HMSC-HIST/Phanerozoic_Environment_540_0Ma_5Myr_4deg_landharmonized_v2/08_rds_export/Phanerozoic_Environment_540_0Ma_5Myr_Level2_4deg_landharmonized_v2_compact_float32.rds","Land-standardised P-E plus runoff plus driest-month precipitation","z-score sum","Integrated land-harmonized Pohl, Li, and PALEOMAP derived layers","Derived from the land-harmonized 5 Myr Pohl, Li, and PaleoDEM layers; z-score indices are standardised across PALEOMAP land cells within each time slice and masked to land. Four-degree product: area-weighted mean of finite source 1 degree cells.","Level2 gridded","1 degree Level 2 land-harmonized V2 product","4 degree","area-weighted mean of finite source 1 degree cells"
"moisture_availability_index_z",190,4050,"4 degree lon/lat; lon centers -178..178; lat centers -88..88","C:/Users/Google/Documents/HMSC-HIST/Phanerozoic_Environment_540_0Ma_5Myr_4deg_landharmonized_v2/08_rds_export/Phanerozoic_Environment_540_0Ma_5Myr_Level2_4deg_landharmonized_v2_compact_float32.rds","Land-standardised P-E plus runoff plus driest-month precipitation","z-score sum","Integrated land-harmonized Pohl, Li, and PALEOMAP derived layers","Derived from the land-harmonized 5 Myr Pohl, Li, and PaleoDEM layers; z-score indices are standardised across PALEOMAP land cells within each time slice and masked to land. Four-degree product: area-weighted mean of finite source 1 degree cells.","Level2 gridded","1 degree Level 2 land-harmonized V2 product","4 degree","area-weighted mean of finite source 1 degree cells"
"moisture_availability_index_z",185,4050,"4 degree lon/lat; lon centers -178..178; lat centers -88..88","C:/Users/Google/Documents/HMSC-HIST/Phanerozoic_Environment_540_0Ma_5Myr_4deg_landharmonized_v2/08_rds_export/Phanerozoic_Environment_540_0Ma_5Myr_Level2_4deg_landharmonized_v2_compact_float32.rds","Land-standardised P-E plus runoff plus driest-month precipitation","z-score sum","Integrated land-harmonized Pohl, Li, and PALEOMAP derived layers","Derived from the land-harmonized 5 Myr Pohl, Li, and PaleoDEM layers; z-score indices are standardised across PALEOMAP land cells within each time slice and masked to land. Four-degree product: area-weighted mean of finite source 1 degree cells.","Level2 gridded","1 degree Level 2 land-harmonized V2 product","4 degree","area-weighted mean of finite source 1 degree cells"
"moisture_availability_index_z",180,4050,"4 degree lon/lat; lon centers -178..178; lat centers -88..88","C:/Users/Google/Documents/HMSC-HIST/Phanerozoic_Environment_540_0Ma_5Myr_4deg_landharmonized_v2/08_rds_export/Phanerozoic_Environment_540_0Ma_5Myr_Level2_4deg_landharmonized_v2_compact_float32.rds","Land-standardised P-E plus runoff plus driest-month precipitation","z-score sum","Integrated land-harmonized Pohl, Li, and PALEOMAP derived layers","Derived from the land-harmonized 5 Myr Pohl, Li, and PaleoDEM layers; z-score indices are standardised across PALEOMAP land cells within each time slice and masked to land. Four-degree product: area-weighted mean of finite source 1 degree cells.","Level2 gridded","1 degree Level 2 land-harmonized V2 product","4 degree","area-weighted mean of finite source 1 degree cells"
"moisture_availability_index_z",175,4050,"4 degree lon/lat; lon centers -178..178; lat centers -88..88","C:/Users/Google/Documents/HMSC-HIST/Phanerozoic_Environment_540_0Ma_5Myr_4deg_landharmonized_v2/08_rds_export/Phanerozoic_Environment_540_0Ma_5Myr_Level2_4deg_landharmonized_v2_compact_float32.rds","Land-standardised P-E plus runoff plus driest-month precipitation","z-score sum","Integrated land-harmonized Pohl, Li, and PALEOMAP derived layers","Derived from the land-harmonized 5 Myr Pohl, Li, and PaleoDEM layers; z-score indices are standardised across PALEOMAP land cells within each time slice and masked to land. Four-degree product: area-weighted mean of finite source 1 degree cells.","Level2 gridded","1 degree Level 2 land-harmonized V2 product","4 degree","area-weighted mean of finite source 1 degree cells"
"moisture_availability_index_z",170,4050,"4 degree lon/lat; lon centers -178..178; lat centers -88..88","C:/Users/Google/Documents/HMSC-HIST/Phanerozoic_Environment_540_0Ma_5Myr_4deg_landharmonized_v2/08_rds_export/Phanerozoic_Environment_540_0Ma_5Myr_Level2_4deg_landharmonized_v2_compact_float32.rds","Land-standardised P-E plus runoff plus driest-month precipitation","z-score sum","Integrated land-harmonized Pohl, Li, and PALEOMAP derived layers","Derived from the land-harmonized 5 Myr Pohl, Li, and PaleoDEM layers; z-score indices are standardised across PALEOMAP land cells within each time slice and masked to land. Four-degree product: area-weighted mean of finite source 1 degree cells.","Level2 gridded","1 degree Level 2 land-harmonized V2 product","4 degree","area-weighted mean of finite source 1 degree cells"
"moisture_availability_index_z",165,4050,"4 degree lon/lat; lon centers -178..178; lat centers -88..88","C:/Users/Google/Documents/HMSC-HIST/Phanerozoic_Environment_540_0Ma_5Myr_4deg_landharmonized_v2/08_rds_export/Phanerozoic_Environment_540_0Ma_5Myr_Level2_4deg_landharmonized_v2_compact_float32.rds","Land-standardised P-E plus runoff plus driest-month precipitation","z-score sum","Integrated land-harmonized Pohl, Li, and PALEOMAP derived layers","Derived from the land-harmonized 5 Myr Pohl, Li, and PaleoDEM layers; z-score indices are standardised across PALEOMAP land cells within each time slice and masked to land. Four-degree product: area-weighted mean of finite source 1 degree cells.","Level2 gridded","1 degree Level 2 land-harmonized V2 product","4 degree","area-weighted mean of finite source 1 degree cells"
"moisture_availability_index_z",160,4050,"4 degree lon/lat; lon centers -178..178; lat centers -88..88","C:/Users/Google/Documents/HMSC-HIST/Phanerozoic_Environment_540_0Ma_5Myr_4deg_landharmonized_v2/08_rds_export/Phanerozoic_Environment_540_0Ma_5Myr_Level2_4deg_landharmonized_v2_compact_float32.rds","Land-standardised P-E plus runoff plus driest-month precipitation","z-score sum","Integrated land-harmonized Pohl, Li, and PALEOMAP derived layers","Derived from the land-harmonized 5 Myr Pohl, Li, and PaleoDEM layers; z-score indices are standardised across PALEOMAP land cells within each time slice and masked to land. Four-degree product: area-weighted mean of finite source 1 degree cells.","Level2 gridded","1 degree Level 2 land-harmonized V2 product","4 degree","area-weighted mean of finite source 1 degree cells"
"moisture_availability_index_z",155,4050,"4 degree lon/lat; lon centers -178..178; lat centers -88..88","C:/Users/Google/Documents/HMSC-HIST/Phanerozoic_Environment_540_0Ma_5Myr_4deg_landharmonized_v2/08_rds_export/Phanerozoic_Environment_540_0Ma_5Myr_Level2_4deg_landharmonized_v2_compact_float32.rds","Land-standardised P-E plus runoff plus driest-month precipitation","z-score sum","Integrated land-harmonized Pohl, Li, and PALEOMAP derived layers","Derived from the land-harmonized 5 Myr Pohl, Li, and PaleoDEM layers; z-score indices are standardised across PALEOMAP land cells within each time slice and masked to land. Four-degree product: area-weighted mean of finite source 1 degree cells.","Level2 gridded","1 degree Level 2 land-harmonized V2 product","4 degree","area-weighted mean of finite source 1 degree cells"
"moisture_availability_index_z",150,4050,"4 degree lon/lat; lon centers -178..178; lat centers -88..88","C:/Users/Google/Documents/HMSC-HIST/Phanerozoic_Environment_540_0Ma_5Myr_4deg_landharmonized_v2/08_rds_export/Phanerozoic_Environment_540_0Ma_5Myr_Level2_4deg_landharmonized_v2_compact_float32.rds","Land-standardised P-E plus runoff plus driest-month precipitation","z-score sum","Integrated land-harmonized Pohl, Li, and PALEOMAP derived layers","Derived from the land-harmonized 5 Myr Pohl, Li, and PaleoDEM layers; z-score indices are standardised across PALEOMAP land cells within each time slice and masked to land. Four-degree product: area-weighted mean of finite source 1 degree cells.","Level2 gridded","1 degree Level 2 land-harmonized V2 product","4 degree","area-weighted mean of finite source 1 degree cells"
"moisture_availability_index_z",145,4050,"4 degree lon/lat; lon centers -178..178; lat centers -88..88","C:/Users/Google/Documents/HMSC-HIST/Phanerozoic_Environment_540_0Ma_5Myr_4deg_landharmonized_v2/08_rds_export/Phanerozoic_Environment_540_0Ma_5Myr_Level2_4deg_landharmonized_v2_compact_float32.rds","Land-standardised P-E plus runoff plus driest-month precipitation","z-score sum","Integrated land-harmonized Pohl, Li, and PALEOMAP derived layers","Derived from the land-harmonized 5 Myr Pohl, Li, and PaleoDEM layers; z-score indices are standardised across PALEOMAP land cells within each time slice and masked to land. Four-degree product: area-weighted mean of finite source 1 degree cells.","Level2 gridded","1 degree Level 2 land-harmonized V2 product","4 degree","area-weighted mean of finite source 1 degree cells"
"moisture_availability_index_z",140,4050,"4 degree lon/lat; lon centers -178..178; lat centers -88..88","C:/Users/Google/Documents/HMSC-HIST/Phanerozoic_Environment_540_0Ma_5Myr_4deg_landharmonized_v2/08_rds_export/Phanerozoic_Environment_540_0Ma_5Myr_Level2_4deg_landharmonized_v2_compact_float32.rds","Land-standardised P-E plus runoff plus driest-month precipitation","z-score sum","Integrated land-harmonized Pohl, Li, and PALEOMAP derived layers","Derived from the land-harmonized 5 Myr Pohl, Li, and PaleoDEM layers; z-score indices are standardised across PALEOMAP land cells within each time slice and masked to land. Four-degree product: area-weighted mean of finite source 1 degree cells.","Level2 gridded","1 degree Level 2 land-harmonized V2 product","4 degree","area-weighted mean of finite source 1 degree cells"
"moisture_availability_index_z",135,4050,"4 degree lon/lat; lon centers -178..178; lat centers -88..88","C:/Users/Google/Documents/HMSC-HIST/Phanerozoic_Environment_540_0Ma_5Myr_4deg_landharmonized_v2/08_rds_export/Phanerozoic_Environment_540_0Ma_5Myr_Level2_4deg_landharmonized_v2_compact_float32.rds","Land-standardised P-E plus runoff plus driest-month precipitation","z-score sum","Integrated land-harmonized Pohl, Li, and PALEOMAP derived layers","Derived from the land-harmonized 5 Myr Pohl, Li, and PaleoDEM layers; z-score indices are standardised across PALEOMAP land cells within each time slice and masked to land. Four-degree product: area-weighted mean of finite source 1 degree cells.","Level2 gridded","1 degree Level 2 land-harmonized V2 product","4 degree","area-weighted mean of finite source 1 degree cells"
"moisture_availability_index_z",130,4050,"4 degree lon/lat; lon centers -178..178; lat centers -88..88","C:/Users/Google/Documents/HMSC-HIST/Phanerozoic_Environment_540_0Ma_5Myr_4deg_landharmonized_v2/08_rds_export/Phanerozoic_Environment_540_0Ma_5Myr_Level2_4deg_landharmonized_v2_compact_float32.rds","Land-standardised P-E plus runoff plus driest-month precipitation","z-score sum","Integrated land-harmonized Pohl, Li, and PALEOMAP derived layers","Derived from the land-harmonized 5 Myr Pohl, Li, and PaleoDEM layers; z-score indices are standardised across PALEOMAP land cells within each time slice and masked to land. Four-degree product: area-weighted mean of finite source 1 degree cells.","Level2 gridded","1 degree Level 2 land-harmonized V2 product","4 degree","area-weighted mean of finite source 1 degree cells"
"moisture_availability_index_z",125,4050,"4 degree lon/lat; lon centers -178..178; lat centers -88..88","C:/Users/Google/Documents/HMSC-HIST/Phanerozoic_Environment_540_0Ma_5Myr_4deg_landharmonized_v2/08_rds_export/Phanerozoic_Environment_540_0Ma_5Myr_Level2_4deg_landharmonized_v2_compact_float32.rds","Land-standardised P-E plus runoff plus driest-month precipitation","z-score sum","Integrated land-harmonized Pohl, Li, and PALEOMAP derived layers","Derived from the land-harmonized 5 Myr Pohl, Li, and PaleoDEM layers; z-score indices are standardised across PALEOMAP land cells within each time slice and masked to land. Four-degree product: area-weighted mean of finite source 1 degree cells.","Level2 gridded","1 degree Level 2 land-harmonized V2 product","4 degree","area-weighted mean of finite source 1 degree cells"
"moisture_availability_index_z",120,4050,"4 degree lon/lat; lon centers -178..178; lat centers -88..88","C:/Users/Google/Documents/HMSC-HIST/Phanerozoic_Environment_540_0Ma_5Myr_4deg_landharmonized_v2/08_rds_export/Phanerozoic_Environment_540_0Ma_5Myr_Level2_4deg_landharmonized_v2_compact_float32.rds","Land-standardised P-E plus runoff plus driest-month precipitation","z-score sum","Integrated land-harmonized Pohl, Li, and PALEOMAP derived layers","Derived from the land-harmonized 5 Myr Pohl, Li, and PaleoDEM layers; z-score indices are standardised across PALEOMAP land cells within each time slice and masked to land. Four-degree product: area-weighted mean of finite source 1 degree cells.","Level2 gridded","1 degree Level 2 land-harmonized V2 product","4 degree","area-weighted mean of finite source 1 degree cells"
"moisture_availability_index_z",115,4050,"4 degree lon/lat; lon centers -178..178; lat centers -88..88","C:/Users/Google/Documents/HMSC-HIST/Phanerozoic_Environment_540_0Ma_5Myr_4deg_landharmonized_v2/08_rds_export/Phanerozoic_Environment_540_0Ma_5Myr_Level2_4deg_landharmonized_v2_compact_float32.rds","Land-standardised P-E plus runoff plus driest-month precipitation","z-score sum","Integrated land-harmonized Pohl, Li, and PALEOMAP derived layers","Derived from the land-harmonized 5 Myr Pohl, Li, and PaleoDEM layers; z-score indices are standardised across PALEOMAP land cells within each time slice and masked to land. Four-degree product: area-weighted mean of finite source 1 degree cells.","Level2 gridded","1 degree Level 2 land-harmonized V2 product","4 degree","area-weighted mean of finite source 1 degree cells"
"moisture_availability_index_z",110,4050,"4 degree lon/lat; lon centers -178..178; lat centers -88..88","C:/Users/Google/Documents/HMSC-HIST/Phanerozoic_Environment_540_0Ma_5Myr_4deg_landharmonized_v2/08_rds_export/Phanerozoic_Environment_540_0Ma_5Myr_Level2_4deg_landharmonized_v2_compact_float32.rds","Land-standardised P-E plus runoff plus driest-month precipitation","z-score sum","Integrated land-harmonized Pohl, Li, and PALEOMAP derived layers","Derived from the land-harmonized 5 Myr Pohl, Li, and PaleoDEM layers; z-score indices are standardised across PALEOMAP land cells within each time slice and masked to land. Four-degree product: area-weighted mean of finite source 1 degree cells.","Level2 gridded","1 degree Level 2 land-harmonized V2 product","4 degree","area-weighted mean of finite source 1 degree cells"
"moisture_availability_index_z",105,4050,"4 degree lon/lat; lon centers -178..178; lat centers -88..88","C:/Users/Google/Documents/HMSC-HIST/Phanerozoic_Environment_540_0Ma_5Myr_4deg_landharmonized_v2/08_rds_export/Phanerozoic_Environment_540_0Ma_5Myr_Level2_4deg_landharmonized_v2_compact_float32.rds","Land-standardised P-E plus runoff plus driest-month precipitation","z-score sum","Integrated land-harmonized Pohl, Li, and PALEOMAP derived layers","Derived from the land-harmonized 5 Myr Pohl, Li, and PaleoDEM layers; z-score indices are standardised across PALEOMAP land cells within each time slice and masked to land. Four-degree product: area-weighted mean of finite source 1 degree cells.","Level2 gridded","1 degree Level 2 land-harmonized V2 product","4 degree","area-weighted mean of finite source 1 degree cells"
"moisture_availability_index_z",100,4050,"4 degree lon/lat; lon centers -178..178; lat centers -88..88","C:/Users/Google/Documents/HMSC-HIST/Phanerozoic_Environment_540_0Ma_5Myr_4deg_landharmonized_v2/08_rds_export/Phanerozoic_Environment_540_0Ma_5Myr_Level2_4deg_landharmonized_v2_compact_float32.rds","Land-standardised P-E plus runoff plus driest-month precipitation","z-score sum","Integrated land-harmonized Pohl, Li, and PALEOMAP derived layers","Derived from the land-harmonized 5 Myr Pohl, Li, and PaleoDEM layers; z-score indices are standardised across PALEOMAP land cells within each time slice and masked to land. Four-degree product: area-weighted mean of finite source 1 degree cells.","Level2 gridded","1 degree Level 2 land-harmonized V2 product","4 degree","area-weighted mean of finite source 1 degree cells"
"moisture_availability_index_z",95,4050,"4 degree lon/lat; lon centers -178..178; lat centers -88..88","C:/Users/Google/Documents/HMSC-HIST/Phanerozoic_Environment_540_0Ma_5Myr_4deg_landharmonized_v2/08_rds_export/Phanerozoic_Environment_540_0Ma_5Myr_Level2_4deg_landharmonized_v2_compact_float32.rds","Land-standardised P-E plus runoff plus driest-month precipitation","z-score sum","Integrated land-harmonized Pohl, Li, and PALEOMAP derived layers","Derived from the land-harmonized 5 Myr Pohl, Li, and PaleoDEM layers; z-score indices are standardised across PALEOMAP land cells within each time slice and masked to land. Four-degree product: area-weighted mean of finite source 1 degree cells.","Level2 gridded","1 degree Level 2 land-harmonized V2 product","4 degree","area-weighted mean of finite source 1 degree cells"
"moisture_availability_index_z",90,4050,"4 degree lon/lat; lon centers -178..178; lat centers -88..88","C:/Users/Google/Documents/HMSC-HIST/Phanerozoic_Environment_540_0Ma_5Myr_4deg_landharmonized_v2/08_rds_export/Phanerozoic_Environment_540_0Ma_5Myr_Level2_4deg_landharmonized_v2_compact_float32.rds","Land-standardised P-E plus runoff plus driest-month precipitation","z-score sum","Integrated land-harmonized Pohl, Li, and PALEOMAP derived layers","Derived from the land-harmonized 5 Myr Pohl, Li, and PaleoDEM layers; z-score indices are standardised across PALEOMAP land cells within each time slice and masked to land. Four-degree product: area-weighted mean of finite source 1 degree cells.","Level2 gridded","1 degree Level 2 land-harmonized V2 product","4 degree","area-weighted mean of finite source 1 degree cells"
"moisture_availability_index_z",85,4050,"4 degree lon/lat; lon centers -178..178; lat centers -88..88","C:/Users/Google/Documents/HMSC-HIST/Phanerozoic_Environment_540_0Ma_5Myr_4deg_landharmonized_v2/08_rds_export/Phanerozoic_Environment_540_0Ma_5Myr_Level2_4deg_landharmonized_v2_compact_float32.rds","Land-standardised P-E plus runoff plus driest-month precipitation","z-score sum","Integrated land-harmonized Pohl, Li, and PALEOMAP derived layers","Derived from the land-harmonized 5 Myr Pohl, Li, and PaleoDEM layers; z-score indices are standardised across PALEOMAP land cells within each time slice and masked to land. Four-degree product: area-weighted mean of finite source 1 degree cells.","Level2 gridded","1 degree Level 2 land-harmonized V2 product","4 degree","area-weighted mean of finite source 1 degree cells"
"moisture_availability_index_z",80,4050,"4 degree lon/lat; lon centers -178..178; lat centers -88..88","C:/Users/Google/Documents/HMSC-HIST/Phanerozoic_Environment_540_0Ma_5Myr_4deg_landharmonized_v2/08_rds_export/Phanerozoic_Environment_540_0Ma_5Myr_Level2_4deg_landharmonized_v2_compact_float32.rds","Land-standardised P-E plus runoff plus driest-month precipitation","z-score sum","Integrated land-harmonized Pohl, Li, and PALEOMAP derived layers","Derived from the land-harmonized 5 Myr Pohl, Li, and PaleoDEM layers; z-score indices are standardised across PALEOMAP land cells within each time slice and masked to land. Four-degree product: area-weighted mean of finite source 1 degree cells.","Level2 gridded","1 degree Level 2 land-harmonized V2 product","4 degree","area-weighted mean of finite source 1 degree cells"
"moisture_availability_index_z",75,4050,"4 degree lon/lat; lon centers -178..178; lat centers -88..88","C:/Users/Google/Documents/HMSC-HIST/Phanerozoic_Environment_540_0Ma_5Myr_4deg_landharmonized_v2/08_rds_export/Phanerozoic_Environment_540_0Ma_5Myr_Level2_4deg_landharmonized_v2_compact_float32.rds","Land-standardised P-E plus runoff plus driest-month precipitation","z-score sum","Integrated land-harmonized Pohl, Li, and PALEOMAP derived layers","Derived from the land-harmonized 5 Myr Pohl, Li, and PaleoDEM layers; z-score indices are standardised across PALEOMAP land cells within each time slice and masked to land. Four-degree product: area-weighted mean of finite source 1 degree cells.","Level2 gridded","1 degree Level 2 land-harmonized V2 product","4 degree","area-weighted mean of finite source 1 degree cells"
"moisture_availability_index_z",70,4050,"4 degree lon/lat; lon centers -178..178; lat centers -88..88","C:/Users/Google/Documents/HMSC-HIST/Phanerozoic_Environment_540_0Ma_5Myr_4deg_landharmonized_v2/08_rds_export/Phanerozoic_Environment_540_0Ma_5Myr_Level2_4deg_landharmonized_v2_compact_float32.rds","Land-standardised P-E plus runoff plus driest-month precipitation","z-score sum","Integrated land-harmonized Pohl, Li, and PALEOMAP derived layers","Derived from the land-harmonized 5 Myr Pohl, Li, and PaleoDEM layers; z-score indices are standardised across PALEOMAP land cells within each time slice and masked to land. Four-degree product: area-weighted mean of finite source 1 degree cells.","Level2 gridded","1 degree Level 2 land-harmonized V2 product","4 degree","area-weighted mean of finite source 1 degree cells"
"moisture_availability_index_z",65,4050,"4 degree lon/lat; lon centers -178..178; lat centers -88..88","C:/Users/Google/Documents/HMSC-HIST/Phanerozoic_Environment_540_0Ma_5Myr_4deg_landharmonized_v2/08_rds_export/Phanerozoic_Environment_540_0Ma_5Myr_Level2_4deg_landharmonized_v2_compact_float32.rds","Land-standardised P-E plus runoff plus driest-month precipitation","z-score sum","Integrated land-harmonized Pohl, Li, and PALEOMAP derived layers","Derived from the land-harmonized 5 Myr Pohl, Li, and PaleoDEM layers; z-score indices are standardised across PALEOMAP land cells within each time slice and masked to land. Four-degree product: area-weighted mean of finite source 1 degree cells.","Level2 gridded","1 degree Level 2 land-harmonized V2 product","4 degree","area-weighted mean of finite source 1 degree cells"
"moisture_availability_index_z",60,4050,"4 degree lon/lat; lon centers -178..178; lat centers -88..88","C:/Users/Google/Documents/HMSC-HIST/Phanerozoic_Environment_540_0Ma_5Myr_4deg_landharmonized_v2/08_rds_export/Phanerozoic_Environment_540_0Ma_5Myr_Level2_4deg_landharmonized_v2_compact_float32.rds","Land-standardised P-E plus runoff plus driest-month precipitation","z-score sum","Integrated land-harmonized Pohl, Li, and PALEOMAP derived layers","Derived from the land-harmonized 5 Myr Pohl, Li, and PaleoDEM layers; z-score indices are standardised across PALEOMAP land cells within each time slice and masked to land. Four-degree product: area-weighted mean of finite source 1 degree cells.","Level2 gridded","1 degree Level 2 land-harmonized V2 product","4 degree","area-weighted mean of finite source 1 degree cells"
"moisture_availability_index_z",55,4050,"4 degree lon/lat; lon centers -178..178; lat centers -88..88","C:/Users/Google/Documents/HMSC-HIST/Phanerozoic_Environment_540_0Ma_5Myr_4deg_landharmonized_v2/08_rds_export/Phanerozoic_Environment_540_0Ma_5Myr_Level2_4deg_landharmonized_v2_compact_float32.rds","Land-standardised P-E plus runoff plus driest-month precipitation","z-score sum","Integrated land-harmonized Pohl, Li, and PALEOMAP derived layers","Derived from the land-harmonized 5 Myr Pohl, Li, and PaleoDEM layers; z-score indices are standardised across PALEOMAP land cells within each time slice and masked to land. Four-degree product: area-weighted mean of finite source 1 degree cells.","Level2 gridded","1 degree Level 2 land-harmonized V2 product","4 degree","area-weighted mean of finite source 1 degree cells"
"moisture_availability_index_z",50,4050,"4 degree lon/lat; lon centers -178..178; lat centers -88..88","C:/Users/Google/Documents/HMSC-HIST/Phanerozoic_Environment_540_0Ma_5Myr_4deg_landharmonized_v2/08_rds_export/Phanerozoic_Environment_540_0Ma_5Myr_Level2_4deg_landharmonized_v2_compact_float32.rds","Land-standardised P-E plus runoff plus driest-month precipitation","z-score sum","Integrated land-harmonized Pohl, Li, and PALEOMAP derived layers","Derived from the land-harmonized 5 Myr Pohl, Li, and PaleoDEM layers; z-score indices are standardised across PALEOMAP land cells within each time slice and masked to land. Four-degree product: area-weighted mean of finite source 1 degree cells.","Level2 gridded","1 degree Level 2 land-harmonized V2 product","4 degree","area-weighted mean of finite source 1 degree cells"
"moisture_availability_index_z",45,4050,"4 degree lon/lat; lon centers -178..178; lat centers -88..88","C:/Users/Google/Documents/HMSC-HIST/Phanerozoic_Environment_540_0Ma_5Myr_4deg_landharmonized_v2/08_rds_export/Phanerozoic_Environment_540_0Ma_5Myr_Level2_4deg_landharmonized_v2_compact_float32.rds","Land-standardised P-E plus runoff plus driest-month precipitation","z-score sum","Integrated land-harmonized Pohl, Li, and PALEOMAP derived layers","Derived from the land-harmonized 5 Myr Pohl, Li, and PaleoDEM layers; z-score indices are standardised across PALEOMAP land cells within each time slice and masked to land. Four-degree product: area-weighted mean of finite source 1 degree cells.","Level2 gridded","1 degree Level 2 land-harmonized V2 product","4 degree","area-weighted mean of finite source 1 degree cells"
"moisture_availability_index_z",40,4050,"4 degree lon/lat; lon centers -178..178; lat centers -88..88","C:/Users/Google/Documents/HMSC-HIST/Phanerozoic_Environment_540_0Ma_5Myr_4deg_landharmonized_v2/08_rds_export/Phanerozoic_Environment_540_0Ma_5Myr_Level2_4deg_landharmonized_v2_compact_float32.rds","Land-standardised P-E plus runoff plus driest-month precipitation","z-score sum","Integrated land-harmonized Pohl, Li, and PALEOMAP derived layers","Derived from the land-harmonized 5 Myr Pohl, Li, and PaleoDEM layers; z-score indices are standardised across PALEOMAP land cells within each time slice and masked to land. Four-degree product: area-weighted mean of finite source 1 degree cells.","Level2 gridded","1 degree Level 2 land-harmonized V2 product","4 degree","area-weighted mean of finite source 1 degree cells"
"moisture_availability_index_z",35,4050,"4 degree lon/lat; lon centers -178..178; lat centers -88..88","C:/Users/Google/Documents/HMSC-HIST/Phanerozoic_Environment_540_0Ma_5Myr_4deg_landharmonized_v2/08_rds_export/Phanerozoic_Environment_540_0Ma_5Myr_Level2_4deg_landharmonized_v2_compact_float32.rds","Land-standardised P-E plus runoff plus driest-month precipitation","z-score sum","Integrated land-harmonized Pohl, Li, and PALEOMAP derived layers","Derived from the land-harmonized 5 Myr Pohl, Li, and PaleoDEM layers; z-score indices are standardised across PALEOMAP land cells within each time slice and masked to land. Four-degree product: area-weighted mean of finite source 1 degree cells.","Level2 gridded","1 degree Level 2 land-harmonized V2 product","4 degree","area-weighted mean of finite source 1 degree cells"
"moisture_availability_index_z",30,4050,"4 degree lon/lat; lon centers -178..178; lat centers -88..88","C:/Users/Google/Documents/HMSC-HIST/Phanerozoic_Environment_540_0Ma_5Myr_4deg_landharmonized_v2/08_rds_export/Phanerozoic_Environment_540_0Ma_5Myr_Level2_4deg_landharmonized_v2_compact_float32.rds","Land-standardised P-E plus runoff plus driest-month precipitation","z-score sum","Integrated land-harmonized Pohl, Li, and PALEOMAP derived layers","Derived from the land-harmonized 5 Myr Pohl, Li, and PaleoDEM layers; z-score indices are standardised across PALEOMAP land cells within each time slice and masked to land. Four-degree product: area-weighted mean of finite source 1 degree cells.","Level2 gridded","1 degree Level 2 land-harmonized V2 product","4 degree","area-weighted mean of finite source 1 degree cells"
"moisture_availability_index_z",25,4050,"4 degree lon/lat; lon centers -178..178; lat centers -88..88","C:/Users/Google/Documents/HMSC-HIST/Phanerozoic_Environment_540_0Ma_5Myr_4deg_landharmonized_v2/08_rds_export/Phanerozoic_Environment_540_0Ma_5Myr_Level2_4deg_landharmonized_v2_compact_float32.rds","Land-standardised P-E plus runoff plus driest-month precipitation","z-score sum","Integrated land-harmonized Pohl, Li, and PALEOMAP derived layers","Derived from the land-harmonized 5 Myr Pohl, Li, and PaleoDEM layers; z-score indices are standardised across PALEOMAP land cells within each time slice and masked to land. Four-degree product: area-weighted mean of finite source 1 degree cells.","Level2 gridded","1 degree Level 2 land-harmonized V2 product","4 degree","area-weighted mean of finite source 1 degree cells"
"moisture_availability_index_z",20,4050,"4 degree lon/lat; lon centers -178..178; lat centers -88..88","C:/Users/Google/Documents/HMSC-HIST/Phanerozoic_Environment_540_0Ma_5Myr_4deg_landharmonized_v2/08_rds_export/Phanerozoic_Environment_540_0Ma_5Myr_Level2_4deg_landharmonized_v2_compact_float32.rds","Land-standardised P-E plus runoff plus driest-month precipitation","z-score sum","Integrated land-harmonized Pohl, Li, and PALEOMAP derived layers","Derived from the land-harmonized 5 Myr Pohl, Li, and PaleoDEM layers; z-score indices are standardised across PALEOMAP land cells within each time slice and masked to land. Four-degree product: area-weighted mean of finite source 1 degree cells.","Level2 gridded","1 degree Level 2 land-harmonized V2 product","4 degree","area-weighted mean of finite source 1 degree cells"
"moisture_availability_index_z",15,4050,"4 degree lon/lat; lon centers -178..178; lat centers -88..88","C:/Users/Google/Documents/HMSC-HIST/Phanerozoic_Environment_540_0Ma_5Myr_4deg_landharmonized_v2/08_rds_export/Phanerozoic_Environment_540_0Ma_5Myr_Level2_4deg_landharmonized_v2_compact_float32.rds","Land-standardised P-E plus runoff plus driest-month precipitation","z-score sum","Integrated land-harmonized Pohl, Li, and PALEOMAP derived layers","Derived from the land-harmonized 5 Myr Pohl, Li, and PaleoDEM layers; z-score indices are standardised across PALEOMAP land cells within each time slice and masked to land. Four-degree product: area-weighted mean of finite source 1 degree cells.","Level2 gridded","1 degree Level 2 land-harmonized V2 product","4 degree","area-weighted mean of finite source 1 degree cells"
"moisture_availability_index_z",10,4050,"4 degree lon/lat; lon centers -178..178; lat centers -88..88","C:/Users/Google/Documents/HMSC-HIST/Phanerozoic_Environment_540_0Ma_5Myr_4deg_landharmonized_v2/08_rds_export/Phanerozoic_Environment_540_0Ma_5Myr_Level2_4deg_landharmonized_v2_compact_float32.rds","Land-standardised P-E plus runoff plus driest-month precipitation","z-score sum","Integrated land-harmonized Pohl, Li, and PALEOMAP derived layers","Derived from the land-harmonized 5 Myr Pohl, Li, and PaleoDEM layers; z-score indices are standardised across PALEOMAP land cells within each time slice and masked to land. Four-degree product: area-weighted mean of finite source 1 degree cells.","Level2 gridded","1 degree Level 2 land-harmonized V2 product","4 degree","area-weighted mean of finite source 1 degree cells"
"moisture_availability_index_z",5,4050,"4 degree lon/lat; lon centers -178..178; lat centers -88..88","C:/Users/Google/Documents/HMSC-HIST/Phanerozoic_Environment_540_0Ma_5Myr_4deg_landharmonized_v2/08_rds_export/Phanerozoic_Environment_540_0Ma_5Myr_Level2_4deg_landharmonized_v2_compact_float32.rds","Land-standardised P-E plus runoff plus driest-month precipitation","z-score sum","Integrated land-harmonized Pohl, Li, and PALEOMAP derived layers","Derived from the land-harmonized 5 Myr Pohl, Li, and PaleoDEM layers; z-score indices are standardised across PALEOMAP land cells within each time slice and masked to land. Four-degree product: area-weighted mean of finite source 1 degree cells.","Level2 gridded","1 degree Level 2 land-harmonized V2 product","4 degree","area-weighted mean of finite source 1 degree cells"
"moisture_availability_index_z",0,4050,"4 degree lon/lat; lon centers -178..178; lat centers -88..88","C:/Users/Google/Documents/HMSC-HIST/Phanerozoic_Environment_540_0Ma_5Myr_4deg_landharmonized_v2/08_rds_export/Phanerozoic_Environment_540_0Ma_5Myr_Level2_4deg_landharmonized_v2_compact_float32.rds","Land-standardised P-E plus runoff plus driest-month precipitation","z-score sum","Integrated land-harmonized Pohl, Li, and PALEOMAP derived layers","Derived from the land-harmonized 5 Myr Pohl, Li, and PaleoDEM layers; z-score indices are standardised across PALEOMAP land cells within each time slice and masked to land. Four-degree product: area-weighted mean of finite source 1 degree cells.","Level2 gridded","1 degree Level 2 land-harmonized V2 product","4 degree","area-weighted mean of finite source 1 degree cells"
"wetland_potential_index_z",540,4050,"4 degree lon/lat; lon centers -178..178; lat centers -88..88","C:/Users/Google/Documents/HMSC-HIST/Phanerozoic_Environment_540_0Ma_5Myr_4deg_landharmonized_v2/08_rds_export/Phanerozoic_Environment_540_0Ma_5Myr_Level2_4deg_landharmonized_v2_compact_float32.rds","Land-standardised wetland potential from water balance, runoff, low slope, valley position, and coastal influence","z-score sum","Integrated land-harmonized Pohl, Li, and PALEOMAP derived layers","Derived from the land-harmonized 5 Myr Pohl, Li, and PaleoDEM layers; z-score indices are standardised across PALEOMAP land cells within each time slice and masked to land. Four-degree product: area-weighted mean of finite source 1 degree cells.","Level2 gridded","1 degree Level 2 land-harmonized V2 product","4 degree","area-weighted mean of finite source 1 degree cells"
"wetland_potential_index_z",535,4050,"4 degree lon/lat; lon centers -178..178; lat centers -88..88","C:/Users/Google/Documents/HMSC-HIST/Phanerozoic_Environment_540_0Ma_5Myr_4deg_landharmonized_v2/08_rds_export/Phanerozoic_Environment_540_0Ma_5Myr_Level2_4deg_landharmonized_v2_compact_float32.rds","Land-standardised wetland potential from water balance, runoff, low slope, valley position, and coastal influence","z-score sum","Integrated land-harmonized Pohl, Li, and PALEOMAP derived layers","Derived from the land-harmonized 5 Myr Pohl, Li, and PaleoDEM layers; z-score indices are standardised across PALEOMAP land cells within each time slice and masked to land. Four-degree product: area-weighted mean of finite source 1 degree cells.","Level2 gridded","1 degree Level 2 land-harmonized V2 product","4 degree","area-weighted mean of finite source 1 degree cells"
"wetland_potential_index_z",530,4050,"4 degree lon/lat; lon centers -178..178; lat centers -88..88","C:/Users/Google/Documents/HMSC-HIST/Phanerozoic_Environment_540_0Ma_5Myr_4deg_landharmonized_v2/08_rds_export/Phanerozoic_Environment_540_0Ma_5Myr_Level2_4deg_landharmonized_v2_compact_float32.rds","Land-standardised wetland potential from water balance, runoff, low slope, valley position, and coastal influence","z-score sum","Integrated land-harmonized Pohl, Li, and PALEOMAP derived layers","Derived from the land-harmonized 5 Myr Pohl, Li, and PaleoDEM layers; z-score indices are standardised across PALEOMAP land cells within each time slice and masked to land. Four-degree product: area-weighted mean of finite source 1 degree cells.","Level2 gridded","1 degree Level 2 land-harmonized V2 product","4 degree","area-weighted mean of finite source 1 degree cells"
"wetland_potential_index_z",525,4050,"4 degree lon/lat; lon centers -178..178; lat centers -88..88","C:/Users/Google/Documents/HMSC-HIST/Phanerozoic_Environment_540_0Ma_5Myr_4deg_landharmonized_v2/08_rds_export/Phanerozoic_Environment_540_0Ma_5Myr_Level2_4deg_landharmonized_v2_compact_float32.rds","Land-standardised wetland potential from water balance, runoff, low slope, valley position, and coastal influence","z-score sum","Integrated land-harmonized Pohl, Li, and PALEOMAP derived layers","Derived from the land-harmonized 5 Myr Pohl, Li, and PaleoDEM layers; z-score indices are standardised across PALEOMAP land cells within each time slice and masked to land. Four-degree product: area-weighted mean of finite source 1 degree cells.","Level2 gridded","1 degree Level 2 land-harmonized V2 product","4 degree","area-weighted mean of finite source 1 degree cells"
"wetland_potential_index_z",520,4050,"4 degree lon/lat; lon centers -178..178; lat centers -88..88","C:/Users/Google/Documents/HMSC-HIST/Phanerozoic_Environment_540_0Ma_5Myr_4deg_landharmonized_v2/08_rds_export/Phanerozoic_Environment_540_0Ma_5Myr_Level2_4deg_landharmonized_v2_compact_float32.rds","Land-standardised wetland potential from water balance, runoff, low slope, valley position, and coastal influence","z-score sum","Integrated land-harmonized Pohl, Li, and PALEOMAP derived layers","Derived from the land-harmonized 5 Myr Pohl, Li, and PaleoDEM layers; z-score indices are standardised across PALEOMAP land cells within each time slice and masked to land. Four-degree product: area-weighted mean of finite source 1 degree cells.","Level2 gridded","1 degree Level 2 land-harmonized V2 product","4 degree","area-weighted mean of finite source 1 degree cells"
"wetland_potential_index_z",515,4050,"4 degree lon/lat; lon centers -178..178; lat centers -88..88","C:/Users/Google/Documents/HMSC-HIST/Phanerozoic_Environment_540_0Ma_5Myr_4deg_landharmonized_v2/08_rds_export/Phanerozoic_Environment_540_0Ma_5Myr_Level2_4deg_landharmonized_v2_compact_float32.rds","Land-standardised wetland potential from water balance, runoff, low slope, valley position, and coastal influence","z-score sum","Integrated land-harmonized Pohl, Li, and PALEOMAP derived layers","Derived from the land-harmonized 5 Myr Pohl, Li, and PaleoDEM layers; z-score indices are standardised across PALEOMAP land cells within each time slice and masked to land. Four-degree product: area-weighted mean of finite source 1 degree cells.","Level2 gridded","1 degree Level 2 land-harmonized V2 product","4 degree","area-weighted mean of finite source 1 degree cells"
"wetland_potential_index_z",510,4050,"4 degree lon/lat; lon centers -178..178; lat centers -88..88","C:/Users/Google/Documents/HMSC-HIST/Phanerozoic_Environment_540_0Ma_5Myr_4deg_landharmonized_v2/08_rds_export/Phanerozoic_Environment_540_0Ma_5Myr_Level2_4deg_landharmonized_v2_compact_float32.rds","Land-standardised wetland potential from water balance, runoff, low slope, valley position, and coastal influence","z-score sum","Integrated land-harmonized Pohl, Li, and PALEOMAP derived layers","Derived from the land-harmonized 5 Myr Pohl, Li, and PaleoDEM layers; z-score indices are standardised across PALEOMAP land cells within each time slice and masked to land. Four-degree product: area-weighted mean of finite source 1 degree cells.","Level2 gridded","1 degree Level 2 land-harmonized V2 product","4 degree","area-weighted mean of finite source 1 degree cells"
"wetland_potential_index_z",505,4050,"4 degree lon/lat; lon centers -178..178; lat centers -88..88","C:/Users/Google/Documents/HMSC-HIST/Phanerozoic_Environment_540_0Ma_5Myr_4deg_landharmonized_v2/08_rds_export/Phanerozoic_Environment_540_0Ma_5Myr_Level2_4deg_landharmonized_v2_compact_float32.rds","Land-standardised wetland potential from water balance, runoff, low slope, valley position, and coastal influence","z-score sum","Integrated land-harmonized Pohl, Li, and PALEOMAP derived layers","Derived from the land-harmonized 5 Myr Pohl, Li, and PaleoDEM layers; z-score indices are standardised across PALEOMAP land cells within each time slice and masked to land. Four-degree product: area-weighted mean of finite source 1 degree cells.","Level2 gridded","1 degree Level 2 land-harmonized V2 product","4 degree","area-weighted mean of finite source 1 degree cells"
"wetland_potential_index_z",500,4050,"4 degree lon/lat; lon centers -178..178; lat centers -88..88","C:/Users/Google/Documents/HMSC-HIST/Phanerozoic_Environment_540_0Ma_5Myr_4deg_landharmonized_v2/08_rds_export/Phanerozoic_Environment_540_0Ma_5Myr_Level2_4deg_landharmonized_v2_compact_float32.rds","Land-standardised wetland potential from water balance, runoff, low slope, valley position, and coastal influence","z-score sum","Integrated land-harmonized Pohl, Li, and PALEOMAP derived layers","Derived from the land-harmonized 5 Myr Pohl, Li, and PaleoDEM layers; z-score indices are standardised across PALEOMAP land cells within each time slice and masked to land. Four-degree product: area-weighted mean of finite source 1 degree cells.","Level2 gridded","1 degree Level 2 land-harmonized V2 product","4 degree","area-weighted mean of finite source 1 degree cells"
"wetland_potential_index_z",495,4050,"4 degree lon/lat; lon centers -178..178; lat centers -88..88","C:/Users/Google/Documents/HMSC-HIST/Phanerozoic_Environment_540_0Ma_5Myr_4deg_landharmonized_v2/08_rds_export/Phanerozoic_Environment_540_0Ma_5Myr_Level2_4deg_landharmonized_v2_compact_float32.rds","Land-standardised wetland potential from water balance, runoff, low slope, valley position, and coastal influence","z-score sum","Integrated land-harmonized Pohl, Li, and PALEOMAP derived layers","Derived from the land-harmonized 5 Myr Pohl, Li, and PaleoDEM layers; z-score indices are standardised across PALEOMAP land cells within each time slice and masked to land. Four-degree product: area-weighted mean of finite source 1 degree cells.","Level2 gridded","1 degree Level 2 land-harmonized V2 product","4 degree","area-weighted mean of finite source 1 degree cells"
"wetland_potential_index_z",490,4050,"4 degree lon/lat; lon centers -178..178; lat centers -88..88","C:/Users/Google/Documents/HMSC-HIST/Phanerozoic_Environment_540_0Ma_5Myr_4deg_landharmonized_v2/08_rds_export/Phanerozoic_Environment_540_0Ma_5Myr_Level2_4deg_landharmonized_v2_compact_float32.rds","Land-standardised wetland potential from water balance, runoff, low slope, valley position, and coastal influence","z-score sum","Integrated land-harmonized Pohl, Li, and PALEOMAP derived layers","Derived from the land-harmonized 5 Myr Pohl, Li, and PaleoDEM layers; z-score indices are standardised across PALEOMAP land cells within each time slice and masked to land. Four-degree product: area-weighted mean of finite source 1 degree cells.","Level2 gridded","1 degree Level 2 land-harmonized V2 product","4 degree","area-weighted mean of finite source 1 degree cells"
"wetland_potential_index_z",485,4050,"4 degree lon/lat; lon centers -178..178; lat centers -88..88","C:/Users/Google/Documents/HMSC-HIST/Phanerozoic_Environment_540_0Ma_5Myr_4deg_landharmonized_v2/08_rds_export/Phanerozoic_Environment_540_0Ma_5Myr_Level2_4deg_landharmonized_v2_compact_float32.rds","Land-standardised wetland potential from water balance, runoff, low slope, valley position, and coastal influence","z-score sum","Integrated land-harmonized Pohl, Li, and PALEOMAP derived layers","Derived from the land-harmonized 5 Myr Pohl, Li, and PaleoDEM layers; z-score indices are standardised across PALEOMAP land cells within each time slice and masked to land. Four-degree product: area-weighted mean of finite source 1 degree cells.","Level2 gridded","1 degree Level 2 land-harmonized V2 product","4 degree","area-weighted mean of finite source 1 degree cells"
"wetland_potential_index_z",480,4050,"4 degree lon/lat; lon centers -178..178; lat centers -88..88","C:/Users/Google/Documents/HMSC-HIST/Phanerozoic_Environment_540_0Ma_5Myr_4deg_landharmonized_v2/08_rds_export/Phanerozoic_Environment_540_0Ma_5Myr_Level2_4deg_landharmonized_v2_compact_float32.rds","Land-standardised wetland potential from water balance, runoff, low slope, valley position, and coastal influence","z-score sum","Integrated land-harmonized Pohl, Li, and PALEOMAP derived layers","Derived from the land-harmonized 5 Myr Pohl, Li, and PaleoDEM layers; z-score indices are standardised across PALEOMAP land cells within each time slice and masked to land. Four-degree product: area-weighted mean of finite source 1 degree cells.","Level2 gridded","1 degree Level 2 land-harmonized V2 product","4 degree","area-weighted mean of finite source 1 degree cells"
"wetland_potential_index_z",475,4050,"4 degree lon/lat; lon centers -178..178; lat centers -88..88","C:/Users/Google/Documents/HMSC-HIST/Phanerozoic_Environment_540_0Ma_5Myr_4deg_landharmonized_v2/08_rds_export/Phanerozoic_Environment_540_0Ma_5Myr_Level2_4deg_landharmonized_v2_compact_float32.rds","Land-standardised wetland potential from water balance, runoff, low slope, valley position, and coastal influence","z-score sum","Integrated land-harmonized Pohl, Li, and PALEOMAP derived layers","Derived from the land-harmonized 5 Myr Pohl, Li, and PaleoDEM layers; z-score indices are standardised across PALEOMAP land cells within each time slice and masked to land. Four-degree product: area-weighted mean of finite source 1 degree cells.","Level2 gridded","1 degree Level 2 land-harmonized V2 product","4 degree","area-weighted mean of finite source 1 degree cells"
"wetland_potential_index_z",470,4050,"4 degree lon/lat; lon centers -178..178; lat centers -88..88","C:/Users/Google/Documents/HMSC-HIST/Phanerozoic_Environment_540_0Ma_5Myr_4deg_landharmonized_v2/08_rds_export/Phanerozoic_Environment_540_0Ma_5Myr_Level2_4deg_landharmonized_v2_compact_float32.rds","Land-standardised wetland potential from water balance, runoff, low slope, valley position, and coastal influence","z-score sum","Integrated land-harmonized Pohl, Li, and PALEOMAP derived layers","Derived from the land-harmonized 5 Myr Pohl, Li, and PaleoDEM layers; z-score indices are standardised across PALEOMAP land cells within each time slice and masked to land. Four-degree product: area-weighted mean of finite source 1 degree cells.","Level2 gridded","1 degree Level 2 land-harmonized V2 product","4 degree","area-weighted mean of finite source 1 degree cells"
"wetland_potential_index_z",465,4050,"4 degree lon/lat; lon centers -178..178; lat centers -88..88","C:/Users/Google/Documents/HMSC-HIST/Phanerozoic_Environment_540_0Ma_5Myr_4deg_landharmonized_v2/08_rds_export/Phanerozoic_Environment_540_0Ma_5Myr_Level2_4deg_landharmonized_v2_compact_float32.rds","Land-standardised wetland potential from water balance, runoff, low slope, valley position, and coastal influence","z-score sum","Integrated land-harmonized Pohl, Li, and PALEOMAP derived layers","Derived from the land-harmonized 5 Myr Pohl, Li, and PaleoDEM layers; z-score indices are standardised across PALEOMAP land cells within each time slice and masked to land. Four-degree product: area-weighted mean of finite source 1 degree cells.","Level2 gridded","1 degree Level 2 land-harmonized V2 product","4 degree","area-weighted mean of finite source 1 degree cells"
"wetland_potential_index_z",460,4050,"4 degree lon/lat; lon centers -178..178; lat centers -88..88","C:/Users/Google/Documents/HMSC-HIST/Phanerozoic_Environment_540_0Ma_5Myr_4deg_landharmonized_v2/08_rds_export/Phanerozoic_Environment_540_0Ma_5Myr_Level2_4deg_landharmonized_v2_compact_float32.rds","Land-standardised wetland potential from water balance, runoff, low slope, valley position, and coastal influence","z-score sum","Integrated land-harmonized Pohl, Li, and PALEOMAP derived layers","Derived from the land-harmonized 5 Myr Pohl, Li, and PaleoDEM layers; z-score indices are standardised across PALEOMAP land cells within each time slice and masked to land. Four-degree product: area-weighted mean of finite source 1 degree cells.","Level2 gridded","1 degree Level 2 land-harmonized V2 product","4 degree","area-weighted mean of finite source 1 degree cells"
"wetland_potential_index_z",455,4050,"4 degree lon/lat; lon centers -178..178; lat centers -88..88","C:/Users/Google/Documents/HMSC-HIST/Phanerozoic_Environment_540_0Ma_5Myr_4deg_landharmonized_v2/08_rds_export/Phanerozoic_Environment_540_0Ma_5Myr_Level2_4deg_landharmonized_v2_compact_float32.rds","Land-standardised wetland potential from water balance, runoff, low slope, valley position, and coastal influence","z-score sum","Integrated land-harmonized Pohl, Li, and PALEOMAP derived layers","Derived from the land-harmonized 5 Myr Pohl, Li, and PaleoDEM layers; z-score indices are standardised across PALEOMAP land cells within each time slice and masked to land. Four-degree product: area-weighted mean of finite source 1 degree cells.","Level2 gridded","1 degree Level 2 land-harmonized V2 product","4 degree","area-weighted mean of finite source 1 degree cells"
"wetland_potential_index_z",450,4050,"4 degree lon/lat; lon centers -178..178; lat centers -88..88","C:/Users/Google/Documents/HMSC-HIST/Phanerozoic_Environment_540_0Ma_5Myr_4deg_landharmonized_v2/08_rds_export/Phanerozoic_Environment_540_0Ma_5Myr_Level2_4deg_landharmonized_v2_compact_float32.rds","Land-standardised wetland potential from water balance, runoff, low slope, valley position, and coastal influence","z-score sum","Integrated land-harmonized Pohl, Li, and PALEOMAP derived layers","Derived from the land-harmonized 5 Myr Pohl, Li, and PaleoDEM layers; z-score indices are standardised across PALEOMAP land cells within each time slice and masked to land. Four-degree product: area-weighted mean of finite source 1 degree cells.","Level2 gridded","1 degree Level 2 land-harmonized V2 product","4 degree","area-weighted mean of finite source 1 degree cells"
"wetland_potential_index_z",445,4050,"4 degree lon/lat; lon centers -178..178; lat centers -88..88","C:/Users/Google/Documents/HMSC-HIST/Phanerozoic_Environment_540_0Ma_5Myr_4deg_landharmonized_v2/08_rds_export/Phanerozoic_Environment_540_0Ma_5Myr_Level2_4deg_landharmonized_v2_compact_float32.rds","Land-standardised wetland potential from water balance, runoff, low slope, valley position, and coastal influence","z-score sum","Integrated land-harmonized Pohl, Li, and PALEOMAP derived layers","Derived from the land-harmonized 5 Myr Pohl, Li, and PaleoDEM layers; z-score indices are standardised across PALEOMAP land cells within each time slice and masked to land. Four-degree product: area-weighted mean of finite source 1 degree cells.","Level2 gridded","1 degree Level 2 land-harmonized V2 product","4 degree","area-weighted mean of finite source 1 degree cells"
"wetland_potential_index_z",440,4050,"4 degree lon/lat; lon centers -178..178; lat centers -88..88","C:/Users/Google/Documents/HMSC-HIST/Phanerozoic_Environment_540_0Ma_5Myr_4deg_landharmonized_v2/08_rds_export/Phanerozoic_Environment_540_0Ma_5Myr_Level2_4deg_landharmonized_v2_compact_float32.rds","Land-standardised wetland potential from water balance, runoff, low slope, valley position, and coastal influence","z-score sum","Integrated land-harmonized Pohl, Li, and PALEOMAP derived layers","Derived from the land-harmonized 5 Myr Pohl, Li, and PaleoDEM layers; z-score indices are standardised across PALEOMAP land cells within each time slice and masked to land. Four-degree product: area-weighted mean of finite source 1 degree cells.","Level2 gridded","1 degree Level 2 land-harmonized V2 product","4 degree","area-weighted mean of finite source 1 degree cells"
"wetland_potential_index_z",435,4050,"4 degree lon/lat; lon centers -178..178; lat centers -88..88","C:/Users/Google/Documents/HMSC-HIST/Phanerozoic_Environment_540_0Ma_5Myr_4deg_landharmonized_v2/08_rds_export/Phanerozoic_Environment_540_0Ma_5Myr_Level2_4deg_landharmonized_v2_compact_float32.rds","Land-standardised wetland potential from water balance, runoff, low slope, valley position, and coastal influence","z-score sum","Integrated land-harmonized Pohl, Li, and PALEOMAP derived layers","Derived from the land-harmonized 5 Myr Pohl, Li, and PaleoDEM layers; z-score indices are standardised across PALEOMAP land cells within each time slice and masked to land. Four-degree product: area-weighted mean of finite source 1 degree cells.","Level2 gridded","1 degree Level 2 land-harmonized V2 product","4 degree","area-weighted mean of finite source 1 degree cells"
"wetland_potential_index_z",430,4050,"4 degree lon/lat; lon centers -178..178; lat centers -88..88","C:/Users/Google/Documents/HMSC-HIST/Phanerozoic_Environment_540_0Ma_5Myr_4deg_landharmonized_v2/08_rds_export/Phanerozoic_Environment_540_0Ma_5Myr_Level2_4deg_landharmonized_v2_compact_float32.rds","Land-standardised wetland potential from water balance, runoff, low slope, valley position, and coastal influence","z-score sum","Integrated land-harmonized Pohl, Li, and PALEOMAP derived layers","Derived from the land-harmonized 5 Myr Pohl, Li, and PaleoDEM layers; z-score indices are standardised across PALEOMAP land cells within each time slice and masked to land. Four-degree product: area-weighted mean of finite source 1 degree cells.","Level2 gridded","1 degree Level 2 land-harmonized V2 product","4 degree","area-weighted mean of finite source 1 degree cells"
"wetland_potential_index_z",425,4050,"4 degree lon/lat; lon centers -178..178; lat centers -88..88","C:/Users/Google/Documents/HMSC-HIST/Phanerozoic_Environment_540_0Ma_5Myr_4deg_landharmonized_v2/08_rds_export/Phanerozoic_Environment_540_0Ma_5Myr_Level2_4deg_landharmonized_v2_compact_float32.rds","Land-standardised wetland potential from water balance, runoff, low slope, valley position, and coastal influence","z-score sum","Integrated land-harmonized Pohl, Li, and PALEOMAP derived layers","Derived from the land-harmonized 5 Myr Pohl, Li, and PaleoDEM layers; z-score indices are standardised across PALEOMAP land cells within each time slice and masked to land. Four-degree product: area-weighted mean of finite source 1 degree cells.","Level2 gridded","1 degree Level 2 land-harmonized V2 product","4 degree","area-weighted mean of finite source 1 degree cells"
"wetland_potential_index_z",420,4050,"4 degree lon/lat; lon centers -178..178; lat centers -88..88","C:/Users/Google/Documents/HMSC-HIST/Phanerozoic_Environment_540_0Ma_5Myr_4deg_landharmonized_v2/08_rds_export/Phanerozoic_Environment_540_0Ma_5Myr_Level2_4deg_landharmonized_v2_compact_float32.rds","Land-standardised wetland potential from water balance, runoff, low slope, valley position, and coastal influence","z-score sum","Integrated land-harmonized Pohl, Li, and PALEOMAP derived layers","Derived from the land-harmonized 5 Myr Pohl, Li, and PaleoDEM layers; z-score indices are standardised across PALEOMAP land cells within each time slice and masked to land. Four-degree product: area-weighted mean of finite source 1 degree cells.","Level2 gridded","1 degree Level 2 land-harmonized V2 product","4 degree","area-weighted mean of finite source 1 degree cells"
"wetland_potential_index_z",415,4050,"4 degree lon/lat; lon centers -178..178; lat centers -88..88","C:/Users/Google/Documents/HMSC-HIST/Phanerozoic_Environment_540_0Ma_5Myr_4deg_landharmonized_v2/08_rds_export/Phanerozoic_Environment_540_0Ma_5Myr_Level2_4deg_landharmonized_v2_compact_float32.rds","Land-standardised wetland potential from water balance, runoff, low slope, valley position, and coastal influence","z-score sum","Integrated land-harmonized Pohl, Li, and PALEOMAP derived layers","Derived from the land-harmonized 5 Myr Pohl, Li, and PaleoDEM layers; z-score indices are standardised across PALEOMAP land cells within each time slice and masked to land. Four-degree product: area-weighted mean of finite source 1 degree cells.","Level2 gridded","1 degree Level 2 land-harmonized V2 product","4 degree","area-weighted mean of finite source 1 degree cells"
"wetland_potential_index_z",410,4050,"4 degree lon/lat; lon centers -178..178; lat centers -88..88","C:/Users/Google/Documents/HMSC-HIST/Phanerozoic_Environment_540_0Ma_5Myr_4deg_landharmonized_v2/08_rds_export/Phanerozoic_Environment_540_0Ma_5Myr_Level2_4deg_landharmonized_v2_compact_float32.rds","Land-standardised wetland potential from water balance, runoff, low slope, valley position, and coastal influence","z-score sum","Integrated land-harmonized Pohl, Li, and PALEOMAP derived layers","Derived from the land-harmonized 5 Myr Pohl, Li, and PaleoDEM layers; z-score indices are standardised across PALEOMAP land cells within each time slice and masked to land. Four-degree product: area-weighted mean of finite source 1 degree cells.","Level2 gridded","1 degree Level 2 land-harmonized V2 product","4 degree","area-weighted mean of finite source 1 degree cells"
"wetland_potential_index_z",405,4050,"4 degree lon/lat; lon centers -178..178; lat centers -88..88","C:/Users/Google/Documents/HMSC-HIST/Phanerozoic_Environment_540_0Ma_5Myr_4deg_landharmonized_v2/08_rds_export/Phanerozoic_Environment_540_0Ma_5Myr_Level2_4deg_landharmonized_v2_compact_float32.rds","Land-standardised wetland potential from water balance, runoff, low slope, valley position, and coastal influence","z-score sum","Integrated land-harmonized Pohl, Li, and PALEOMAP derived layers","Derived from the land-harmonized 5 Myr Pohl, Li, and PaleoDEM layers; z-score indices are standardised across PALEOMAP land cells within each time slice and masked to land. Four-degree product: area-weighted mean of finite source 1 degree cells.","Level2 gridded","1 degree Level 2 land-harmonized V2 product","4 degree","area-weighted mean of finite source 1 degree cells"
"wetland_potential_index_z",400,4050,"4 degree lon/lat; lon centers -178..178; lat centers -88..88","C:/Users/Google/Documents/HMSC-HIST/Phanerozoic_Environment_540_0Ma_5Myr_4deg_landharmonized_v2/08_rds_export/Phanerozoic_Environment_540_0Ma_5Myr_Level2_4deg_landharmonized_v2_compact_float32.rds","Land-standardised wetland potential from water balance, runoff, low slope, valley position, and coastal influence","z-score sum","Integrated land-harmonized Pohl, Li, and PALEOMAP derived layers","Derived from the land-harmonized 5 Myr Pohl, Li, and PaleoDEM layers; z-score indices are standardised across PALEOMAP land cells within each time slice and masked to land. Four-degree product: area-weighted mean of finite source 1 degree cells.","Level2 gridded","1 degree Level 2 land-harmonized V2 product","4 degree","area-weighted mean of finite source 1 degree cells"
"wetland_potential_index_z",395,4050,"4 degree lon/lat; lon centers -178..178; lat centers -88..88","C:/Users/Google/Documents/HMSC-HIST/Phanerozoic_Environment_540_0Ma_5Myr_4deg_landharmonized_v2/08_rds_export/Phanerozoic_Environment_540_0Ma_5Myr_Level2_4deg_landharmonized_v2_compact_float32.rds","Land-standardised wetland potential from water balance, runoff, low slope, valley position, and coastal influence","z-score sum","Integrated land-harmonized Pohl, Li, and PALEOMAP derived layers","Derived from the land-harmonized 5 Myr Pohl, Li, and PaleoDEM layers; z-score indices are standardised across PALEOMAP land cells within each time slice and masked to land. Four-degree product: area-weighted mean of finite source 1 degree cells.","Level2 gridded","1 degree Level 2 land-harmonized V2 product","4 degree","area-weighted mean of finite source 1 degree cells"
"wetland_potential_index_z",390,4050,"4 degree lon/lat; lon centers -178..178; lat centers -88..88","C:/Users/Google/Documents/HMSC-HIST/Phanerozoic_Environment_540_0Ma_5Myr_4deg_landharmonized_v2/08_rds_export/Phanerozoic_Environment_540_0Ma_5Myr_Level2_4deg_landharmonized_v2_compact_float32.rds","Land-standardised wetland potential from water balance, runoff, low slope, valley position, and coastal influence","z-score sum","Integrated land-harmonized Pohl, Li, and PALEOMAP derived layers","Derived from the land-harmonized 5 Myr Pohl, Li, and PaleoDEM layers; z-score indices are standardised across PALEOMAP land cells within each time slice and masked to land. Four-degree product: area-weighted mean of finite source 1 degree cells.","Level2 gridded","1 degree Level 2 land-harmonized V2 product","4 degree","area-weighted mean of finite source 1 degree cells"
"wetland_potential_index_z",385,4050,"4 degree lon/lat; lon centers -178..178; lat centers -88..88","C:/Users/Google/Documents/HMSC-HIST/Phanerozoic_Environment_540_0Ma_5Myr_4deg_landharmonized_v2/08_rds_export/Phanerozoic_Environment_540_0Ma_5Myr_Level2_4deg_landharmonized_v2_compact_float32.rds","Land-standardised wetland potential from water balance, runoff, low slope, valley position, and coastal influence","z-score sum","Integrated land-harmonized Pohl, Li, and PALEOMAP derived layers","Derived from the land-harmonized 5 Myr Pohl, Li, and PaleoDEM layers; z-score indices are standardised across PALEOMAP land cells within each time slice and masked to land. Four-degree product: area-weighted mean of finite source 1 degree cells.","Level2 gridded","1 degree Level 2 land-harmonized V2 product","4 degree","area-weighted mean of finite source 1 degree cells"
"wetland_potential_index_z",380,4050,"4 degree lon/lat; lon centers -178..178; lat centers -88..88","C:/Users/Google/Documents/HMSC-HIST/Phanerozoic_Environment_540_0Ma_5Myr_4deg_landharmonized_v2/08_rds_export/Phanerozoic_Environment_540_0Ma_5Myr_Level2_4deg_landharmonized_v2_compact_float32.rds","Land-standardised wetland potential from water balance, runoff, low slope, valley position, and coastal influence","z-score sum","Integrated land-harmonized Pohl, Li, and PALEOMAP derived layers","Derived from the land-harmonized 5 Myr Pohl, Li, and PaleoDEM layers; z-score indices are standardised across PALEOMAP land cells within each time slice and masked to land. Four-degree product: area-weighted mean of finite source 1 degree cells.","Level2 gridded","1 degree Level 2 land-harmonized V2 product","4 degree","area-weighted mean of finite source 1 degree cells"
"wetland_potential_index_z",375,4050,"4 degree lon/lat; lon centers -178..178; lat centers -88..88","C:/Users/Google/Documents/HMSC-HIST/Phanerozoic_Environment_540_0Ma_5Myr_4deg_landharmonized_v2/08_rds_export/Phanerozoic_Environment_540_0Ma_5Myr_Level2_4deg_landharmonized_v2_compact_float32.rds","Land-standardised wetland potential from water balance, runoff, low slope, valley position, and coastal influence","z-score sum","Integrated land-harmonized Pohl, Li, and PALEOMAP derived layers","Derived from the land-harmonized 5 Myr Pohl, Li, and PaleoDEM layers; z-score indices are standardised across PALEOMAP land cells within each time slice and masked to land. Four-degree product: area-weighted mean of finite source 1 degree cells.","Level2 gridded","1 degree Level 2 land-harmonized V2 product","4 degree","area-weighted mean of finite source 1 degree cells"
"wetland_potential_index_z",370,4050,"4 degree lon/lat; lon centers -178..178; lat centers -88..88","C:/Users/Google/Documents/HMSC-HIST/Phanerozoic_Environment_540_0Ma_5Myr_4deg_landharmonized_v2/08_rds_export/Phanerozoic_Environment_540_0Ma_5Myr_Level2_4deg_landharmonized_v2_compact_float32.rds","Land-standardised wetland potential from water balance, runoff, low slope, valley position, and coastal influence","z-score sum","Integrated land-harmonized Pohl, Li, and PALEOMAP derived layers","Derived from the land-harmonized 5 Myr Pohl, Li, and PaleoDEM layers; z-score indices are standardised across PALEOMAP land cells within each time slice and masked to land. Four-degree product: area-weighted mean of finite source 1 degree cells.","Level2 gridded","1 degree Level 2 land-harmonized V2 product","4 degree","area-weighted mean of finite source 1 degree cells"
"wetland_potential_index_z",365,4050,"4 degree lon/lat; lon centers -178..178; lat centers -88..88","C:/Users/Google/Documents/HMSC-HIST/Phanerozoic_Environment_540_0Ma_5Myr_4deg_landharmonized_v2/08_rds_export/Phanerozoic_Environment_540_0Ma_5Myr_Level2_4deg_landharmonized_v2_compact_float32.rds","Land-standardised wetland potential from water balance, runoff, low slope, valley position, and coastal influence","z-score sum","Integrated land-harmonized Pohl, Li, and PALEOMAP derived layers","Derived from the land-harmonized 5 Myr Pohl, Li, and PaleoDEM layers; z-score indices are standardised across PALEOMAP land cells within each time slice and masked to land. Four-degree product: area-weighted mean of finite source 1 degree cells.","Level2 gridded","1 degree Level 2 land-harmonized V2 product","4 degree","area-weighted mean of finite source 1 degree cells"
"wetland_potential_index_z",360,4050,"4 degree lon/lat; lon centers -178..178; lat centers -88..88","C:/Users/Google/Documents/HMSC-HIST/Phanerozoic_Environment_540_0Ma_5Myr_4deg_landharmonized_v2/08_rds_export/Phanerozoic_Environment_540_0Ma_5Myr_Level2_4deg_landharmonized_v2_compact_float32.rds","Land-standardised wetland potential from water balance, runoff, low slope, valley position, and coastal influence","z-score sum","Integrated land-harmonized Pohl, Li, and PALEOMAP derived layers","Derived from the land-harmonized 5 Myr Pohl, Li, and PaleoDEM layers; z-score indices are standardised across PALEOMAP land cells within each time slice and masked to land. Four-degree product: area-weighted mean of finite source 1 degree cells.","Level2 gridded","1 degree Level 2 land-harmonized V2 product","4 degree","area-weighted mean of finite source 1 degree cells"
"wetland_potential_index_z",355,4050,"4 degree lon/lat; lon centers -178..178; lat centers -88..88","C:/Users/Google/Documents/HMSC-HIST/Phanerozoic_Environment_540_0Ma_5Myr_4deg_landharmonized_v2/08_rds_export/Phanerozoic_Environment_540_0Ma_5Myr_Level2_4deg_landharmonized_v2_compact_float32.rds","Land-standardised wetland potential from water balance, runoff, low slope, valley position, and coastal influence","z-score sum","Integrated land-harmonized Pohl, Li, and PALEOMAP derived layers","Derived from the land-harmonized 5 Myr Pohl, Li, and PaleoDEM layers; z-score indices are standardised across PALEOMAP land cells within each time slice and masked to land. Four-degree product: area-weighted mean of finite source 1 degree cells.","Level2 gridded","1 degree Level 2 land-harmonized V2 product","4 degree","area-weighted mean of finite source 1 degree cells"
"wetland_potential_index_z",350,4050,"4 degree lon/lat; lon centers -178..178; lat centers -88..88","C:/Users/Google/Documents/HMSC-HIST/Phanerozoic_Environment_540_0Ma_5Myr_4deg_landharmonized_v2/08_rds_export/Phanerozoic_Environment_540_0Ma_5Myr_Level2_4deg_landharmonized_v2_compact_float32.rds","Land-standardised wetland potential from water balance, runoff, low slope, valley position, and coastal influence","z-score sum","Integrated land-harmonized Pohl, Li, and PALEOMAP derived layers","Derived from the land-harmonized 5 Myr Pohl, Li, and PaleoDEM layers; z-score indices are standardised across PALEOMAP land cells within each time slice and masked to land. Four-degree product: area-weighted mean of finite source 1 degree cells.","Level2 gridded","1 degree Level 2 land-harmonized V2 product","4 degree","area-weighted mean of finite source 1 degree cells"
"wetland_potential_index_z",345,4050,"4 degree lon/lat; lon centers -178..178; lat centers -88..88","C:/Users/Google/Documents/HMSC-HIST/Phanerozoic_Environment_540_0Ma_5Myr_4deg_landharmonized_v2/08_rds_export/Phanerozoic_Environment_540_0Ma_5Myr_Level2_4deg_landharmonized_v2_compact_float32.rds","Land-standardised wetland potential from water balance, runoff, low slope, valley position, and coastal influence","z-score sum","Integrated land-harmonized Pohl, Li, and PALEOMAP derived layers","Derived from the land-harmonized 5 Myr Pohl, Li, and PaleoDEM layers; z-score indices are standardised across PALEOMAP land cells within each time slice and masked to land. Four-degree product: area-weighted mean of finite source 1 degree cells.","Level2 gridded","1 degree Level 2 land-harmonized V2 product","4 degree","area-weighted mean of finite source 1 degree cells"
"wetland_potential_index_z",340,4050,"4 degree lon/lat; lon centers -178..178; lat centers -88..88","C:/Users/Google/Documents/HMSC-HIST/Phanerozoic_Environment_540_0Ma_5Myr_4deg_landharmonized_v2/08_rds_export/Phanerozoic_Environment_540_0Ma_5Myr_Level2_4deg_landharmonized_v2_compact_float32.rds","Land-standardised wetland potential from water balance, runoff, low slope, valley position, and coastal influence","z-score sum","Integrated land-harmonized Pohl, Li, and PALEOMAP derived layers","Derived from the land-harmonized 5 Myr Pohl, Li, and PaleoDEM layers; z-score indices are standardised across PALEOMAP land cells within each time slice and masked to land. Four-degree product: area-weighted mean of finite source 1 degree cells.","Level2 gridded","1 degree Level 2 land-harmonized V2 product","4 degree","area-weighted mean of finite source 1 degree cells"
"wetland_potential_index_z",335,4050,"4 degree lon/lat; lon centers -178..178; lat centers -88..88","C:/Users/Google/Documents/HMSC-HIST/Phanerozoic_Environment_540_0Ma_5Myr_4deg_landharmonized_v2/08_rds_export/Phanerozoic_Environment_540_0Ma_5Myr_Level2_4deg_landharmonized_v2_compact_float32.rds","Land-standardised wetland potential from water balance, runoff, low slope, valley position, and coastal influence","z-score sum","Integrated land-harmonized Pohl, Li, and PALEOMAP derived layers","Derived from the land-harmonized 5 Myr Pohl, Li, and PaleoDEM layers; z-score indices are standardised across PALEOMAP land cells within each time slice and masked to land. Four-degree product: area-weighted mean of finite source 1 degree cells.","Level2 gridded","1 degree Level 2 land-harmonized V2 product","4 degree","area-weighted mean of finite source 1 degree cells"
"wetland_potential_index_z",330,4050,"4 degree lon/lat; lon centers -178..178; lat centers -88..88","C:/Users/Google/Documents/HMSC-HIST/Phanerozoic_Environment_540_0Ma_5Myr_4deg_landharmonized_v2/08_rds_export/Phanerozoic_Environment_540_0Ma_5Myr_Level2_4deg_landharmonized_v2_compact_float32.rds","Land-standardised wetland potential from water balance, runoff, low slope, valley position, and coastal influence","z-score sum","Integrated land-harmonized Pohl, Li, and PALEOMAP derived layers","Derived from the land-harmonized 5 Myr Pohl, Li, and PaleoDEM layers; z-score indices are standardised across PALEOMAP land cells within each time slice and masked to land. Four-degree product: area-weighted mean of finite source 1 degree cells.","Level2 gridded","1 degree Level 2 land-harmonized V2 product","4 degree","area-weighted mean of finite source 1 degree cells"
"wetland_potential_index_z",325,4050,"4 degree lon/lat; lon centers -178..178; lat centers -88..88","C:/Users/Google/Documents/HMSC-HIST/Phanerozoic_Environment_540_0Ma_5Myr_4deg_landharmonized_v2/08_rds_export/Phanerozoic_Environment_540_0Ma_5Myr_Level2_4deg_landharmonized_v2_compact_float32.rds","Land-standardised wetland potential from water balance, runoff, low slope, valley position, and coastal influence","z-score sum","Integrated land-harmonized Pohl, Li, and PALEOMAP derived layers","Derived from the land-harmonized 5 Myr Pohl, Li, and PaleoDEM layers; z-score indices are standardised across PALEOMAP land cells within each time slice and masked to land. Four-degree product: area-weighted mean of finite source 1 degree cells.","Level2 gridded","1 degree Level 2 land-harmonized V2 product","4 degree","area-weighted mean of finite source 1 degree cells"
"wetland_potential_index_z",320,4050,"4 degree lon/lat; lon centers -178..178; lat centers -88..88","C:/Users/Google/Documents/HMSC-HIST/Phanerozoic_Environment_540_0Ma_5Myr_4deg_landharmonized_v2/08_rds_export/Phanerozoic_Environment_540_0Ma_5Myr_Level2_4deg_landharmonized_v2_compact_float32.rds","Land-standardised wetland potential from water balance, runoff, low slope, valley position, and coastal influence","z-score sum","Integrated land-harmonized Pohl, Li, and PALEOMAP derived layers","Derived from the land-harmonized 5 Myr Pohl, Li, and PaleoDEM layers; z-score indices are standardised across PALEOMAP land cells within each time slice and masked to land. Four-degree product: area-weighted mean of finite source 1 degree cells.","Level2 gridded","1 degree Level 2 land-harmonized V2 product","4 degree","area-weighted mean of finite source 1 degree cells"
"wetland_potential_index_z",315,4050,"4 degree lon/lat; lon centers -178..178; lat centers -88..88","C:/Users/Google/Documents/HMSC-HIST/Phanerozoic_Environment_540_0Ma_5Myr_4deg_landharmonized_v2/08_rds_export/Phanerozoic_Environment_540_0Ma_5Myr_Level2_4deg_landharmonized_v2_compact_float32.rds","Land-standardised wetland potential from water balance, runoff, low slope, valley position, and coastal influence","z-score sum","Integrated land-harmonized Pohl, Li, and PALEOMAP derived layers","Derived from the land-harmonized 5 Myr Pohl, Li, and PaleoDEM layers; z-score indices are standardised across PALEOMAP land cells within each time slice and masked to land. Four-degree product: area-weighted mean of finite source 1 degree cells.","Level2 gridded","1 degree Level 2 land-harmonized V2 product","4 degree","area-weighted mean of finite source 1 degree cells"
"wetland_potential_index_z",310,4050,"4 degree lon/lat; lon centers -178..178; lat centers -88..88","C:/Users/Google/Documents/HMSC-HIST/Phanerozoic_Environment_540_0Ma_5Myr_4deg_landharmonized_v2/08_rds_export/Phanerozoic_Environment_540_0Ma_5Myr_Level2_4deg_landharmonized_v2_compact_float32.rds","Land-standardised wetland potential from water balance, runoff, low slope, valley position, and coastal influence","z-score sum","Integrated land-harmonized Pohl, Li, and PALEOMAP derived layers","Derived from the land-harmonized 5 Myr Pohl, Li, and PaleoDEM layers; z-score indices are standardised across PALEOMAP land cells within each time slice and masked to land. Four-degree product: area-weighted mean of finite source 1 degree cells.","Level2 gridded","1 degree Level 2 land-harmonized V2 product","4 degree","area-weighted mean of finite source 1 degree cells"
"wetland_potential_index_z",305,4050,"4 degree lon/lat; lon centers -178..178; lat centers -88..88","C:/Users/Google/Documents/HMSC-HIST/Phanerozoic_Environment_540_0Ma_5Myr_4deg_landharmonized_v2/08_rds_export/Phanerozoic_Environment_540_0Ma_5Myr_Level2_4deg_landharmonized_v2_compact_float32.rds","Land-standardised wetland potential from water balance, runoff, low slope, valley position, and coastal influence","z-score sum","Integrated land-harmonized Pohl, Li, and PALEOMAP derived layers","Derived from the land-harmonized 5 Myr Pohl, Li, and PaleoDEM layers; z-score indices are standardised across PALEOMAP land cells within each time slice and masked to land. Four-degree product: area-weighted mean of finite source 1 degree cells.","Level2 gridded","1 degree Level 2 land-harmonized V2 product","4 degree","area-weighted mean of finite source 1 degree cells"
"wetland_potential_index_z",300,4050,"4 degree lon/lat; lon centers -178..178; lat centers -88..88","C:/Users/Google/Documents/HMSC-HIST/Phanerozoic_Environment_540_0Ma_5Myr_4deg_landharmonized_v2/08_rds_export/Phanerozoic_Environment_540_0Ma_5Myr_Level2_4deg_landharmonized_v2_compact_float32.rds","Land-standardised wetland potential from water balance, runoff, low slope, valley position, and coastal influence","z-score sum","Integrated land-harmonized Pohl, Li, and PALEOMAP derived layers","Derived from the land-harmonized 5 Myr Pohl, Li, and PaleoDEM layers; z-score indices are standardised across PALEOMAP land cells within each time slice and masked to land. Four-degree product: area-weighted mean of finite source 1 degree cells.","Level2 gridded","1 degree Level 2 land-harmonized V2 product","4 degree","area-weighted mean of finite source 1 degree cells"
"wetland_potential_index_z",295,4050,"4 degree lon/lat; lon centers -178..178; lat centers -88..88","C:/Users/Google/Documents/HMSC-HIST/Phanerozoic_Environment_540_0Ma_5Myr_4deg_landharmonized_v2/08_rds_export/Phanerozoic_Environment_540_0Ma_5Myr_Level2_4deg_landharmonized_v2_compact_float32.rds","Land-standardised wetland potential from water balance, runoff, low slope, valley position, and coastal influence","z-score sum","Integrated land-harmonized Pohl, Li, and PALEOMAP derived layers","Derived from the land-harmonized 5 Myr Pohl, Li, and PaleoDEM layers; z-score indices are standardised across PALEOMAP land cells within each time slice and masked to land. Four-degree product: area-weighted mean of finite source 1 degree cells.","Level2 gridded","1 degree Level 2 land-harmonized V2 product","4 degree","area-weighted mean of finite source 1 degree cells"
"wetland_potential_index_z",290,4050,"4 degree lon/lat; lon centers -178..178; lat centers -88..88","C:/Users/Google/Documents/HMSC-HIST/Phanerozoic_Environment_540_0Ma_5Myr_4deg_landharmonized_v2/08_rds_export/Phanerozoic_Environment_540_0Ma_5Myr_Level2_4deg_landharmonized_v2_compact_float32.rds","Land-standardised wetland potential from water balance, runoff, low slope, valley position, and coastal influence","z-score sum","Integrated land-harmonized Pohl, Li, and PALEOMAP derived layers","Derived from the land-harmonized 5 Myr Pohl, Li, and PaleoDEM layers; z-score indices are standardised across PALEOMAP land cells within each time slice and masked to land. Four-degree product: area-weighted mean of finite source 1 degree cells.","Level2 gridded","1 degree Level 2 land-harmonized V2 product","4 degree","area-weighted mean of finite source 1 degree cells"
"wetland_potential_index_z",285,4050,"4 degree lon/lat; lon centers -178..178; lat centers -88..88","C:/Users/Google/Documents/HMSC-HIST/Phanerozoic_Environment_540_0Ma_5Myr_4deg_landharmonized_v2/08_rds_export/Phanerozoic_Environment_540_0Ma_5Myr_Level2_4deg_landharmonized_v2_compact_float32.rds","Land-standardised wetland potential from water balance, runoff, low slope, valley position, and coastal influence","z-score sum","Integrated land-harmonized Pohl, Li, and PALEOMAP derived layers","Derived from the land-harmonized 5 Myr Pohl, Li, and PaleoDEM layers; z-score indices are standardised across PALEOMAP land cells within each time slice and masked to land. Four-degree product: area-weighted mean of finite source 1 degree cells.","Level2 gridded","1 degree Level 2 land-harmonized V2 product","4 degree","area-weighted mean of finite source 1 degree cells"
"wetland_potential_index_z",280,4050,"4 degree lon/lat; lon centers -178..178; lat centers -88..88","C:/Users/Google/Documents/HMSC-HIST/Phanerozoic_Environment_540_0Ma_5Myr_4deg_landharmonized_v2/08_rds_export/Phanerozoic_Environment_540_0Ma_5Myr_Level2_4deg_landharmonized_v2_compact_float32.rds","Land-standardised wetland potential from water balance, runoff, low slope, valley position, and coastal influence","z-score sum","Integrated land-harmonized Pohl, Li, and PALEOMAP derived layers","Derived from the land-harmonized 5 Myr Pohl, Li, and PaleoDEM layers; z-score indices are standardised across PALEOMAP land cells within each time slice and masked to land. Four-degree product: area-weighted mean of finite source 1 degree cells.","Level2 gridded","1 degree Level 2 land-harmonized V2 product","4 degree","area-weighted mean of finite source 1 degree cells"
"wetland_potential_index_z",275,4050,"4 degree lon/lat; lon centers -178..178; lat centers -88..88","C:/Users/Google/Documents/HMSC-HIST/Phanerozoic_Environment_540_0Ma_5Myr_4deg_landharmonized_v2/08_rds_export/Phanerozoic_Environment_540_0Ma_5Myr_Level2_4deg_landharmonized_v2_compact_float32.rds","Land-standardised wetland potential from water balance, runoff, low slope, valley position, and coastal influence","z-score sum","Integrated land-harmonized Pohl, Li, and PALEOMAP derived layers","Derived from the land-harmonized 5 Myr Pohl, Li, and PaleoDEM layers; z-score indices are standardised across PALEOMAP land cells within each time slice and masked to land. Four-degree product: area-weighted mean of finite source 1 degree cells.","Level2 gridded","1 degree Level 2 land-harmonized V2 product","4 degree","area-weighted mean of finite source 1 degree cells"
"wetland_potential_index_z",270,4050,"4 degree lon/lat; lon centers -178..178; lat centers -88..88","C:/Users/Google/Documents/HMSC-HIST/Phanerozoic_Environment_540_0Ma_5Myr_4deg_landharmonized_v2/08_rds_export/Phanerozoic_Environment_540_0Ma_5Myr_Level2_4deg_landharmonized_v2_compact_float32.rds","Land-standardised wetland potential from water balance, runoff, low slope, valley position, and coastal influence","z-score sum","Integrated land-harmonized Pohl, Li, and PALEOMAP derived layers","Derived from the land-harmonized 5 Myr Pohl, Li, and PaleoDEM layers; z-score indices are standardised across PALEOMAP land cells within each time slice and masked to land. Four-degree product: area-weighted mean of finite source 1 degree cells.","Level2 gridded","1 degree Level 2 land-harmonized V2 product","4 degree","area-weighted mean of finite source 1 degree cells"
"wetland_potential_index_z",265,4050,"4 degree lon/lat; lon centers -178..178; lat centers -88..88","C:/Users/Google/Documents/HMSC-HIST/Phanerozoic_Environment_540_0Ma_5Myr_4deg_landharmonized_v2/08_rds_export/Phanerozoic_Environment_540_0Ma_5Myr_Level2_4deg_landharmonized_v2_compact_float32.rds","Land-standardised wetland potential from water balance, runoff, low slope, valley position, and coastal influence","z-score sum","Integrated land-harmonized Pohl, Li, and PALEOMAP derived layers","Derived from the land-harmonized 5 Myr Pohl, Li, and PaleoDEM layers; z-score indices are standardised across PALEOMAP land cells within each time slice and masked to land. Four-degree product: area-weighted mean of finite source 1 degree cells.","Level2 gridded","1 degree Level 2 land-harmonized V2 product","4 degree","area-weighted mean of finite source 1 degree cells"
"wetland_potential_index_z",260,4050,"4 degree lon/lat; lon centers -178..178; lat centers -88..88","C:/Users/Google/Documents/HMSC-HIST/Phanerozoic_Environment_540_0Ma_5Myr_4deg_landharmonized_v2/08_rds_export/Phanerozoic_Environment_540_0Ma_5Myr_Level2_4deg_landharmonized_v2_compact_float32.rds","Land-standardised wetland potential from water balance, runoff, low slope, valley position, and coastal influence","z-score sum","Integrated land-harmonized Pohl, Li, and PALEOMAP derived layers","Derived from the land-harmonized 5 Myr Pohl, Li, and PaleoDEM layers; z-score indices are standardised across PALEOMAP land cells within each time slice and masked to land. Four-degree product: area-weighted mean of finite source 1 degree cells.","Level2 gridded","1 degree Level 2 land-harmonized V2 product","4 degree","area-weighted mean of finite source 1 degree cells"
"wetland_potential_index_z",255,4050,"4 degree lon/lat; lon centers -178..178; lat centers -88..88","C:/Users/Google/Documents/HMSC-HIST/Phanerozoic_Environment_540_0Ma_5Myr_4deg_landharmonized_v2/08_rds_export/Phanerozoic_Environment_540_0Ma_5Myr_Level2_4deg_landharmonized_v2_compact_float32.rds","Land-standardised wetland potential from water balance, runoff, low slope, valley position, and coastal influence","z-score sum","Integrated land-harmonized Pohl, Li, and PALEOMAP derived layers","Derived from the land-harmonized 5 Myr Pohl, Li, and PaleoDEM layers; z-score indices are standardised across PALEOMAP land cells within each time slice and masked to land. Four-degree product: area-weighted mean of finite source 1 degree cells.","Level2 gridded","1 degree Level 2 land-harmonized V2 product","4 degree","area-weighted mean of finite source 1 degree cells"
"wetland_potential_index_z",250,4050,"4 degree lon/lat; lon centers -178..178; lat centers -88..88","C:/Users/Google/Documents/HMSC-HIST/Phanerozoic_Environment_540_0Ma_5Myr_4deg_landharmonized_v2/08_rds_export/Phanerozoic_Environment_540_0Ma_5Myr_Level2_4deg_landharmonized_v2_compact_float32.rds","Land-standardised wetland potential from water balance, runoff, low slope, valley position, and coastal influence","z-score sum","Integrated land-harmonized Pohl, Li, and PALEOMAP derived layers","Derived from the land-harmonized 5 Myr Pohl, Li, and PaleoDEM layers; z-score indices are standardised across PALEOMAP land cells within each time slice and masked to land. Four-degree product: area-weighted mean of finite source 1 degree cells.","Level2 gridded","1 degree Level 2 land-harmonized V2 product","4 degree","area-weighted mean of finite source 1 degree cells"
"wetland_potential_index_z",245,4050,"4 degree lon/lat; lon centers -178..178; lat centers -88..88","C:/Users/Google/Documents/HMSC-HIST/Phanerozoic_Environment_540_0Ma_5Myr_4deg_landharmonized_v2/08_rds_export/Phanerozoic_Environment_540_0Ma_5Myr_Level2_4deg_landharmonized_v2_compact_float32.rds","Land-standardised wetland potential from water balance, runoff, low slope, valley position, and coastal influence","z-score sum","Integrated land-harmonized Pohl, Li, and PALEOMAP derived layers","Derived from the land-harmonized 5 Myr Pohl, Li, and PaleoDEM layers; z-score indices are standardised across PALEOMAP land cells within each time slice and masked to land. Four-degree product: area-weighted mean of finite source 1 degree cells.","Level2 gridded","1 degree Level 2 land-harmonized V2 product","4 degree","area-weighted mean of finite source 1 degree cells"
"wetland_potential_index_z",240,4050,"4 degree lon/lat; lon centers -178..178; lat centers -88..88","C:/Users/Google/Documents/HMSC-HIST/Phanerozoic_Environment_540_0Ma_5Myr_4deg_landharmonized_v2/08_rds_export/Phanerozoic_Environment_540_0Ma_5Myr_Level2_4deg_landharmonized_v2_compact_float32.rds","Land-standardised wetland potential from water balance, runoff, low slope, valley position, and coastal influence","z-score sum","Integrated land-harmonized Pohl, Li, and PALEOMAP derived layers","Derived from the land-harmonized 5 Myr Pohl, Li, and PaleoDEM layers; z-score indices are standardised across PALEOMAP land cells within each time slice and masked to land. Four-degree product: area-weighted mean of finite source 1 degree cells.","Level2 gridded","1 degree Level 2 land-harmonized V2 product","4 degree","area-weighted mean of finite source 1 degree cells"
"wetland_potential_index_z",235,4050,"4 degree lon/lat; lon centers -178..178; lat centers -88..88","C:/Users/Google/Documents/HMSC-HIST/Phanerozoic_Environment_540_0Ma_5Myr_4deg_landharmonized_v2/08_rds_export/Phanerozoic_Environment_540_0Ma_5Myr_Level2_4deg_landharmonized_v2_compact_float32.rds","Land-standardised wetland potential from water balance, runoff, low slope, valley position, and coastal influence","z-score sum","Integrated land-harmonized Pohl, Li, and PALEOMAP derived layers","Derived from the land-harmonized 5 Myr Pohl, Li, and PaleoDEM layers; z-score indices are standardised across PALEOMAP land cells within each time slice and masked to land. Four-degree product: area-weighted mean of finite source 1 degree cells.","Level2 gridded","1 degree Level 2 land-harmonized V2 product","4 degree","area-weighted mean of finite source 1 degree cells"
"wetland_potential_index_z",230,4050,"4 degree lon/lat; lon centers -178..178; lat centers -88..88","C:/Users/Google/Documents/HMSC-HIST/Phanerozoic_Environment_540_0Ma_5Myr_4deg_landharmonized_v2/08_rds_export/Phanerozoic_Environment_540_0Ma_5Myr_Level2_4deg_landharmonized_v2_compact_float32.rds","Land-standardised wetland potential from water balance, runoff, low slope, valley position, and coastal influence","z-score sum","Integrated land-harmonized Pohl, Li, and PALEOMAP derived layers","Derived from the land-harmonized 5 Myr Pohl, Li, and PaleoDEM layers; z-score indices are standardised across PALEOMAP land cells within each time slice and masked to land. Four-degree product: area-weighted mean of finite source 1 degree cells.","Level2 gridded","1 degree Level 2 land-harmonized V2 product","4 degree","area-weighted mean of finite source 1 degree cells"
"wetland_potential_index_z",225,4050,"4 degree lon/lat; lon centers -178..178; lat centers -88..88","C:/Users/Google/Documents/HMSC-HIST/Phanerozoic_Environment_540_0Ma_5Myr_4deg_landharmonized_v2/08_rds_export/Phanerozoic_Environment_540_0Ma_5Myr_Level2_4deg_landharmonized_v2_compact_float32.rds","Land-standardised wetland potential from water balance, runoff, low slope, valley position, and coastal influence","z-score sum","Integrated land-harmonized Pohl, Li, and PALEOMAP derived layers","Derived from the land-harmonized 5 Myr Pohl, Li, and PaleoDEM layers; z-score indices are standardised across PALEOMAP land cells within each time slice and masked to land. Four-degree product: area-weighted mean of finite source 1 degree cells.","Level2 gridded","1 degree Level 2 land-harmonized V2 product","4 degree","area-weighted mean of finite source 1 degree cells"
"wetland_potential_index_z",220,4050,"4 degree lon/lat; lon centers -178..178; lat centers -88..88","C:/Users/Google/Documents/HMSC-HIST/Phanerozoic_Environment_540_0Ma_5Myr_4deg_landharmonized_v2/08_rds_export/Phanerozoic_Environment_540_0Ma_5Myr_Level2_4deg_landharmonized_v2_compact_float32.rds","Land-standardised wetland potential from water balance, runoff, low slope, valley position, and coastal influence","z-score sum","Integrated land-harmonized Pohl, Li, and PALEOMAP derived layers","Derived from the land-harmonized 5 Myr Pohl, Li, and PaleoDEM layers; z-score indices are standardised across PALEOMAP land cells within each time slice and masked to land. Four-degree product: area-weighted mean of finite source 1 degree cells.","Level2 gridded","1 degree Level 2 land-harmonized V2 product","4 degree","area-weighted mean of finite source 1 degree cells"
"wetland_potential_index_z",215,4050,"4 degree lon/lat; lon centers -178..178; lat centers -88..88","C:/Users/Google/Documents/HMSC-HIST/Phanerozoic_Environment_540_0Ma_5Myr_4deg_landharmonized_v2/08_rds_export/Phanerozoic_Environment_540_0Ma_5Myr_Level2_4deg_landharmonized_v2_compact_float32.rds","Land-standardised wetland potential from water balance, runoff, low slope, valley position, and coastal influence","z-score sum","Integrated land-harmonized Pohl, Li, and PALEOMAP derived layers","Derived from the land-harmonized 5 Myr Pohl, Li, and PaleoDEM layers; z-score indices are standardised across PALEOMAP land cells within each time slice and masked to land. Four-degree product: area-weighted mean of finite source 1 degree cells.","Level2 gridded","1 degree Level 2 land-harmonized V2 product","4 degree","area-weighted mean of finite source 1 degree cells"
"wetland_potential_index_z",210,4050,"4 degree lon/lat; lon centers -178..178; lat centers -88..88","C:/Users/Google/Documents/HMSC-HIST/Phanerozoic_Environment_540_0Ma_5Myr_4deg_landharmonized_v2/08_rds_export/Phanerozoic_Environment_540_0Ma_5Myr_Level2_4deg_landharmonized_v2_compact_float32.rds","Land-standardised wetland potential from water balance, runoff, low slope, valley position, and coastal influence","z-score sum","Integrated land-harmonized Pohl, Li, and PALEOMAP derived layers","Derived from the land-harmonized 5 Myr Pohl, Li, and PaleoDEM layers; z-score indices are standardised across PALEOMAP land cells within each time slice and masked to land. Four-degree product: area-weighted mean of finite source 1 degree cells.","Level2 gridded","1 degree Level 2 land-harmonized V2 product","4 degree","area-weighted mean of finite source 1 degree cells"
"wetland_potential_index_z",205,4050,"4 degree lon/lat; lon centers -178..178; lat centers -88..88","C:/Users/Google/Documents/HMSC-HIST/Phanerozoic_Environment_540_0Ma_5Myr_4deg_landharmonized_v2/08_rds_export/Phanerozoic_Environment_540_0Ma_5Myr_Level2_4deg_landharmonized_v2_compact_float32.rds","Land-standardised wetland potential from water balance, runoff, low slope, valley position, and coastal influence","z-score sum","Integrated land-harmonized Pohl, Li, and PALEOMAP derived layers","Derived from the land-harmonized 5 Myr Pohl, Li, and PaleoDEM layers; z-score indices are standardised across PALEOMAP land cells within each time slice and masked to land. Four-degree product: area-weighted mean of finite source 1 degree cells.","Level2 gridded","1 degree Level 2 land-harmonized V2 product","4 degree","area-weighted mean of finite source 1 degree cells"
"wetland_potential_index_z",200,4050,"4 degree lon/lat; lon centers -178..178; lat centers -88..88","C:/Users/Google/Documents/HMSC-HIST/Phanerozoic_Environment_540_0Ma_5Myr_4deg_landharmonized_v2/08_rds_export/Phanerozoic_Environment_540_0Ma_5Myr_Level2_4deg_landharmonized_v2_compact_float32.rds","Land-standardised wetland potential from water balance, runoff, low slope, valley position, and coastal influence","z-score sum","Integrated land-harmonized Pohl, Li, and PALEOMAP derived layers","Derived from the land-harmonized 5 Myr Pohl, Li, and PaleoDEM layers; z-score indices are standardised across PALEOMAP land cells within each time slice and masked to land. Four-degree product: area-weighted mean of finite source 1 degree cells.","Level2 gridded","1 degree Level 2 land-harmonized V2 product","4 degree","area-weighted mean of finite source 1 degree cells"
"wetland_potential_index_z",195,4050,"4 degree lon/lat; lon centers -178..178; lat centers -88..88","C:/Users/Google/Documents/HMSC-HIST/Phanerozoic_Environment_540_0Ma_5Myr_4deg_landharmonized_v2/08_rds_export/Phanerozoic_Environment_540_0Ma_5Myr_Level2_4deg_landharmonized_v2_compact_float32.rds","Land-standardised wetland potential from water balance, runoff, low slope, valley position, and coastal influence","z-score sum","Integrated land-harmonized Pohl, Li, and PALEOMAP derived layers","Derived from the land-harmonized 5 Myr Pohl, Li, and PaleoDEM layers; z-score indices are standardised across PALEOMAP land cells within each time slice and masked to land. Four-degree product: area-weighted mean of finite source 1 degree cells.","Level2 gridded","1 degree Level 2 land-harmonized V2 product","4 degree","area-weighted mean of finite source 1 degree cells"
"wetland_potential_index_z",190,4050,"4 degree lon/lat; lon centers -178..178; lat centers -88..88","C:/Users/Google/Documents/HMSC-HIST/Phanerozoic_Environment_540_0Ma_5Myr_4deg_landharmonized_v2/08_rds_export/Phanerozoic_Environment_540_0Ma_5Myr_Level2_4deg_landharmonized_v2_compact_float32.rds","Land-standardised wetland potential from water balance, runoff, low slope, valley position, and coastal influence","z-score sum","Integrated land-harmonized Pohl, Li, and PALEOMAP derived layers","Derived from the land-harmonized 5 Myr Pohl, Li, and PaleoDEM layers; z-score indices are standardised across PALEOMAP land cells within each time slice and masked to land. Four-degree product: area-weighted mean of finite source 1 degree cells.","Level2 gridded","1 degree Level 2 land-harmonized V2 product","4 degree","area-weighted mean of finite source 1 degree cells"
"wetland_potential_index_z",185,4050,"4 degree lon/lat; lon centers -178..178; lat centers -88..88","C:/Users/Google/Documents/HMSC-HIST/Phanerozoic_Environment_540_0Ma_5Myr_4deg_landharmonized_v2/08_rds_export/Phanerozoic_Environment_540_0Ma_5Myr_Level2_4deg_landharmonized_v2_compact_float32.rds","Land-standardised wetland potential from water balance, runoff, low slope, valley position, and coastal influence","z-score sum","Integrated land-harmonized Pohl, Li, and PALEOMAP derived layers","Derived from the land-harmonized 5 Myr Pohl, Li, and PaleoDEM layers; z-score indices are standardised across PALEOMAP land cells within each time slice and masked to land. Four-degree product: area-weighted mean of finite source 1 degree cells.","Level2 gridded","1 degree Level 2 land-harmonized V2 product","4 degree","area-weighted mean of finite source 1 degree cells"
"wetland_potential_index_z",180,4050,"4 degree lon/lat; lon centers -178..178; lat centers -88..88","C:/Users/Google/Documents/HMSC-HIST/Phanerozoic_Environment_540_0Ma_5Myr_4deg_landharmonized_v2/08_rds_export/Phanerozoic_Environment_540_0Ma_5Myr_Level2_4deg_landharmonized_v2_compact_float32.rds","Land-standardised wetland potential from water balance, runoff, low slope, valley position, and coastal influence","z-score sum","Integrated land-harmonized Pohl, Li, and PALEOMAP derived layers","Derived from the land-harmonized 5 Myr Pohl, Li, and PaleoDEM layers; z-score indices are standardised across PALEOMAP land cells within each time slice and masked to land. Four-degree product: area-weighted mean of finite source 1 degree cells.","Level2 gridded","1 degree Level 2 land-harmonized V2 product","4 degree","area-weighted mean of finite source 1 degree cells"
"wetland_potential_index_z",175,4050,"4 degree lon/lat; lon centers -178..178; lat centers -88..88","C:/Users/Google/Documents/HMSC-HIST/Phanerozoic_Environment_540_0Ma_5Myr_4deg_landharmonized_v2/08_rds_export/Phanerozoic_Environment_540_0Ma_5Myr_Level2_4deg_landharmonized_v2_compact_float32.rds","Land-standardised wetland potential from water balance, runoff, low slope, valley position, and coastal influence","z-score sum","Integrated land-harmonized Pohl, Li, and PALEOMAP derived layers","Derived from the land-harmonized 5 Myr Pohl, Li, and PaleoDEM layers; z-score indices are standardised across PALEOMAP land cells within each time slice and masked to land. Four-degree product: area-weighted mean of finite source 1 degree cells.","Level2 gridded","1 degree Level 2 land-harmonized V2 product","4 degree","area-weighted mean of finite source 1 degree cells"
"wetland_potential_index_z",170,4050,"4 degree lon/lat; lon centers -178..178; lat centers -88..88","C:/Users/Google/Documents/HMSC-HIST/Phanerozoic_Environment_540_0Ma_5Myr_4deg_landharmonized_v2/08_rds_export/Phanerozoic_Environment_540_0Ma_5Myr_Level2_4deg_landharmonized_v2_compact_float32.rds","Land-standardised wetland potential from water balance, runoff, low slope, valley position, and coastal influence","z-score sum","Integrated land-harmonized Pohl, Li, and PALEOMAP derived layers","Derived from the land-harmonized 5 Myr Pohl, Li, and PaleoDEM layers; z-score indices are standardised across PALEOMAP land cells within each time slice and masked to land. Four-degree product: area-weighted mean of finite source 1 degree cells.","Level2 gridded","1 degree Level 2 land-harmonized V2 product","4 degree","area-weighted mean of finite source 1 degree cells"
"wetland_potential_index_z",165,4050,"4 degree lon/lat; lon centers -178..178; lat centers -88..88","C:/Users/Google/Documents/HMSC-HIST/Phanerozoic_Environment_540_0Ma_5Myr_4deg_landharmonized_v2/08_rds_export/Phanerozoic_Environment_540_0Ma_5Myr_Level2_4deg_landharmonized_v2_compact_float32.rds","Land-standardised wetland potential from water balance, runoff, low slope, valley position, and coastal influence","z-score sum","Integrated land-harmonized Pohl, Li, and PALEOMAP derived layers","Derived from the land-harmonized 5 Myr Pohl, Li, and PaleoDEM layers; z-score indices are standardised across PALEOMAP land cells within each time slice and masked to land. Four-degree product: area-weighted mean of finite source 1 degree cells.","Level2 gridded","1 degree Level 2 land-harmonized V2 product","4 degree","area-weighted mean of finite source 1 degree cells"
"wetland_potential_index_z",160,4050,"4 degree lon/lat; lon centers -178..178; lat centers -88..88","C:/Users/Google/Documents/HMSC-HIST/Phanerozoic_Environment_540_0Ma_5Myr_4deg_landharmonized_v2/08_rds_export/Phanerozoic_Environment_540_0Ma_5Myr_Level2_4deg_landharmonized_v2_compact_float32.rds","Land-standardised wetland potential from water balance, runoff, low slope, valley position, and coastal influence","z-score sum","Integrated land-harmonized Pohl, Li, and PALEOMAP derived layers","Derived from the land-harmonized 5 Myr Pohl, Li, and PaleoDEM layers; z-score indices are standardised across PALEOMAP land cells within each time slice and masked to land. Four-degree product: area-weighted mean of finite source 1 degree cells.","Level2 gridded","1 degree Level 2 land-harmonized V2 product","4 degree","area-weighted mean of finite source 1 degree cells"
"wetland_potential_index_z",155,4050,"4 degree lon/lat; lon centers -178..178; lat centers -88..88","C:/Users/Google/Documents/HMSC-HIST/Phanerozoic_Environment_540_0Ma_5Myr_4deg_landharmonized_v2/08_rds_export/Phanerozoic_Environment_540_0Ma_5Myr_Level2_4deg_landharmonized_v2_compact_float32.rds","Land-standardised wetland potential from water balance, runoff, low slope, valley position, and coastal influence","z-score sum","Integrated land-harmonized Pohl, Li, and PALEOMAP derived layers","Derived from the land-harmonized 5 Myr Pohl, Li, and PaleoDEM layers; z-score indices are standardised across PALEOMAP land cells within each time slice and masked to land. Four-degree product: area-weighted mean of finite source 1 degree cells.","Level2 gridded","1 degree Level 2 land-harmonized V2 product","4 degree","area-weighted mean of finite source 1 degree cells"
"wetland_potential_index_z",150,4050,"4 degree lon/lat; lon centers -178..178; lat centers -88..88","C:/Users/Google/Documents/HMSC-HIST/Phanerozoic_Environment_540_0Ma_5Myr_4deg_landharmonized_v2/08_rds_export/Phanerozoic_Environment_540_0Ma_5Myr_Level2_4deg_landharmonized_v2_compact_float32.rds","Land-standardised wetland potential from water balance, runoff, low slope, valley position, and coastal influence","z-score sum","Integrated land-harmonized Pohl, Li, and PALEOMAP derived layers","Derived from the land-harmonized 5 Myr Pohl, Li, and PaleoDEM layers; z-score indices are standardised across PALEOMAP land cells within each time slice and masked to land. Four-degree product: area-weighted mean of finite source 1 degree cells.","Level2 gridded","1 degree Level 2 land-harmonized V2 product","4 degree","area-weighted mean of finite source 1 degree cells"
"wetland_potential_index_z",145,4050,"4 degree lon/lat; lon centers -178..178; lat centers -88..88","C:/Users/Google/Documents/HMSC-HIST/Phanerozoic_Environment_540_0Ma_5Myr_4deg_landharmonized_v2/08_rds_export/Phanerozoic_Environment_540_0Ma_5Myr_Level2_4deg_landharmonized_v2_compact_float32.rds","Land-standardised wetland potential from water balance, runoff, low slope, valley position, and coastal influence","z-score sum","Integrated land-harmonized Pohl, Li, and PALEOMAP derived layers","Derived from the land-harmonized 5 Myr Pohl, Li, and PaleoDEM layers; z-score indices are standardised across PALEOMAP land cells within each time slice and masked to land. Four-degree product: area-weighted mean of finite source 1 degree cells.","Level2 gridded","1 degree Level 2 land-harmonized V2 product","4 degree","area-weighted mean of finite source 1 degree cells"
"wetland_potential_index_z",140,4050,"4 degree lon/lat; lon centers -178..178; lat centers -88..88","C:/Users/Google/Documents/HMSC-HIST/Phanerozoic_Environment_540_0Ma_5Myr_4deg_landharmonized_v2/08_rds_export/Phanerozoic_Environment_540_0Ma_5Myr_Level2_4deg_landharmonized_v2_compact_float32.rds","Land-standardised wetland potential from water balance, runoff, low slope, valley position, and coastal influence","z-score sum","Integrated land-harmonized Pohl, Li, and PALEOMAP derived layers","Derived from the land-harmonized 5 Myr Pohl, Li, and PaleoDEM layers; z-score indices are standardised across PALEOMAP land cells within each time slice and masked to land. Four-degree product: area-weighted mean of finite source 1 degree cells.","Level2 gridded","1 degree Level 2 land-harmonized V2 product","4 degree","area-weighted mean of finite source 1 degree cells"
"wetland_potential_index_z",135,4050,"4 degree lon/lat; lon centers -178..178; lat centers -88..88","C:/Users/Google/Documents/HMSC-HIST/Phanerozoic_Environment_540_0Ma_5Myr_4deg_landharmonized_v2/08_rds_export/Phanerozoic_Environment_540_0Ma_5Myr_Level2_4deg_landharmonized_v2_compact_float32.rds","Land-standardised wetland potential from water balance, runoff, low slope, valley position, and coastal influence","z-score sum","Integrated land-harmonized Pohl, Li, and PALEOMAP derived layers","Derived from the land-harmonized 5 Myr Pohl, Li, and PaleoDEM layers; z-score indices are standardised across PALEOMAP land cells within each time slice and masked to land. Four-degree product: area-weighted mean of finite source 1 degree cells.","Level2 gridded","1 degree Level 2 land-harmonized V2 product","4 degree","area-weighted mean of finite source 1 degree cells"
"wetland_potential_index_z",130,4050,"4 degree lon/lat; lon centers -178..178; lat centers -88..88","C:/Users/Google/Documents/HMSC-HIST/Phanerozoic_Environment_540_0Ma_5Myr_4deg_landharmonized_v2/08_rds_export/Phanerozoic_Environment_540_0Ma_5Myr_Level2_4deg_landharmonized_v2_compact_float32.rds","Land-standardised wetland potential from water balance, runoff, low slope, valley position, and coastal influence","z-score sum","Integrated land-harmonized Pohl, Li, and PALEOMAP derived layers","Derived from the land-harmonized 5 Myr Pohl, Li, and PaleoDEM layers; z-score indices are standardised across PALEOMAP land cells within each time slice and masked to land. Four-degree product: area-weighted mean of finite source 1 degree cells.","Level2 gridded","1 degree Level 2 land-harmonized V2 product","4 degree","area-weighted mean of finite source 1 degree cells"
"wetland_potential_index_z",125,4050,"4 degree lon/lat; lon centers -178..178; lat centers -88..88","C:/Users/Google/Documents/HMSC-HIST/Phanerozoic_Environment_540_0Ma_5Myr_4deg_landharmonized_v2/08_rds_export/Phanerozoic_Environment_540_0Ma_5Myr_Level2_4deg_landharmonized_v2_compact_float32.rds","Land-standardised wetland potential from water balance, runoff, low slope, valley position, and coastal influence","z-score sum","Integrated land-harmonized Pohl, Li, and PALEOMAP derived layers","Derived from the land-harmonized 5 Myr Pohl, Li, and PaleoDEM layers; z-score indices are standardised across PALEOMAP land cells within each time slice and masked to land. Four-degree product: area-weighted mean of finite source 1 degree cells.","Level2 gridded","1 degree Level 2 land-harmonized V2 product","4 degree","area-weighted mean of finite source 1 degree cells"
"wetland_potential_index_z",120,4050,"4 degree lon/lat; lon centers -178..178; lat centers -88..88","C:/Users/Google/Documents/HMSC-HIST/Phanerozoic_Environment_540_0Ma_5Myr_4deg_landharmonized_v2/08_rds_export/Phanerozoic_Environment_540_0Ma_5Myr_Level2_4deg_landharmonized_v2_compact_float32.rds","Land-standardised wetland potential from water balance, runoff, low slope, valley position, and coastal influence","z-score sum","Integrated land-harmonized Pohl, Li, and PALEOMAP derived layers","Derived from the land-harmonized 5 Myr Pohl, Li, and PaleoDEM layers; z-score indices are standardised across PALEOMAP land cells within each time slice and masked to land. Four-degree product: area-weighted mean of finite source 1 degree cells.","Level2 gridded","1 degree Level 2 land-harmonized V2 product","4 degree","area-weighted mean of finite source 1 degree cells"
"wetland_potential_index_z",115,4050,"4 degree lon/lat; lon centers -178..178; lat centers -88..88","C:/Users/Google/Documents/HMSC-HIST/Phanerozoic_Environment_540_0Ma_5Myr_4deg_landharmonized_v2/08_rds_export/Phanerozoic_Environment_540_0Ma_5Myr_Level2_4deg_landharmonized_v2_compact_float32.rds","Land-standardised wetland potential from water balance, runoff, low slope, valley position, and coastal influence","z-score sum","Integrated land-harmonized Pohl, Li, and PALEOMAP derived layers","Derived from the land-harmonized 5 Myr Pohl, Li, and PaleoDEM layers; z-score indices are standardised across PALEOMAP land cells within each time slice and masked to land. Four-degree product: area-weighted mean of finite source 1 degree cells.","Level2 gridded","1 degree Level 2 land-harmonized V2 product","4 degree","area-weighted mean of finite source 1 degree cells"
"wetland_potential_index_z",110,4050,"4 degree lon/lat; lon centers -178..178; lat centers -88..88","C:/Users/Google/Documents/HMSC-HIST/Phanerozoic_Environment_540_0Ma_5Myr_4deg_landharmonized_v2/08_rds_export/Phanerozoic_Environment_540_0Ma_5Myr_Level2_4deg_landharmonized_v2_compact_float32.rds","Land-standardised wetland potential from water balance, runoff, low slope, valley position, and coastal influence","z-score sum","Integrated land-harmonized Pohl, Li, and PALEOMAP derived layers","Derived from the land-harmonized 5 Myr Pohl, Li, and PaleoDEM layers; z-score indices are standardised across PALEOMAP land cells within each time slice and masked to land. Four-degree product: area-weighted mean of finite source 1 degree cells.","Level2 gridded","1 degree Level 2 land-harmonized V2 product","4 degree","area-weighted mean of finite source 1 degree cells"
"wetland_potential_index_z",105,4050,"4 degree lon/lat; lon centers -178..178; lat centers -88..88","C:/Users/Google/Documents/HMSC-HIST/Phanerozoic_Environment_540_0Ma_5Myr_4deg_landharmonized_v2/08_rds_export/Phanerozoic_Environment_540_0Ma_5Myr_Level2_4deg_landharmonized_v2_compact_float32.rds","Land-standardised wetland potential from water balance, runoff, low slope, valley position, and coastal influence","z-score sum","Integrated land-harmonized Pohl, Li, and PALEOMAP derived layers","Derived from the land-harmonized 5 Myr Pohl, Li, and PaleoDEM layers; z-score indices are standardised across PALEOMAP land cells within each time slice and masked to land. Four-degree product: area-weighted mean of finite source 1 degree cells.","Level2 gridded","1 degree Level 2 land-harmonized V2 product","4 degree","area-weighted mean of finite source 1 degree cells"
"wetland_potential_index_z",100,4050,"4 degree lon/lat; lon centers -178..178; lat centers -88..88","C:/Users/Google/Documents/HMSC-HIST/Phanerozoic_Environment_540_0Ma_5Myr_4deg_landharmonized_v2/08_rds_export/Phanerozoic_Environment_540_0Ma_5Myr_Level2_4deg_landharmonized_v2_compact_float32.rds","Land-standardised wetland potential from water balance, runoff, low slope, valley position, and coastal influence","z-score sum","Integrated land-harmonized Pohl, Li, and PALEOMAP derived layers","Derived from the land-harmonized 5 Myr Pohl, Li, and PaleoDEM layers; z-score indices are standardised across PALEOMAP land cells within each time slice and masked to land. Four-degree product: area-weighted mean of finite source 1 degree cells.","Level2 gridded","1 degree Level 2 land-harmonized V2 product","4 degree","area-weighted mean of finite source 1 degree cells"
"wetland_potential_index_z",95,4050,"4 degree lon/lat; lon centers -178..178; lat centers -88..88","C:/Users/Google/Documents/HMSC-HIST/Phanerozoic_Environment_540_0Ma_5Myr_4deg_landharmonized_v2/08_rds_export/Phanerozoic_Environment_540_0Ma_5Myr_Level2_4deg_landharmonized_v2_compact_float32.rds","Land-standardised wetland potential from water balance, runoff, low slope, valley position, and coastal influence","z-score sum","Integrated land-harmonized Pohl, Li, and PALEOMAP derived layers","Derived from the land-harmonized 5 Myr Pohl, Li, and PaleoDEM layers; z-score indices are standardised across PALEOMAP land cells within each time slice and masked to land. Four-degree product: area-weighted mean of finite source 1 degree cells.","Level2 gridded","1 degree Level 2 land-harmonized V2 product","4 degree","area-weighted mean of finite source 1 degree cells"
"wetland_potential_index_z",90,4050,"4 degree lon/lat; lon centers -178..178; lat centers -88..88","C:/Users/Google/Documents/HMSC-HIST/Phanerozoic_Environment_540_0Ma_5Myr_4deg_landharmonized_v2/08_rds_export/Phanerozoic_Environment_540_0Ma_5Myr_Level2_4deg_landharmonized_v2_compact_float32.rds","Land-standardised wetland potential from water balance, runoff, low slope, valley position, and coastal influence","z-score sum","Integrated land-harmonized Pohl, Li, and PALEOMAP derived layers","Derived from the land-harmonized 5 Myr Pohl, Li, and PaleoDEM layers; z-score indices are standardised across PALEOMAP land cells within each time slice and masked to land. Four-degree product: area-weighted mean of finite source 1 degree cells.","Level2 gridded","1 degree Level 2 land-harmonized V2 product","4 degree","area-weighted mean of finite source 1 degree cells"
"wetland_potential_index_z",85,4050,"4 degree lon/lat; lon centers -178..178; lat centers -88..88","C:/Users/Google/Documents/HMSC-HIST/Phanerozoic_Environment_540_0Ma_5Myr_4deg_landharmonized_v2/08_rds_export/Phanerozoic_Environment_540_0Ma_5Myr_Level2_4deg_landharmonized_v2_compact_float32.rds","Land-standardised wetland potential from water balance, runoff, low slope, valley position, and coastal influence","z-score sum","Integrated land-harmonized Pohl, Li, and PALEOMAP derived layers","Derived from the land-harmonized 5 Myr Pohl, Li, and PaleoDEM layers; z-score indices are standardised across PALEOMAP land cells within each time slice and masked to land. Four-degree product: area-weighted mean of finite source 1 degree cells.","Level2 gridded","1 degree Level 2 land-harmonized V2 product","4 degree","area-weighted mean of finite source 1 degree cells"
"wetland_potential_index_z",80,4050,"4 degree lon/lat; lon centers -178..178; lat centers -88..88","C:/Users/Google/Documents/HMSC-HIST/Phanerozoic_Environment_540_0Ma_5Myr_4deg_landharmonized_v2/08_rds_export/Phanerozoic_Environment_540_0Ma_5Myr_Level2_4deg_landharmonized_v2_compact_float32.rds","Land-standardised wetland potential from water balance, runoff, low slope, valley position, and coastal influence","z-score sum","Integrated land-harmonized Pohl, Li, and PALEOMAP derived layers","Derived from the land-harmonized 5 Myr Pohl, Li, and PaleoDEM layers; z-score indices are standardised across PALEOMAP land cells within each time slice and masked to land. Four-degree product: area-weighted mean of finite source 1 degree cells.","Level2 gridded","1 degree Level 2 land-harmonized V2 product","4 degree","area-weighted mean of finite source 1 degree cells"
"wetland_potential_index_z",75,4050,"4 degree lon/lat; lon centers -178..178; lat centers -88..88","C:/Users/Google/Documents/HMSC-HIST/Phanerozoic_Environment_540_0Ma_5Myr_4deg_landharmonized_v2/08_rds_export/Phanerozoic_Environment_540_0Ma_5Myr_Level2_4deg_landharmonized_v2_compact_float32.rds","Land-standardised wetland potential from water balance, runoff, low slope, valley position, and coastal influence","z-score sum","Integrated land-harmonized Pohl, Li, and PALEOMAP derived layers","Derived from the land-harmonized 5 Myr Pohl, Li, and PaleoDEM layers; z-score indices are standardised across PALEOMAP land cells within each time slice and masked to land. Four-degree product: area-weighted mean of finite source 1 degree cells.","Level2 gridded","1 degree Level 2 land-harmonized V2 product","4 degree","area-weighted mean of finite source 1 degree cells"
"wetland_potential_index_z",70,4050,"4 degree lon/lat; lon centers -178..178; lat centers -88..88","C:/Users/Google/Documents/HMSC-HIST/Phanerozoic_Environment_540_0Ma_5Myr_4deg_landharmonized_v2/08_rds_export/Phanerozoic_Environment_540_0Ma_5Myr_Level2_4deg_landharmonized_v2_compact_float32.rds","Land-standardised wetland potential from water balance, runoff, low slope, valley position, and coastal influence","z-score sum","Integrated land-harmonized Pohl, Li, and PALEOMAP derived layers","Derived from the land-harmonized 5 Myr Pohl, Li, and PaleoDEM layers; z-score indices are standardised across PALEOMAP land cells within each time slice and masked to land. Four-degree product: area-weighted mean of finite source 1 degree cells.","Level2 gridded","1 degree Level 2 land-harmonized V2 product","4 degree","area-weighted mean of finite source 1 degree cells"
"wetland_potential_index_z",65,4050,"4 degree lon/lat; lon centers -178..178; lat centers -88..88","C:/Users/Google/Documents/HMSC-HIST/Phanerozoic_Environment_540_0Ma_5Myr_4deg_landharmonized_v2/08_rds_export/Phanerozoic_Environment_540_0Ma_5Myr_Level2_4deg_landharmonized_v2_compact_float32.rds","Land-standardised wetland potential from water balance, runoff, low slope, valley position, and coastal influence","z-score sum","Integrated land-harmonized Pohl, Li, and PALEOMAP derived layers","Derived from the land-harmonized 5 Myr Pohl, Li, and PaleoDEM layers; z-score indices are standardised across PALEOMAP land cells within each time slice and masked to land. Four-degree product: area-weighted mean of finite source 1 degree cells.","Level2 gridded","1 degree Level 2 land-harmonized V2 product","4 degree","area-weighted mean of finite source 1 degree cells"
"wetland_potential_index_z",60,4050,"4 degree lon/lat; lon centers -178..178; lat centers -88..88","C:/Users/Google/Documents/HMSC-HIST/Phanerozoic_Environment_540_0Ma_5Myr_4deg_landharmonized_v2/08_rds_export/Phanerozoic_Environment_540_0Ma_5Myr_Level2_4deg_landharmonized_v2_compact_float32.rds","Land-standardised wetland potential from water balance, runoff, low slope, valley position, and coastal influence","z-score sum","Integrated land-harmonized Pohl, Li, and PALEOMAP derived layers","Derived from the land-harmonized 5 Myr Pohl, Li, and PaleoDEM layers; z-score indices are standardised across PALEOMAP land cells within each time slice and masked to land. Four-degree product: area-weighted mean of finite source 1 degree cells.","Level2 gridded","1 degree Level 2 land-harmonized V2 product","4 degree","area-weighted mean of finite source 1 degree cells"
"wetland_potential_index_z",55,4050,"4 degree lon/lat; lon centers -178..178; lat centers -88..88","C:/Users/Google/Documents/HMSC-HIST/Phanerozoic_Environment_540_0Ma_5Myr_4deg_landharmonized_v2/08_rds_export/Phanerozoic_Environment_540_0Ma_5Myr_Level2_4deg_landharmonized_v2_compact_float32.rds","Land-standardised wetland potential from water balance, runoff, low slope, valley position, and coastal influence","z-score sum","Integrated land-harmonized Pohl, Li, and PALEOMAP derived layers","Derived from the land-harmonized 5 Myr Pohl, Li, and PaleoDEM layers; z-score indices are standardised across PALEOMAP land cells within each time slice and masked to land. Four-degree product: area-weighted mean of finite source 1 degree cells.","Level2 gridded","1 degree Level 2 land-harmonized V2 product","4 degree","area-weighted mean of finite source 1 degree cells"
"wetland_potential_index_z",50,4050,"4 degree lon/lat; lon centers -178..178; lat centers -88..88","C:/Users/Google/Documents/HMSC-HIST/Phanerozoic_Environment_540_0Ma_5Myr_4deg_landharmonized_v2/08_rds_export/Phanerozoic_Environment_540_0Ma_5Myr_Level2_4deg_landharmonized_v2_compact_float32.rds","Land-standardised wetland potential from water balance, runoff, low slope, valley position, and coastal influence","z-score sum","Integrated land-harmonized Pohl, Li, and PALEOMAP derived layers","Derived from the land-harmonized 5 Myr Pohl, Li, and PaleoDEM layers; z-score indices are standardised across PALEOMAP land cells within each time slice and masked to land. Four-degree product: area-weighted mean of finite source 1 degree cells.","Level2 gridded","1 degree Level 2 land-harmonized V2 product","4 degree","area-weighted mean of finite source 1 degree cells"
"wetland_potential_index_z",45,4050,"4 degree lon/lat; lon centers -178..178; lat centers -88..88","C:/Users/Google/Documents/HMSC-HIST/Phanerozoic_Environment_540_0Ma_5Myr_4deg_landharmonized_v2/08_rds_export/Phanerozoic_Environment_540_0Ma_5Myr_Level2_4deg_landharmonized_v2_compact_float32.rds","Land-standardised wetland potential from water balance, runoff, low slope, valley position, and coastal influence","z-score sum","Integrated land-harmonized Pohl, Li, and PALEOMAP derived layers","Derived from the land-harmonized 5 Myr Pohl, Li, and PaleoDEM layers; z-score indices are standardised across PALEOMAP land cells within each time slice and masked to land. Four-degree product: area-weighted mean of finite source 1 degree cells.","Level2 gridded","1 degree Level 2 land-harmonized V2 product","4 degree","area-weighted mean of finite source 1 degree cells"
"wetland_potential_index_z",40,4050,"4 degree lon/lat; lon centers -178..178; lat centers -88..88","C:/Users/Google/Documents/HMSC-HIST/Phanerozoic_Environment_540_0Ma_5Myr_4deg_landharmonized_v2/08_rds_export/Phanerozoic_Environment_540_0Ma_5Myr_Level2_4deg_landharmonized_v2_compact_float32.rds","Land-standardised wetland potential from water balance, runoff, low slope, valley position, and coastal influence","z-score sum","Integrated land-harmonized Pohl, Li, and PALEOMAP derived layers","Derived from the land-harmonized 5 Myr Pohl, Li, and PaleoDEM layers; z-score indices are standardised across PALEOMAP land cells within each time slice and masked to land. Four-degree product: area-weighted mean of finite source 1 degree cells.","Level2 gridded","1 degree Level 2 land-harmonized V2 product","4 degree","area-weighted mean of finite source 1 degree cells"
"wetland_potential_index_z",35,4050,"4 degree lon/lat; lon centers -178..178; lat centers -88..88","C:/Users/Google/Documents/HMSC-HIST/Phanerozoic_Environment_540_0Ma_5Myr_4deg_landharmonized_v2/08_rds_export/Phanerozoic_Environment_540_0Ma_5Myr_Level2_4deg_landharmonized_v2_compact_float32.rds","Land-standardised wetland potential from water balance, runoff, low slope, valley position, and coastal influence","z-score sum","Integrated land-harmonized Pohl, Li, and PALEOMAP derived layers","Derived from the land-harmonized 5 Myr Pohl, Li, and PaleoDEM layers; z-score indices are standardised across PALEOMAP land cells within each time slice and masked to land. Four-degree product: area-weighted mean of finite source 1 degree cells.","Level2 gridded","1 degree Level 2 land-harmonized V2 product","4 degree","area-weighted mean of finite source 1 degree cells"
"wetland_potential_index_z",30,4050,"4 degree lon/lat; lon centers -178..178; lat centers -88..88","C:/Users/Google/Documents/HMSC-HIST/Phanerozoic_Environment_540_0Ma_5Myr_4deg_landharmonized_v2/08_rds_export/Phanerozoic_Environment_540_0Ma_5Myr_Level2_4deg_landharmonized_v2_compact_float32.rds","Land-standardised wetland potential from water balance, runoff, low slope, valley position, and coastal influence","z-score sum","Integrated land-harmonized Pohl, Li, and PALEOMAP derived layers","Derived from the land-harmonized 5 Myr Pohl, Li, and PaleoDEM layers; z-score indices are standardised across PALEOMAP land cells within each time slice and masked to land. Four-degree product: area-weighted mean of finite source 1 degree cells.","Level2 gridded","1 degree Level 2 land-harmonized V2 product","4 degree","area-weighted mean of finite source 1 degree cells"
"wetland_potential_index_z",25,4050,"4 degree lon/lat; lon centers -178..178; lat centers -88..88","C:/Users/Google/Documents/HMSC-HIST/Phanerozoic_Environment_540_0Ma_5Myr_4deg_landharmonized_v2/08_rds_export/Phanerozoic_Environment_540_0Ma_5Myr_Level2_4deg_landharmonized_v2_compact_float32.rds","Land-standardised wetland potential from water balance, runoff, low slope, valley position, and coastal influence","z-score sum","Integrated land-harmonized Pohl, Li, and PALEOMAP derived layers","Derived from the land-harmonized 5 Myr Pohl, Li, and PaleoDEM layers; z-score indices are standardised across PALEOMAP land cells within each time slice and masked to land. Four-degree product: area-weighted mean of finite source 1 degree cells.","Level2 gridded","1 degree Level 2 land-harmonized V2 product","4 degree","area-weighted mean of finite source 1 degree cells"
"wetland_potential_index_z",20,4050,"4 degree lon/lat; lon centers -178..178; lat centers -88..88","C:/Users/Google/Documents/HMSC-HIST/Phanerozoic_Environment_540_0Ma_5Myr_4deg_landharmonized_v2/08_rds_export/Phanerozoic_Environment_540_0Ma_5Myr_Level2_4deg_landharmonized_v2_compact_float32.rds","Land-standardised wetland potential from water balance, runoff, low slope, valley position, and coastal influence","z-score sum","Integrated land-harmonized Pohl, Li, and PALEOMAP derived layers","Derived from the land-harmonized 5 Myr Pohl, Li, and PaleoDEM layers; z-score indices are standardised across PALEOMAP land cells within each time slice and masked to land. Four-degree product: area-weighted mean of finite source 1 degree cells.","Level2 gridded","1 degree Level 2 land-harmonized V2 product","4 degree","area-weighted mean of finite source 1 degree cells"
"wetland_potential_index_z",15,4050,"4 degree lon/lat; lon centers -178..178; lat centers -88..88","C:/Users/Google/Documents/HMSC-HIST/Phanerozoic_Environment_540_0Ma_5Myr_4deg_landharmonized_v2/08_rds_export/Phanerozoic_Environment_540_0Ma_5Myr_Level2_4deg_landharmonized_v2_compact_float32.rds","Land-standardised wetland potential from water balance, runoff, low slope, valley position, and coastal influence","z-score sum","Integrated land-harmonized Pohl, Li, and PALEOMAP derived layers","Derived from the land-harmonized 5 Myr Pohl, Li, and PaleoDEM layers; z-score indices are standardised across PALEOMAP land cells within each time slice and masked to land. Four-degree product: area-weighted mean of finite source 1 degree cells.","Level2 gridded","1 degree Level 2 land-harmonized V2 product","4 degree","area-weighted mean of finite source 1 degree cells"
"wetland_potential_index_z",10,4050,"4 degree lon/lat; lon centers -178..178; lat centers -88..88","C:/Users/Google/Documents/HMSC-HIST/Phanerozoic_Environment_540_0Ma_5Myr_4deg_landharmonized_v2/08_rds_export/Phanerozoic_Environment_540_0Ma_5Myr_Level2_4deg_landharmonized_v2_compact_float32.rds","Land-standardised wetland potential from water balance, runoff, low slope, valley position, and coastal influence","z-score sum","Integrated land-harmonized Pohl, Li, and PALEOMAP derived layers","Derived from the land-harmonized 5 Myr Pohl, Li, and PaleoDEM layers; z-score indices are standardised across PALEOMAP land cells within each time slice and masked to land. Four-degree product: area-weighted mean of finite source 1 degree cells.","Level2 gridded","1 degree Level 2 land-harmonized V2 product","4 degree","area-weighted mean of finite source 1 degree cells"
"wetland_potential_index_z",5,4050,"4 degree lon/lat; lon centers -178..178; lat centers -88..88","C:/Users/Google/Documents/HMSC-HIST/Phanerozoic_Environment_540_0Ma_5Myr_4deg_landharmonized_v2/08_rds_export/Phanerozoic_Environment_540_0Ma_5Myr_Level2_4deg_landharmonized_v2_compact_float32.rds","Land-standardised wetland potential from water balance, runoff, low slope, valley position, and coastal influence","z-score sum","Integrated land-harmonized Pohl, Li, and PALEOMAP derived layers","Derived from the land-harmonized 5 Myr Pohl, Li, and PaleoDEM layers; z-score indices are standardised across PALEOMAP land cells within each time slice and masked to land. Four-degree product: area-weighted mean of finite source 1 degree cells.","Level2 gridded","1 degree Level 2 land-harmonized V2 product","4 degree","area-weighted mean of finite source 1 degree cells"
"wetland_potential_index_z",0,4050,"4 degree lon/lat; lon centers -178..178; lat centers -88..88","C:/Users/Google/Documents/HMSC-HIST/Phanerozoic_Environment_540_0Ma_5Myr_4deg_landharmonized_v2/08_rds_export/Phanerozoic_Environment_540_0Ma_5Myr_Level2_4deg_landharmonized_v2_compact_float32.rds","Land-standardised wetland potential from water balance, runoff, low slope, valley position, and coastal influence","z-score sum","Integrated land-harmonized Pohl, Li, and PALEOMAP derived layers","Derived from the land-harmonized 5 Myr Pohl, Li, and PaleoDEM layers; z-score indices are standardised across PALEOMAP land cells within each time slice and masked to land. Four-degree product: area-weighted mean of finite source 1 degree cells.","Level2 gridded","1 degree Level 2 land-harmonized V2 product","4 degree","area-weighted mean of finite source 1 degree cells"
"aridity_index_P_over_E",540,4050,"4 degree lon/lat; lon centers -178..178; lat centers -88..88","C:/Users/Google/Documents/HMSC-HIST/Phanerozoic_Environment_540_0Ma_5Myr_4deg_landharmonized_v2/08_rds_export/Phanerozoic_Environment_540_0Ma_5Myr_Level2_4deg_landharmonized_v2_compact_float32.rds","Precipitation divided by evaporation","unitless","Pohl et al. 2022, land-harmonized to PALEOMAP PaleoDEM","Pohl monthly-derived climate variables from the original Level 2 workflow, land-harmonized to the PALEOMAP PaleoDEM land mask. Missing Pohl values on PALEOMAP land were filled from the nearest finite PALEOMAP-land Pohl cell using spherical-coordinate nearest-neighbour search; for continuous variables only, the filled cells were then smoothed with a 3 by 3 local mean while original finite cells were left unchanged. Ocean cells were masked to NA for terrestrial ecology use. Fill counts are recorded in land_harmonization_gapfill_audit.csv. Four-degree product: area-weighted mean of finite source 1 degree cells.","Level2 gridded","1 degree Level 2 land-harmonized V2 product","4 degree","area-weighted mean of finite source 1 degree cells"
"aridity_index_P_over_E",535,4050,"4 degree lon/lat; lon centers -178..178; lat centers -88..88","C:/Users/Google/Documents/HMSC-HIST/Phanerozoic_Environment_540_0Ma_5Myr_4deg_landharmonized_v2/08_rds_export/Phanerozoic_Environment_540_0Ma_5Myr_Level2_4deg_landharmonized_v2_compact_float32.rds","Precipitation divided by evaporation","unitless","Pohl et al. 2022, land-harmonized to PALEOMAP PaleoDEM","Pohl monthly-derived climate variables from the original Level 2 workflow, land-harmonized to the PALEOMAP PaleoDEM land mask. Missing Pohl values on PALEOMAP land were filled from the nearest finite PALEOMAP-land Pohl cell using spherical-coordinate nearest-neighbour search; for continuous variables only, the filled cells were then smoothed with a 3 by 3 local mean while original finite cells were left unchanged. Ocean cells were masked to NA for terrestrial ecology use. Fill counts are recorded in land_harmonization_gapfill_audit.csv. Four-degree product: area-weighted mean of finite source 1 degree cells.","Level2 gridded","1 degree Level 2 land-harmonized V2 product","4 degree","area-weighted mean of finite source 1 degree cells"
"aridity_index_P_over_E",530,4050,"4 degree lon/lat; lon centers -178..178; lat centers -88..88","C:/Users/Google/Documents/HMSC-HIST/Phanerozoic_Environment_540_0Ma_5Myr_4deg_landharmonized_v2/08_rds_export/Phanerozoic_Environment_540_0Ma_5Myr_Level2_4deg_landharmonized_v2_compact_float32.rds","Precipitation divided by evaporation","unitless","Pohl et al. 2022, land-harmonized to PALEOMAP PaleoDEM","Pohl monthly-derived climate variables from the original Level 2 workflow, land-harmonized to the PALEOMAP PaleoDEM land mask. Missing Pohl values on PALEOMAP land were filled from the nearest finite PALEOMAP-land Pohl cell using spherical-coordinate nearest-neighbour search; for continuous variables only, the filled cells were then smoothed with a 3 by 3 local mean while original finite cells were left unchanged. Ocean cells were masked to NA for terrestrial ecology use. Fill counts are recorded in land_harmonization_gapfill_audit.csv. Four-degree product: area-weighted mean of finite source 1 degree cells.","Level2 gridded","1 degree Level 2 land-harmonized V2 product","4 degree","area-weighted mean of finite source 1 degree cells"
"aridity_index_P_over_E",525,4050,"4 degree lon/lat; lon centers -178..178; lat centers -88..88","C:/Users/Google/Documents/HMSC-HIST/Phanerozoic_Environment_540_0Ma_5Myr_4deg_landharmonized_v2/08_rds_export/Phanerozoic_Environment_540_0Ma_5Myr_Level2_4deg_landharmonized_v2_compact_float32.rds","Precipitation divided by evaporation","unitless","Pohl et al. 2022, land-harmonized to PALEOMAP PaleoDEM","Pohl monthly-derived climate variables from the original Level 2 workflow, land-harmonized to the PALEOMAP PaleoDEM land mask. Missing Pohl values on PALEOMAP land were filled from the nearest finite PALEOMAP-land Pohl cell using spherical-coordinate nearest-neighbour search; for continuous variables only, the filled cells were then smoothed with a 3 by 3 local mean while original finite cells were left unchanged. Ocean cells were masked to NA for terrestrial ecology use. Fill counts are recorded in land_harmonization_gapfill_audit.csv. Four-degree product: area-weighted mean of finite source 1 degree cells.","Level2 gridded","1 degree Level 2 land-harmonized V2 product","4 degree","area-weighted mean of finite source 1 degree cells"
"aridity_index_P_over_E",520,4050,"4 degree lon/lat; lon centers -178..178; lat centers -88..88","C:/Users/Google/Documents/HMSC-HIST/Phanerozoic_Environment_540_0Ma_5Myr_4deg_landharmonized_v2/08_rds_export/Phanerozoic_Environment_540_0Ma_5Myr_Level2_4deg_landharmonized_v2_compact_float32.rds","Precipitation divided by evaporation","unitless","Pohl et al. 2022, land-harmonized to PALEOMAP PaleoDEM","Pohl monthly-derived climate variables from the original Level 2 workflow, land-harmonized to the PALEOMAP PaleoDEM land mask. Missing Pohl values on PALEOMAP land were filled from the nearest finite PALEOMAP-land Pohl cell using spherical-coordinate nearest-neighbour search; for continuous variables only, the filled cells were then smoothed with a 3 by 3 local mean while original finite cells were left unchanged. Ocean cells were masked to NA for terrestrial ecology use. Fill counts are recorded in land_harmonization_gapfill_audit.csv. Four-degree product: area-weighted mean of finite source 1 degree cells.","Level2 gridded","1 degree Level 2 land-harmonized V2 product","4 degree","area-weighted mean of finite source 1 degree cells"
"aridity_index_P_over_E",515,4050,"4 degree lon/lat; lon centers -178..178; lat centers -88..88","C:/Users/Google/Documents/HMSC-HIST/Phanerozoic_Environment_540_0Ma_5Myr_4deg_landharmonized_v2/08_rds_export/Phanerozoic_Environment_540_0Ma_5Myr_Level2_4deg_landharmonized_v2_compact_float32.rds","Precipitation divided by evaporation","unitless","Pohl et al. 2022, land-harmonized to PALEOMAP PaleoDEM","Pohl monthly-derived climate variables from the original Level 2 workflow, land-harmonized to the PALEOMAP PaleoDEM land mask. Missing Pohl values on PALEOMAP land were filled from the nearest finite PALEOMAP-land Pohl cell using spherical-coordinate nearest-neighbour search; for continuous variables only, the filled cells were then smoothed with a 3 by 3 local mean while original finite cells were left unchanged. Ocean cells were masked to NA for terrestrial ecology use. Fill counts are recorded in land_harmonization_gapfill_audit.csv. Four-degree product: area-weighted mean of finite source 1 degree cells.","Level2 gridded","1 degree Level 2 land-harmonized V2 product","4 degree","area-weighted mean of finite source 1 degree cells"
"aridity_index_P_over_E",510,4050,"4 degree lon/lat; lon centers -178..178; lat centers -88..88","C:/Users/Google/Documents/HMSC-HIST/Phanerozoic_Environment_540_0Ma_5Myr_4deg_landharmonized_v2/08_rds_export/Phanerozoic_Environment_540_0Ma_5Myr_Level2_4deg_landharmonized_v2_compact_float32.rds","Precipitation divided by evaporation","unitless","Pohl et al. 2022, land-harmonized to PALEOMAP PaleoDEM","Pohl monthly-derived climate variables from the original Level 2 workflow, land-harmonized to the PALEOMAP PaleoDEM land mask. Missing Pohl values on PALEOMAP land were filled from the nearest finite PALEOMAP-land Pohl cell using spherical-coordinate nearest-neighbour search; for continuous variables only, the filled cells were then smoothed with a 3 by 3 local mean while original finite cells were left unchanged. Ocean cells were masked to NA for terrestrial ecology use. Fill counts are recorded in land_harmonization_gapfill_audit.csv. Four-degree product: area-weighted mean of finite source 1 degree cells.","Level2 gridded","1 degree Level 2 land-harmonized V2 product","4 degree","area-weighted mean of finite source 1 degree cells"
"aridity_index_P_over_E",505,4050,"4 degree lon/lat; lon centers -178..178; lat centers -88..88","C:/Users/Google/Documents/HMSC-HIST/Phanerozoic_Environment_540_0Ma_5Myr_4deg_landharmonized_v2/08_rds_export/Phanerozoic_Environment_540_0Ma_5Myr_Level2_4deg_landharmonized_v2_compact_float32.rds","Precipitation divided by evaporation","unitless","Pohl et al. 2022, land-harmonized to PALEOMAP PaleoDEM","Pohl monthly-derived climate variables from the original Level 2 workflow, land-harmonized to the PALEOMAP PaleoDEM land mask. Missing Pohl values on PALEOMAP land were filled from the nearest finite PALEOMAP-land Pohl cell using spherical-coordinate nearest-neighbour search; for continuous variables only, the filled cells were then smoothed with a 3 by 3 local mean while original finite cells were left unchanged. Ocean cells were masked to NA for terrestrial ecology use. Fill counts are recorded in land_harmonization_gapfill_audit.csv. Four-degree product: area-weighted mean of finite source 1 degree cells.","Level2 gridded","1 degree Level 2 land-harmonized V2 product","4 degree","area-weighted mean of finite source 1 degree cells"
"aridity_index_P_over_E",500,4050,"4 degree lon/lat; lon centers -178..178; lat centers -88..88","C:/Users/Google/Documents/HMSC-HIST/Phanerozoic_Environment_540_0Ma_5Myr_4deg_landharmonized_v2/08_rds_export/Phanerozoic_Environment_540_0Ma_5Myr_Level2_4deg_landharmonized_v2_compact_float32.rds","Precipitation divided by evaporation","unitless","Pohl et al. 2022, land-harmonized to PALEOMAP PaleoDEM","Pohl monthly-derived climate variables from the original Level 2 workflow, land-harmonized to the PALEOMAP PaleoDEM land mask. Missing Pohl values on PALEOMAP land were filled from the nearest finite PALEOMAP-land Pohl cell using spherical-coordinate nearest-neighbour search; for continuous variables only, the filled cells were then smoothed with a 3 by 3 local mean while original finite cells were left unchanged. Ocean cells were masked to NA for terrestrial ecology use. Fill counts are recorded in land_harmonization_gapfill_audit.csv. Four-degree product: area-weighted mean of finite source 1 degree cells.","Level2 gridded","1 degree Level 2 land-harmonized V2 product","4 degree","area-weighted mean of finite source 1 degree cells"
"aridity_index_P_over_E",495,4050,"4 degree lon/lat; lon centers -178..178; lat centers -88..88","C:/Users/Google/Documents/HMSC-HIST/Phanerozoic_Environment_540_0Ma_5Myr_4deg_landharmonized_v2/08_rds_export/Phanerozoic_Environment_540_0Ma_5Myr_Level2_4deg_landharmonized_v2_compact_float32.rds","Precipitation divided by evaporation","unitless","Pohl et al. 2022, land-harmonized to PALEOMAP PaleoDEM","Pohl monthly-derived climate variables from the original Level 2 workflow, land-harmonized to the PALEOMAP PaleoDEM land mask. Missing Pohl values on PALEOMAP land were filled from the nearest finite PALEOMAP-land Pohl cell using spherical-coordinate nearest-neighbour search; for continuous variables only, the filled cells were then smoothed with a 3 by 3 local mean while original finite cells were left unchanged. Ocean cells were masked to NA for terrestrial ecology use. Fill counts are recorded in land_harmonization_gapfill_audit.csv. Four-degree product: area-weighted mean of finite source 1 degree cells.","Level2 gridded","1 degree Level 2 land-harmonized V2 product","4 degree","area-weighted mean of finite source 1 degree cells"
"aridity_index_P_over_E",490,4050,"4 degree lon/lat; lon centers -178..178; lat centers -88..88","C:/Users/Google/Documents/HMSC-HIST/Phanerozoic_Environment_540_0Ma_5Myr_4deg_landharmonized_v2/08_rds_export/Phanerozoic_Environment_540_0Ma_5Myr_Level2_4deg_landharmonized_v2_compact_float32.rds","Precipitation divided by evaporation","unitless","Pohl et al. 2022, land-harmonized to PALEOMAP PaleoDEM","Pohl monthly-derived climate variables from the original Level 2 workflow, land-harmonized to the PALEOMAP PaleoDEM land mask. Missing Pohl values on PALEOMAP land were filled from the nearest finite PALEOMAP-land Pohl cell using spherical-coordinate nearest-neighbour search; for continuous variables only, the filled cells were then smoothed with a 3 by 3 local mean while original finite cells were left unchanged. Ocean cells were masked to NA for terrestrial ecology use. Fill counts are recorded in land_harmonization_gapfill_audit.csv. Four-degree product: area-weighted mean of finite source 1 degree cells.","Level2 gridded","1 degree Level 2 land-harmonized V2 product","4 degree","area-weighted mean of finite source 1 degree cells"
"aridity_index_P_over_E",485,4050,"4 degree lon/lat; lon centers -178..178; lat centers -88..88","C:/Users/Google/Documents/HMSC-HIST/Phanerozoic_Environment_540_0Ma_5Myr_4deg_landharmonized_v2/08_rds_export/Phanerozoic_Environment_540_0Ma_5Myr_Level2_4deg_landharmonized_v2_compact_float32.rds","Precipitation divided by evaporation","unitless","Pohl et al. 2022, land-harmonized to PALEOMAP PaleoDEM","Pohl monthly-derived climate variables from the original Level 2 workflow, land-harmonized to the PALEOMAP PaleoDEM land mask. Missing Pohl values on PALEOMAP land were filled from the nearest finite PALEOMAP-land Pohl cell using spherical-coordinate nearest-neighbour search; for continuous variables only, the filled cells were then smoothed with a 3 by 3 local mean while original finite cells were left unchanged. Ocean cells were masked to NA for terrestrial ecology use. Fill counts are recorded in land_harmonization_gapfill_audit.csv. Four-degree product: area-weighted mean of finite source 1 degree cells.","Level2 gridded","1 degree Level 2 land-harmonized V2 product","4 degree","area-weighted mean of finite source 1 degree cells"
"aridity_index_P_over_E",480,4050,"4 degree lon/lat; lon centers -178..178; lat centers -88..88","C:/Users/Google/Documents/HMSC-HIST/Phanerozoic_Environment_540_0Ma_5Myr_4deg_landharmonized_v2/08_rds_export/Phanerozoic_Environment_540_0Ma_5Myr_Level2_4deg_landharmonized_v2_compact_float32.rds","Precipitation divided by evaporation","unitless","Pohl et al. 2022, land-harmonized to PALEOMAP PaleoDEM","Pohl monthly-derived climate variables from the original Level 2 workflow, land-harmonized to the PALEOMAP PaleoDEM land mask. Missing Pohl values on PALEOMAP land were filled from the nearest finite PALEOMAP-land Pohl cell using spherical-coordinate nearest-neighbour search; for continuous variables only, the filled cells were then smoothed with a 3 by 3 local mean while original finite cells were left unchanged. Ocean cells were masked to NA for terrestrial ecology use. Fill counts are recorded in land_harmonization_gapfill_audit.csv. Four-degree product: area-weighted mean of finite source 1 degree cells.","Level2 gridded","1 degree Level 2 land-harmonized V2 product","4 degree","area-weighted mean of finite source 1 degree cells"
"aridity_index_P_over_E",475,4050,"4 degree lon/lat; lon centers -178..178; lat centers -88..88","C:/Users/Google/Documents/HMSC-HIST/Phanerozoic_Environment_540_0Ma_5Myr_4deg_landharmonized_v2/08_rds_export/Phanerozoic_Environment_540_0Ma_5Myr_Level2_4deg_landharmonized_v2_compact_float32.rds","Precipitation divided by evaporation","unitless","Pohl et al. 2022, land-harmonized to PALEOMAP PaleoDEM","Pohl monthly-derived climate variables from the original Level 2 workflow, land-harmonized to the PALEOMAP PaleoDEM land mask. Missing Pohl values on PALEOMAP land were filled from the nearest finite PALEOMAP-land Pohl cell using spherical-coordinate nearest-neighbour search; for continuous variables only, the filled cells were then smoothed with a 3 by 3 local mean while original finite cells were left unchanged. Ocean cells were masked to NA for terrestrial ecology use. Fill counts are recorded in land_harmonization_gapfill_audit.csv. Four-degree product: area-weighted mean of finite source 1 degree cells.","Level2 gridded","1 degree Level 2 land-harmonized V2 product","4 degree","area-weighted mean of finite source 1 degree cells"
"aridity_index_P_over_E",470,4050,"4 degree lon/lat; lon centers -178..178; lat centers -88..88","C:/Users/Google/Documents/HMSC-HIST/Phanerozoic_Environment_540_0Ma_5Myr_4deg_landharmonized_v2/08_rds_export/Phanerozoic_Environment_540_0Ma_5Myr_Level2_4deg_landharmonized_v2_compact_float32.rds","Precipitation divided by evaporation","unitless","Pohl et al. 2022, land-harmonized to PALEOMAP PaleoDEM","Pohl monthly-derived climate variables from the original Level 2 workflow, land-harmonized to the PALEOMAP PaleoDEM land mask. Missing Pohl values on PALEOMAP land were filled from the nearest finite PALEOMAP-land Pohl cell using spherical-coordinate nearest-neighbour search; for continuous variables only, the filled cells were then smoothed with a 3 by 3 local mean while original finite cells were left unchanged. Ocean cells were masked to NA for terrestrial ecology use. Fill counts are recorded in land_harmonization_gapfill_audit.csv. Four-degree product: area-weighted mean of finite source 1 degree cells.","Level2 gridded","1 degree Level 2 land-harmonized V2 product","4 degree","area-weighted mean of finite source 1 degree cells"
"aridity_index_P_over_E",465,4050,"4 degree lon/lat; lon centers -178..178; lat centers -88..88","C:/Users/Google/Documents/HMSC-HIST/Phanerozoic_Environment_540_0Ma_5Myr_4deg_landharmonized_v2/08_rds_export/Phanerozoic_Environment_540_0Ma_5Myr_Level2_4deg_landharmonized_v2_compact_float32.rds","Precipitation divided by evaporation","unitless","Pohl et al. 2022, land-harmonized to PALEOMAP PaleoDEM","Pohl monthly-derived climate variables from the original Level 2 workflow, land-harmonized to the PALEOMAP PaleoDEM land mask. Missing Pohl values on PALEOMAP land were filled from the nearest finite PALEOMAP-land Pohl cell using spherical-coordinate nearest-neighbour search; for continuous variables only, the filled cells were then smoothed with a 3 by 3 local mean while original finite cells were left unchanged. Ocean cells were masked to NA for terrestrial ecology use. Fill counts are recorded in land_harmonization_gapfill_audit.csv. Four-degree product: area-weighted mean of finite source 1 degree cells.","Level2 gridded","1 degree Level 2 land-harmonized V2 product","4 degree","area-weighted mean of finite source 1 degree cells"
"aridity_index_P_over_E",460,4050,"4 degree lon/lat; lon centers -178..178; lat centers -88..88","C:/Users/Google/Documents/HMSC-HIST/Phanerozoic_Environment_540_0Ma_5Myr_4deg_landharmonized_v2/08_rds_export/Phanerozoic_Environment_540_0Ma_5Myr_Level2_4deg_landharmonized_v2_compact_float32.rds","Precipitation divided by evaporation","unitless","Pohl et al. 2022, land-harmonized to PALEOMAP PaleoDEM","Pohl monthly-derived climate variables from the original Level 2 workflow, land-harmonized to the PALEOMAP PaleoDEM land mask. Missing Pohl values on PALEOMAP land were filled from the nearest finite PALEOMAP-land Pohl cell using spherical-coordinate nearest-neighbour search; for continuous variables only, the filled cells were then smoothed with a 3 by 3 local mean while original finite cells were left unchanged. Ocean cells were masked to NA for terrestrial ecology use. Fill counts are recorded in land_harmonization_gapfill_audit.csv. Four-degree product: area-weighted mean of finite source 1 degree cells.","Level2 gridded","1 degree Level 2 land-harmonized V2 product","4 degree","area-weighted mean of finite source 1 degree cells"
"aridity_index_P_over_E",455,4050,"4 degree lon/lat; lon centers -178..178; lat centers -88..88","C:/Users/Google/Documents/HMSC-HIST/Phanerozoic_Environment_540_0Ma_5Myr_4deg_landharmonized_v2/08_rds_export/Phanerozoic_Environment_540_0Ma_5Myr_Level2_4deg_landharmonized_v2_compact_float32.rds","Precipitation divided by evaporation","unitless","Pohl et al. 2022, land-harmonized to PALEOMAP PaleoDEM","Pohl monthly-derived climate variables from the original Level 2 workflow, land-harmonized to the PALEOMAP PaleoDEM land mask. Missing Pohl values on PALEOMAP land were filled from the nearest finite PALEOMAP-land Pohl cell using spherical-coordinate nearest-neighbour search; for continuous variables only, the filled cells were then smoothed with a 3 by 3 local mean while original finite cells were left unchanged. Ocean cells were masked to NA for terrestrial ecology use. Fill counts are recorded in land_harmonization_gapfill_audit.csv. Four-degree product: area-weighted mean of finite source 1 degree cells.","Level2 gridded","1 degree Level 2 land-harmonized V2 product","4 degree","area-weighted mean of finite source 1 degree cells"
"aridity_index_P_over_E",450,4050,"4 degree lon/lat; lon centers -178..178; lat centers -88..88","C:/Users/Google/Documents/HMSC-HIST/Phanerozoic_Environment_540_0Ma_5Myr_4deg_landharmonized_v2/08_rds_export/Phanerozoic_Environment_540_0Ma_5Myr_Level2_4deg_landharmonized_v2_compact_float32.rds","Precipitation divided by evaporation","unitless","Pohl et al. 2022, land-harmonized to PALEOMAP PaleoDEM","Pohl monthly-derived climate variables from the original Level 2 workflow, land-harmonized to the PALEOMAP PaleoDEM land mask. Missing Pohl values on PALEOMAP land were filled from the nearest finite PALEOMAP-land Pohl cell using spherical-coordinate nearest-neighbour search; for continuous variables only, the filled cells were then smoothed with a 3 by 3 local mean while original finite cells were left unchanged. Ocean cells were masked to NA for terrestrial ecology use. Fill counts are recorded in land_harmonization_gapfill_audit.csv. Four-degree product: area-weighted mean of finite source 1 degree cells.","Level2 gridded","1 degree Level 2 land-harmonized V2 product","4 degree","area-weighted mean of finite source 1 degree cells"
"aridity_index_P_over_E",445,4050,"4 degree lon/lat; lon centers -178..178; lat centers -88..88","C:/Users/Google/Documents/HMSC-HIST/Phanerozoic_Environment_540_0Ma_5Myr_4deg_landharmonized_v2/08_rds_export/Phanerozoic_Environment_540_0Ma_5Myr_Level2_4deg_landharmonized_v2_compact_float32.rds","Precipitation divided by evaporation","unitless","Pohl et al. 2022, land-harmonized to PALEOMAP PaleoDEM","Pohl monthly-derived climate variables from the original Level 2 workflow, land-harmonized to the PALEOMAP PaleoDEM land mask. Missing Pohl values on PALEOMAP land were filled from the nearest finite PALEOMAP-land Pohl cell using spherical-coordinate nearest-neighbour search; for continuous variables only, the filled cells were then smoothed with a 3 by 3 local mean while original finite cells were left unchanged. Ocean cells were masked to NA for terrestrial ecology use. Fill counts are recorded in land_harmonization_gapfill_audit.csv. Four-degree product: area-weighted mean of finite source 1 degree cells.","Level2 gridded","1 degree Level 2 land-harmonized V2 product","4 degree","area-weighted mean of finite source 1 degree cells"
"aridity_index_P_over_E",440,4050,"4 degree lon/lat; lon centers -178..178; lat centers -88..88","C:/Users/Google/Documents/HMSC-HIST/Phanerozoic_Environment_540_0Ma_5Myr_4deg_landharmonized_v2/08_rds_export/Phanerozoic_Environment_540_0Ma_5Myr_Level2_4deg_landharmonized_v2_compact_float32.rds","Precipitation divided by evaporation","unitless","Pohl et al. 2022, land-harmonized to PALEOMAP PaleoDEM","Pohl monthly-derived climate variables from the original Level 2 workflow, land-harmonized to the PALEOMAP PaleoDEM land mask. Missing Pohl values on PALEOMAP land were filled from the nearest finite PALEOMAP-land Pohl cell using spherical-coordinate nearest-neighbour search; for continuous variables only, the filled cells were then smoothed with a 3 by 3 local mean while original finite cells were left unchanged. Ocean cells were masked to NA for terrestrial ecology use. Fill counts are recorded in land_harmonization_gapfill_audit.csv. Four-degree product: area-weighted mean of finite source 1 degree cells.","Level2 gridded","1 degree Level 2 land-harmonized V2 product","4 degree","area-weighted mean of finite source 1 degree cells"
"aridity_index_P_over_E",435,4050,"4 degree lon/lat; lon centers -178..178; lat centers -88..88","C:/Users/Google/Documents/HMSC-HIST/Phanerozoic_Environment_540_0Ma_5Myr_4deg_landharmonized_v2/08_rds_export/Phanerozoic_Environment_540_0Ma_5Myr_Level2_4deg_landharmonized_v2_compact_float32.rds","Precipitation divided by evaporation","unitless","Pohl et al. 2022, land-harmonized to PALEOMAP PaleoDEM","Pohl monthly-derived climate variables from the original Level 2 workflow, land-harmonized to the PALEOMAP PaleoDEM land mask. Missing Pohl values on PALEOMAP land were filled from the nearest finite PALEOMAP-land Pohl cell using spherical-coordinate nearest-neighbour search; for continuous variables only, the filled cells were then smoothed with a 3 by 3 local mean while original finite cells were left unchanged. Ocean cells were masked to NA for terrestrial ecology use. Fill counts are recorded in land_harmonization_gapfill_audit.csv. Four-degree product: area-weighted mean of finite source 1 degree cells.","Level2 gridded","1 degree Level 2 land-harmonized V2 product","4 degree","area-weighted mean of finite source 1 degree cells"
"aridity_index_P_over_E",430,4050,"4 degree lon/lat; lon centers -178..178; lat centers -88..88","C:/Users/Google/Documents/HMSC-HIST/Phanerozoic_Environment_540_0Ma_5Myr_4deg_landharmonized_v2/08_rds_export/Phanerozoic_Environment_540_0Ma_5Myr_Level2_4deg_landharmonized_v2_compact_float32.rds","Precipitation divided by evaporation","unitless","Pohl et al. 2022, land-harmonized to PALEOMAP PaleoDEM","Pohl monthly-derived climate variables from the original Level 2 workflow, land-harmonized to the PALEOMAP PaleoDEM land mask. Missing Pohl values on PALEOMAP land were filled from the nearest finite PALEOMAP-land Pohl cell using spherical-coordinate nearest-neighbour search; for continuous variables only, the filled cells were then smoothed with a 3 by 3 local mean while original finite cells were left unchanged. Ocean cells were masked to NA for terrestrial ecology use. Fill counts are recorded in land_harmonization_gapfill_audit.csv. Four-degree product: area-weighted mean of finite source 1 degree cells.","Level2 gridded","1 degree Level 2 land-harmonized V2 product","4 degree","area-weighted mean of finite source 1 degree cells"
"aridity_index_P_over_E",425,4050,"4 degree lon/lat; lon centers -178..178; lat centers -88..88","C:/Users/Google/Documents/HMSC-HIST/Phanerozoic_Environment_540_0Ma_5Myr_4deg_landharmonized_v2/08_rds_export/Phanerozoic_Environment_540_0Ma_5Myr_Level2_4deg_landharmonized_v2_compact_float32.rds","Precipitation divided by evaporation","unitless","Pohl et al. 2022, land-harmonized to PALEOMAP PaleoDEM","Pohl monthly-derived climate variables from the original Level 2 workflow, land-harmonized to the PALEOMAP PaleoDEM land mask. Missing Pohl values on PALEOMAP land were filled from the nearest finite PALEOMAP-land Pohl cell using spherical-coordinate nearest-neighbour search; for continuous variables only, the filled cells were then smoothed with a 3 by 3 local mean while original finite cells were left unchanged. Ocean cells were masked to NA for terrestrial ecology use. Fill counts are recorded in land_harmonization_gapfill_audit.csv. Four-degree product: area-weighted mean of finite source 1 degree cells.","Level2 gridded","1 degree Level 2 land-harmonized V2 product","4 degree","area-weighted mean of finite source 1 degree cells"
"aridity_index_P_over_E",420,4050,"4 degree lon/lat; lon centers -178..178; lat centers -88..88","C:/Users/Google/Documents/HMSC-HIST/Phanerozoic_Environment_540_0Ma_5Myr_4deg_landharmonized_v2/08_rds_export/Phanerozoic_Environment_540_0Ma_5Myr_Level2_4deg_landharmonized_v2_compact_float32.rds","Precipitation divided by evaporation","unitless","Pohl et al. 2022, land-harmonized to PALEOMAP PaleoDEM","Pohl monthly-derived climate variables from the original Level 2 workflow, land-harmonized to the PALEOMAP PaleoDEM land mask. Missing Pohl values on PALEOMAP land were filled from the nearest finite PALEOMAP-land Pohl cell using spherical-coordinate nearest-neighbour search; for continuous variables only, the filled cells were then smoothed with a 3 by 3 local mean while original finite cells were left unchanged. Ocean cells were masked to NA for terrestrial ecology use. Fill counts are recorded in land_harmonization_gapfill_audit.csv. Four-degree product: area-weighted mean of finite source 1 degree cells.","Level2 gridded","1 degree Level 2 land-harmonized V2 product","4 degree","area-weighted mean of finite source 1 degree cells"
"aridity_index_P_over_E",415,4050,"4 degree lon/lat; lon centers -178..178; lat centers -88..88","C:/Users/Google/Documents/HMSC-HIST/Phanerozoic_Environment_540_0Ma_5Myr_4deg_landharmonized_v2/08_rds_export/Phanerozoic_Environment_540_0Ma_5Myr_Level2_4deg_landharmonized_v2_compact_float32.rds","Precipitation divided by evaporation","unitless","Pohl et al. 2022, land-harmonized to PALEOMAP PaleoDEM","Pohl monthly-derived climate variables from the original Level 2 workflow, land-harmonized to the PALEOMAP PaleoDEM land mask. Missing Pohl values on PALEOMAP land were filled from the nearest finite PALEOMAP-land Pohl cell using spherical-coordinate nearest-neighbour search; for continuous variables only, the filled cells were then smoothed with a 3 by 3 local mean while original finite cells were left unchanged. Ocean cells were masked to NA for terrestrial ecology use. Fill counts are recorded in land_harmonization_gapfill_audit.csv. Four-degree product: area-weighted mean of finite source 1 degree cells.","Level2 gridded","1 degree Level 2 land-harmonized V2 product","4 degree","area-weighted mean of finite source 1 degree cells"
"aridity_index_P_over_E",410,4050,"4 degree lon/lat; lon centers -178..178; lat centers -88..88","C:/Users/Google/Documents/HMSC-HIST/Phanerozoic_Environment_540_0Ma_5Myr_4deg_landharmonized_v2/08_rds_export/Phanerozoic_Environment_540_0Ma_5Myr_Level2_4deg_landharmonized_v2_compact_float32.rds","Precipitation divided by evaporation","unitless","Pohl et al. 2022, land-harmonized to PALEOMAP PaleoDEM","Pohl monthly-derived climate variables from the original Level 2 workflow, land-harmonized to the PALEOMAP PaleoDEM land mask. Missing Pohl values on PALEOMAP land were filled from the nearest finite PALEOMAP-land Pohl cell using spherical-coordinate nearest-neighbour search; for continuous variables only, the filled cells were then smoothed with a 3 by 3 local mean while original finite cells were left unchanged. Ocean cells were masked to NA for terrestrial ecology use. Fill counts are recorded in land_harmonization_gapfill_audit.csv. Four-degree product: area-weighted mean of finite source 1 degree cells.","Level2 gridded","1 degree Level 2 land-harmonized V2 product","4 degree","area-weighted mean of finite source 1 degree cells"
"aridity_index_P_over_E",405,4050,"4 degree lon/lat; lon centers -178..178; lat centers -88..88","C:/Users/Google/Documents/HMSC-HIST/Phanerozoic_Environment_540_0Ma_5Myr_4deg_landharmonized_v2/08_rds_export/Phanerozoic_Environment_540_0Ma_5Myr_Level2_4deg_landharmonized_v2_compact_float32.rds","Precipitation divided by evaporation","unitless","Pohl et al. 2022, land-harmonized to PALEOMAP PaleoDEM","Pohl monthly-derived climate variables from the original Level 2 workflow, land-harmonized to the PALEOMAP PaleoDEM land mask. Missing Pohl values on PALEOMAP land were filled from the nearest finite PALEOMAP-land Pohl cell using spherical-coordinate nearest-neighbour search; for continuous variables only, the filled cells were then smoothed with a 3 by 3 local mean while original finite cells were left unchanged. Ocean cells were masked to NA for terrestrial ecology use. Fill counts are recorded in land_harmonization_gapfill_audit.csv. Four-degree product: area-weighted mean of finite source 1 degree cells.","Level2 gridded","1 degree Level 2 land-harmonized V2 product","4 degree","area-weighted mean of finite source 1 degree cells"
"aridity_index_P_over_E",400,4050,"4 degree lon/lat; lon centers -178..178; lat centers -88..88","C:/Users/Google/Documents/HMSC-HIST/Phanerozoic_Environment_540_0Ma_5Myr_4deg_landharmonized_v2/08_rds_export/Phanerozoic_Environment_540_0Ma_5Myr_Level2_4deg_landharmonized_v2_compact_float32.rds","Precipitation divided by evaporation","unitless","Pohl et al. 2022, land-harmonized to PALEOMAP PaleoDEM","Pohl monthly-derived climate variables from the original Level 2 workflow, land-harmonized to the PALEOMAP PaleoDEM land mask. Missing Pohl values on PALEOMAP land were filled from the nearest finite PALEOMAP-land Pohl cell using spherical-coordinate nearest-neighbour search; for continuous variables only, the filled cells were then smoothed with a 3 by 3 local mean while original finite cells were left unchanged. Ocean cells were masked to NA for terrestrial ecology use. Fill counts are recorded in land_harmonization_gapfill_audit.csv. Four-degree product: area-weighted mean of finite source 1 degree cells.","Level2 gridded","1 degree Level 2 land-harmonized V2 product","4 degree","area-weighted mean of finite source 1 degree cells"
"aridity_index_P_over_E",395,4050,"4 degree lon/lat; lon centers -178..178; lat centers -88..88","C:/Users/Google/Documents/HMSC-HIST/Phanerozoic_Environment_540_0Ma_5Myr_4deg_landharmonized_v2/08_rds_export/Phanerozoic_Environment_540_0Ma_5Myr_Level2_4deg_landharmonized_v2_compact_float32.rds","Precipitation divided by evaporation","unitless","Pohl et al. 2022, land-harmonized to PALEOMAP PaleoDEM","Pohl monthly-derived climate variables from the original Level 2 workflow, land-harmonized to the PALEOMAP PaleoDEM land mask. Missing Pohl values on PALEOMAP land were filled from the nearest finite PALEOMAP-land Pohl cell using spherical-coordinate nearest-neighbour search; for continuous variables only, the filled cells were then smoothed with a 3 by 3 local mean while original finite cells were left unchanged. Ocean cells were masked to NA for terrestrial ecology use. Fill counts are recorded in land_harmonization_gapfill_audit.csv. Four-degree product: area-weighted mean of finite source 1 degree cells.","Level2 gridded","1 degree Level 2 land-harmonized V2 product","4 degree","area-weighted mean of finite source 1 degree cells"
"aridity_index_P_over_E",390,4050,"4 degree lon/lat; lon centers -178..178; lat centers -88..88","C:/Users/Google/Documents/HMSC-HIST/Phanerozoic_Environment_540_0Ma_5Myr_4deg_landharmonized_v2/08_rds_export/Phanerozoic_Environment_540_0Ma_5Myr_Level2_4deg_landharmonized_v2_compact_float32.rds","Precipitation divided by evaporation","unitless","Pohl et al. 2022, land-harmonized to PALEOMAP PaleoDEM","Pohl monthly-derived climate variables from the original Level 2 workflow, land-harmonized to the PALEOMAP PaleoDEM land mask. Missing Pohl values on PALEOMAP land were filled from the nearest finite PALEOMAP-land Pohl cell using spherical-coordinate nearest-neighbour search; for continuous variables only, the filled cells were then smoothed with a 3 by 3 local mean while original finite cells were left unchanged. Ocean cells were masked to NA for terrestrial ecology use. Fill counts are recorded in land_harmonization_gapfill_audit.csv. Four-degree product: area-weighted mean of finite source 1 degree cells.","Level2 gridded","1 degree Level 2 land-harmonized V2 product","4 degree","area-weighted mean of finite source 1 degree cells"
"aridity_index_P_over_E",385,4050,"4 degree lon/lat; lon centers -178..178; lat centers -88..88","C:/Users/Google/Documents/HMSC-HIST/Phanerozoic_Environment_540_0Ma_5Myr_4deg_landharmonized_v2/08_rds_export/Phanerozoic_Environment_540_0Ma_5Myr_Level2_4deg_landharmonized_v2_compact_float32.rds","Precipitation divided by evaporation","unitless","Pohl et al. 2022, land-harmonized to PALEOMAP PaleoDEM","Pohl monthly-derived climate variables from the original Level 2 workflow, land-harmonized to the PALEOMAP PaleoDEM land mask. Missing Pohl values on PALEOMAP land were filled from the nearest finite PALEOMAP-land Pohl cell using spherical-coordinate nearest-neighbour search; for continuous variables only, the filled cells were then smoothed with a 3 by 3 local mean while original finite cells were left unchanged. Ocean cells were masked to NA for terrestrial ecology use. Fill counts are recorded in land_harmonization_gapfill_audit.csv. Four-degree product: area-weighted mean of finite source 1 degree cells.","Level2 gridded","1 degree Level 2 land-harmonized V2 product","4 degree","area-weighted mean of finite source 1 degree cells"
"aridity_index_P_over_E",380,4050,"4 degree lon/lat; lon centers -178..178; lat centers -88..88","C:/Users/Google/Documents/HMSC-HIST/Phanerozoic_Environment_540_0Ma_5Myr_4deg_landharmonized_v2/08_rds_export/Phanerozoic_Environment_540_0Ma_5Myr_Level2_4deg_landharmonized_v2_compact_float32.rds","Precipitation divided by evaporation","unitless","Pohl et al. 2022, land-harmonized to PALEOMAP PaleoDEM","Pohl monthly-derived climate variables from the original Level 2 workflow, land-harmonized to the PALEOMAP PaleoDEM land mask. Missing Pohl values on PALEOMAP land were filled from the nearest finite PALEOMAP-land Pohl cell using spherical-coordinate nearest-neighbour search; for continuous variables only, the filled cells were then smoothed with a 3 by 3 local mean while original finite cells were left unchanged. Ocean cells were masked to NA for terrestrial ecology use. Fill counts are recorded in land_harmonization_gapfill_audit.csv. Four-degree product: area-weighted mean of finite source 1 degree cells.","Level2 gridded","1 degree Level 2 land-harmonized V2 product","4 degree","area-weighted mean of finite source 1 degree cells"
"aridity_index_P_over_E",375,4050,"4 degree lon/lat; lon centers -178..178; lat centers -88..88","C:/Users/Google/Documents/HMSC-HIST/Phanerozoic_Environment_540_0Ma_5Myr_4deg_landharmonized_v2/08_rds_export/Phanerozoic_Environment_540_0Ma_5Myr_Level2_4deg_landharmonized_v2_compact_float32.rds","Precipitation divided by evaporation","unitless","Pohl et al. 2022, land-harmonized to PALEOMAP PaleoDEM","Pohl monthly-derived climate variables from the original Level 2 workflow, land-harmonized to the PALEOMAP PaleoDEM land mask. Missing Pohl values on PALEOMAP land were filled from the nearest finite PALEOMAP-land Pohl cell using spherical-coordinate nearest-neighbour search; for continuous variables only, the filled cells were then smoothed with a 3 by 3 local mean while original finite cells were left unchanged. Ocean cells were masked to NA for terrestrial ecology use. Fill counts are recorded in land_harmonization_gapfill_audit.csv. Four-degree product: area-weighted mean of finite source 1 degree cells.","Level2 gridded","1 degree Level 2 land-harmonized V2 product","4 degree","area-weighted mean of finite source 1 degree cells"
"aridity_index_P_over_E",370,4050,"4 degree lon/lat; lon centers -178..178; lat centers -88..88","C:/Users/Google/Documents/HMSC-HIST/Phanerozoic_Environment_540_0Ma_5Myr_4deg_landharmonized_v2/08_rds_export/Phanerozoic_Environment_540_0Ma_5Myr_Level2_4deg_landharmonized_v2_compact_float32.rds","Precipitation divided by evaporation","unitless","Pohl et al. 2022, land-harmonized to PALEOMAP PaleoDEM","Pohl monthly-derived climate variables from the original Level 2 workflow, land-harmonized to the PALEOMAP PaleoDEM land mask. Missing Pohl values on PALEOMAP land were filled from the nearest finite PALEOMAP-land Pohl cell using spherical-coordinate nearest-neighbour search; for continuous variables only, the filled cells were then smoothed with a 3 by 3 local mean while original finite cells were left unchanged. Ocean cells were masked to NA for terrestrial ecology use. Fill counts are recorded in land_harmonization_gapfill_audit.csv. Four-degree product: area-weighted mean of finite source 1 degree cells.","Level2 gridded","1 degree Level 2 land-harmonized V2 product","4 degree","area-weighted mean of finite source 1 degree cells"
"aridity_index_P_over_E",365,4050,"4 degree lon/lat; lon centers -178..178; lat centers -88..88","C:/Users/Google/Documents/HMSC-HIST/Phanerozoic_Environment_540_0Ma_5Myr_4deg_landharmonized_v2/08_rds_export/Phanerozoic_Environment_540_0Ma_5Myr_Level2_4deg_landharmonized_v2_compact_float32.rds","Precipitation divided by evaporation","unitless","Pohl et al. 2022, land-harmonized to PALEOMAP PaleoDEM","Pohl monthly-derived climate variables from the original Level 2 workflow, land-harmonized to the PALEOMAP PaleoDEM land mask. Missing Pohl values on PALEOMAP land were filled from the nearest finite PALEOMAP-land Pohl cell using spherical-coordinate nearest-neighbour search; for continuous variables only, the filled cells were then smoothed with a 3 by 3 local mean while original finite cells were left unchanged. Ocean cells were masked to NA for terrestrial ecology use. Fill counts are recorded in land_harmonization_gapfill_audit.csv. Four-degree product: area-weighted mean of finite source 1 degree cells.","Level2 gridded","1 degree Level 2 land-harmonized V2 product","4 degree","area-weighted mean of finite source 1 degree cells"
"aridity_index_P_over_E",360,4050,"4 degree lon/lat; lon centers -178..178; lat centers -88..88","C:/Users/Google/Documents/HMSC-HIST/Phanerozoic_Environment_540_0Ma_5Myr_4deg_landharmonized_v2/08_rds_export/Phanerozoic_Environment_540_0Ma_5Myr_Level2_4deg_landharmonized_v2_compact_float32.rds","Precipitation divided by evaporation","unitless","Pohl et al. 2022, land-harmonized to PALEOMAP PaleoDEM","Pohl monthly-derived climate variables from the original Level 2 workflow, land-harmonized to the PALEOMAP PaleoDEM land mask. Missing Pohl values on PALEOMAP land were filled from the nearest finite PALEOMAP-land Pohl cell using spherical-coordinate nearest-neighbour search; for continuous variables only, the filled cells were then smoothed with a 3 by 3 local mean while original finite cells were left unchanged. Ocean cells were masked to NA for terrestrial ecology use. Fill counts are recorded in land_harmonization_gapfill_audit.csv. Four-degree product: area-weighted mean of finite source 1 degree cells.","Level2 gridded","1 degree Level 2 land-harmonized V2 product","4 degree","area-weighted mean of finite source 1 degree cells"
"aridity_index_P_over_E",355,4050,"4 degree lon/lat; lon centers -178..178; lat centers -88..88","C:/Users/Google/Documents/HMSC-HIST/Phanerozoic_Environment_540_0Ma_5Myr_4deg_landharmonized_v2/08_rds_export/Phanerozoic_Environment_540_0Ma_5Myr_Level2_4deg_landharmonized_v2_compact_float32.rds","Precipitation divided by evaporation","unitless","Pohl et al. 2022, land-harmonized to PALEOMAP PaleoDEM","Pohl monthly-derived climate variables from the original Level 2 workflow, land-harmonized to the PALEOMAP PaleoDEM land mask. Missing Pohl values on PALEOMAP land were filled from the nearest finite PALEOMAP-land Pohl cell using spherical-coordinate nearest-neighbour search; for continuous variables only, the filled cells were then smoothed with a 3 by 3 local mean while original finite cells were left unchanged. Ocean cells were masked to NA for terrestrial ecology use. Fill counts are recorded in land_harmonization_gapfill_audit.csv. Four-degree product: area-weighted mean of finite source 1 degree cells.","Level2 gridded","1 degree Level 2 land-harmonized V2 product","4 degree","area-weighted mean of finite source 1 degree cells"
"aridity_index_P_over_E",350,4050,"4 degree lon/lat; lon centers -178..178; lat centers -88..88","C:/Users/Google/Documents/HMSC-HIST/Phanerozoic_Environment_540_0Ma_5Myr_4deg_landharmonized_v2/08_rds_export/Phanerozoic_Environment_540_0Ma_5Myr_Level2_4deg_landharmonized_v2_compact_float32.rds","Precipitation divided by evaporation","unitless","Pohl et al. 2022, land-harmonized to PALEOMAP PaleoDEM","Pohl monthly-derived climate variables from the original Level 2 workflow, land-harmonized to the PALEOMAP PaleoDEM land mask. Missing Pohl values on PALEOMAP land were filled from the nearest finite PALEOMAP-land Pohl cell using spherical-coordinate nearest-neighbour search; for continuous variables only, the filled cells were then smoothed with a 3 by 3 local mean while original finite cells were left unchanged. Ocean cells were masked to NA for terrestrial ecology use. Fill counts are recorded in land_harmonization_gapfill_audit.csv. Four-degree product: area-weighted mean of finite source 1 degree cells.","Level2 gridded","1 degree Level 2 land-harmonized V2 product","4 degree","area-weighted mean of finite source 1 degree cells"
"aridity_index_P_over_E",345,4050,"4 degree lon/lat; lon centers -178..178; lat centers -88..88","C:/Users/Google/Documents/HMSC-HIST/Phanerozoic_Environment_540_0Ma_5Myr_4deg_landharmonized_v2/08_rds_export/Phanerozoic_Environment_540_0Ma_5Myr_Level2_4deg_landharmonized_v2_compact_float32.rds","Precipitation divided by evaporation","unitless","Pohl et al. 2022, land-harmonized to PALEOMAP PaleoDEM","Pohl monthly-derived climate variables from the original Level 2 workflow, land-harmonized to the PALEOMAP PaleoDEM land mask. Missing Pohl values on PALEOMAP land were filled from the nearest finite PALEOMAP-land Pohl cell using spherical-coordinate nearest-neighbour search; for continuous variables only, the filled cells were then smoothed with a 3 by 3 local mean while original finite cells were left unchanged. Ocean cells were masked to NA for terrestrial ecology use. Fill counts are recorded in land_harmonization_gapfill_audit.csv. Four-degree product: area-weighted mean of finite source 1 degree cells.","Level2 gridded","1 degree Level 2 land-harmonized V2 product","4 degree","area-weighted mean of finite source 1 degree cells"
"aridity_index_P_over_E",340,4050,"4 degree lon/lat; lon centers -178..178; lat centers -88..88","C:/Users/Google/Documents/HMSC-HIST/Phanerozoic_Environment_540_0Ma_5Myr_4deg_landharmonized_v2/08_rds_export/Phanerozoic_Environment_540_0Ma_5Myr_Level2_4deg_landharmonized_v2_compact_float32.rds","Precipitation divided by evaporation","unitless","Pohl et al. 2022, land-harmonized to PALEOMAP PaleoDEM","Pohl monthly-derived climate variables from the original Level 2 workflow, land-harmonized to the PALEOMAP PaleoDEM land mask. Missing Pohl values on PALEOMAP land were filled from the nearest finite PALEOMAP-land Pohl cell using spherical-coordinate nearest-neighbour search; for continuous variables only, the filled cells were then smoothed with a 3 by 3 local mean while original finite cells were left unchanged. Ocean cells were masked to NA for terrestrial ecology use. Fill counts are recorded in land_harmonization_gapfill_audit.csv. Four-degree product: area-weighted mean of finite source 1 degree cells.","Level2 gridded","1 degree Level 2 land-harmonized V2 product","4 degree","area-weighted mean of finite source 1 degree cells"
"aridity_index_P_over_E",335,4050,"4 degree lon/lat; lon centers -178..178; lat centers -88..88","C:/Users/Google/Documents/HMSC-HIST/Phanerozoic_Environment_540_0Ma_5Myr_4deg_landharmonized_v2/08_rds_export/Phanerozoic_Environment_540_0Ma_5Myr_Level2_4deg_landharmonized_v2_compact_float32.rds","Precipitation divided by evaporation","unitless","Pohl et al. 2022, land-harmonized to PALEOMAP PaleoDEM","Pohl monthly-derived climate variables from the original Level 2 workflow, land-harmonized to the PALEOMAP PaleoDEM land mask. Missing Pohl values on PALEOMAP land were filled from the nearest finite PALEOMAP-land Pohl cell using spherical-coordinate nearest-neighbour search; for continuous variables only, the filled cells were then smoothed with a 3 by 3 local mean while original finite cells were left unchanged. Ocean cells were masked to NA for terrestrial ecology use. Fill counts are recorded in land_harmonization_gapfill_audit.csv. Four-degree product: area-weighted mean of finite source 1 degree cells.","Level2 gridded","1 degree Level 2 land-harmonized V2 product","4 degree","area-weighted mean of finite source 1 degree cells"
"aridity_index_P_over_E",330,4050,"4 degree lon/lat; lon centers -178..178; lat centers -88..88","C:/Users/Google/Documents/HMSC-HIST/Phanerozoic_Environment_540_0Ma_5Myr_4deg_landharmonized_v2/08_rds_export/Phanerozoic_Environment_540_0Ma_5Myr_Level2_4deg_landharmonized_v2_compact_float32.rds","Precipitation divided by evaporation","unitless","Pohl et al. 2022, land-harmonized to PALEOMAP PaleoDEM","Pohl monthly-derived climate variables from the original Level 2 workflow, land-harmonized to the PALEOMAP PaleoDEM land mask. Missing Pohl values on PALEOMAP land were filled from the nearest finite PALEOMAP-land Pohl cell using spherical-coordinate nearest-neighbour search; for continuous variables only, the filled cells were then smoothed with a 3 by 3 local mean while original finite cells were left unchanged. Ocean cells were masked to NA for terrestrial ecology use. Fill counts are recorded in land_harmonization_gapfill_audit.csv. Four-degree product: area-weighted mean of finite source 1 degree cells.","Level2 gridded","1 degree Level 2 land-harmonized V2 product","4 degree","area-weighted mean of finite source 1 degree cells"
"aridity_index_P_over_E",325,4050,"4 degree lon/lat; lon centers -178..178; lat centers -88..88","C:/Users/Google/Documents/HMSC-HIST/Phanerozoic_Environment_540_0Ma_5Myr_4deg_landharmonized_v2/08_rds_export/Phanerozoic_Environment_540_0Ma_5Myr_Level2_4deg_landharmonized_v2_compact_float32.rds","Precipitation divided by evaporation","unitless","Pohl et al. 2022, land-harmonized to PALEOMAP PaleoDEM","Pohl monthly-derived climate variables from the original Level 2 workflow, land-harmonized to the PALEOMAP PaleoDEM land mask. Missing Pohl values on PALEOMAP land were filled from the nearest finite PALEOMAP-land Pohl cell using spherical-coordinate nearest-neighbour search; for continuous variables only, the filled cells were then smoothed with a 3 by 3 local mean while original finite cells were left unchanged. Ocean cells were masked to NA for terrestrial ecology use. Fill counts are recorded in land_harmonization_gapfill_audit.csv. Four-degree product: area-weighted mean of finite source 1 degree cells.","Level2 gridded","1 degree Level 2 land-harmonized V2 product","4 degree","area-weighted mean of finite source 1 degree cells"
"aridity_index_P_over_E",320,4050,"4 degree lon/lat; lon centers -178..178; lat centers -88..88","C:/Users/Google/Documents/HMSC-HIST/Phanerozoic_Environment_540_0Ma_5Myr_4deg_landharmonized_v2/08_rds_export/Phanerozoic_Environment_540_0Ma_5Myr_Level2_4deg_landharmonized_v2_compact_float32.rds","Precipitation divided by evaporation","unitless","Pohl et al. 2022, land-harmonized to PALEOMAP PaleoDEM","Pohl monthly-derived climate variables from the original Level 2 workflow, land-harmonized to the PALEOMAP PaleoDEM land mask. Missing Pohl values on PALEOMAP land were filled from the nearest finite PALEOMAP-land Pohl cell using spherical-coordinate nearest-neighbour search; for continuous variables only, the filled cells were then smoothed with a 3 by 3 local mean while original finite cells were left unchanged. Ocean cells were masked to NA for terrestrial ecology use. Fill counts are recorded in land_harmonization_gapfill_audit.csv. Four-degree product: area-weighted mean of finite source 1 degree cells.","Level2 gridded","1 degree Level 2 land-harmonized V2 product","4 degree","area-weighted mean of finite source 1 degree cells"
"aridity_index_P_over_E",315,4050,"4 degree lon/lat; lon centers -178..178; lat centers -88..88","C:/Users/Google/Documents/HMSC-HIST/Phanerozoic_Environment_540_0Ma_5Myr_4deg_landharmonized_v2/08_rds_export/Phanerozoic_Environment_540_0Ma_5Myr_Level2_4deg_landharmonized_v2_compact_float32.rds","Precipitation divided by evaporation","unitless","Pohl et al. 2022, land-harmonized to PALEOMAP PaleoDEM","Pohl monthly-derived climate variables from the original Level 2 workflow, land-harmonized to the PALEOMAP PaleoDEM land mask. Missing Pohl values on PALEOMAP land were filled from the nearest finite PALEOMAP-land Pohl cell using spherical-coordinate nearest-neighbour search; for continuous variables only, the filled cells were then smoothed with a 3 by 3 local mean while original finite cells were left unchanged. Ocean cells were masked to NA for terrestrial ecology use. Fill counts are recorded in land_harmonization_gapfill_audit.csv. Four-degree product: area-weighted mean of finite source 1 degree cells.","Level2 gridded","1 degree Level 2 land-harmonized V2 product","4 degree","area-weighted mean of finite source 1 degree cells"
"aridity_index_P_over_E",310,4050,"4 degree lon/lat; lon centers -178..178; lat centers -88..88","C:/Users/Google/Documents/HMSC-HIST/Phanerozoic_Environment_540_0Ma_5Myr_4deg_landharmonized_v2/08_rds_export/Phanerozoic_Environment_540_0Ma_5Myr_Level2_4deg_landharmonized_v2_compact_float32.rds","Precipitation divided by evaporation","unitless","Pohl et al. 2022, land-harmonized to PALEOMAP PaleoDEM","Pohl monthly-derived climate variables from the original Level 2 workflow, land-harmonized to the PALEOMAP PaleoDEM land mask. Missing Pohl values on PALEOMAP land were filled from the nearest finite PALEOMAP-land Pohl cell using spherical-coordinate nearest-neighbour search; for continuous variables only, the filled cells were then smoothed with a 3 by 3 local mean while original finite cells were left unchanged. Ocean cells were masked to NA for terrestrial ecology use. Fill counts are recorded in land_harmonization_gapfill_audit.csv. Four-degree product: area-weighted mean of finite source 1 degree cells.","Level2 gridded","1 degree Level 2 land-harmonized V2 product","4 degree","area-weighted mean of finite source 1 degree cells"
"aridity_index_P_over_E",305,4050,"4 degree lon/lat; lon centers -178..178; lat centers -88..88","C:/Users/Google/Documents/HMSC-HIST/Phanerozoic_Environment_540_0Ma_5Myr_4deg_landharmonized_v2/08_rds_export/Phanerozoic_Environment_540_0Ma_5Myr_Level2_4deg_landharmonized_v2_compact_float32.rds","Precipitation divided by evaporation","unitless","Pohl et al. 2022, land-harmonized to PALEOMAP PaleoDEM","Pohl monthly-derived climate variables from the original Level 2 workflow, land-harmonized to the PALEOMAP PaleoDEM land mask. Missing Pohl values on PALEOMAP land were filled from the nearest finite PALEOMAP-land Pohl cell using spherical-coordinate nearest-neighbour search; for continuous variables only, the filled cells were then smoothed with a 3 by 3 local mean while original finite cells were left unchanged. Ocean cells were masked to NA for terrestrial ecology use. Fill counts are recorded in land_harmonization_gapfill_audit.csv. Four-degree product: area-weighted mean of finite source 1 degree cells.","Level2 gridded","1 degree Level 2 land-harmonized V2 product","4 degree","area-weighted mean of finite source 1 degree cells"
"aridity_index_P_over_E",300,4050,"4 degree lon/lat; lon centers -178..178; lat centers -88..88","C:/Users/Google/Documents/HMSC-HIST/Phanerozoic_Environment_540_0Ma_5Myr_4deg_landharmonized_v2/08_rds_export/Phanerozoic_Environment_540_0Ma_5Myr_Level2_4deg_landharmonized_v2_compact_float32.rds","Precipitation divided by evaporation","unitless","Pohl et al. 2022, land-harmonized to PALEOMAP PaleoDEM","Pohl monthly-derived climate variables from the original Level 2 workflow, land-harmonized to the PALEOMAP PaleoDEM land mask. Missing Pohl values on PALEOMAP land were filled from the nearest finite PALEOMAP-land Pohl cell using spherical-coordinate nearest-neighbour search; for continuous variables only, the filled cells were then smoothed with a 3 by 3 local mean while original finite cells were left unchanged. Ocean cells were masked to NA for terrestrial ecology use. Fill counts are recorded in land_harmonization_gapfill_audit.csv. Four-degree product: area-weighted mean of finite source 1 degree cells.","Level2 gridded","1 degree Level 2 land-harmonized V2 product","4 degree","area-weighted mean of finite source 1 degree cells"
"aridity_index_P_over_E",295,4050,"4 degree lon/lat; lon centers -178..178; lat centers -88..88","C:/Users/Google/Documents/HMSC-HIST/Phanerozoic_Environment_540_0Ma_5Myr_4deg_landharmonized_v2/08_rds_export/Phanerozoic_Environment_540_0Ma_5Myr_Level2_4deg_landharmonized_v2_compact_float32.rds","Precipitation divided by evaporation","unitless","Pohl et al. 2022, land-harmonized to PALEOMAP PaleoDEM","Pohl monthly-derived climate variables from the original Level 2 workflow, land-harmonized to the PALEOMAP PaleoDEM land mask. Missing Pohl values on PALEOMAP land were filled from the nearest finite PALEOMAP-land Pohl cell using spherical-coordinate nearest-neighbour search; for continuous variables only, the filled cells were then smoothed with a 3 by 3 local mean while original finite cells were left unchanged. Ocean cells were masked to NA for terrestrial ecology use. Fill counts are recorded in land_harmonization_gapfill_audit.csv. Four-degree product: area-weighted mean of finite source 1 degree cells.","Level2 gridded","1 degree Level 2 land-harmonized V2 product","4 degree","area-weighted mean of finite source 1 degree cells"
"aridity_index_P_over_E",290,4050,"4 degree lon/lat; lon centers -178..178; lat centers -88..88","C:/Users/Google/Documents/HMSC-HIST/Phanerozoic_Environment_540_0Ma_5Myr_4deg_landharmonized_v2/08_rds_export/Phanerozoic_Environment_540_0Ma_5Myr_Level2_4deg_landharmonized_v2_compact_float32.rds","Precipitation divided by evaporation","unitless","Pohl et al. 2022, land-harmonized to PALEOMAP PaleoDEM","Pohl monthly-derived climate variables from the original Level 2 workflow, land-harmonized to the PALEOMAP PaleoDEM land mask. Missing Pohl values on PALEOMAP land were filled from the nearest finite PALEOMAP-land Pohl cell using spherical-coordinate nearest-neighbour search; for continuous variables only, the filled cells were then smoothed with a 3 by 3 local mean while original finite cells were left unchanged. Ocean cells were masked to NA for terrestrial ecology use. Fill counts are recorded in land_harmonization_gapfill_audit.csv. Four-degree product: area-weighted mean of finite source 1 degree cells.","Level2 gridded","1 degree Level 2 land-harmonized V2 product","4 degree","area-weighted mean of finite source 1 degree cells"
"aridity_index_P_over_E",285,4050,"4 degree lon/lat; lon centers -178..178; lat centers -88..88","C:/Users/Google/Documents/HMSC-HIST/Phanerozoic_Environment_540_0Ma_5Myr_4deg_landharmonized_v2/08_rds_export/Phanerozoic_Environment_540_0Ma_5Myr_Level2_4deg_landharmonized_v2_compact_float32.rds","Precipitation divided by evaporation","unitless","Pohl et al. 2022, land-harmonized to PALEOMAP PaleoDEM","Pohl monthly-derived climate variables from the original Level 2 workflow, land-harmonized to the PALEOMAP PaleoDEM land mask. Missing Pohl values on PALEOMAP land were filled from the nearest finite PALEOMAP-land Pohl cell using spherical-coordinate nearest-neighbour search; for continuous variables only, the filled cells were then smoothed with a 3 by 3 local mean while original finite cells were left unchanged. Ocean cells were masked to NA for terrestrial ecology use. Fill counts are recorded in land_harmonization_gapfill_audit.csv. Four-degree product: area-weighted mean of finite source 1 degree cells.","Level2 gridded","1 degree Level 2 land-harmonized V2 product","4 degree","area-weighted mean of finite source 1 degree cells"
"aridity_index_P_over_E",280,4050,"4 degree lon/lat; lon centers -178..178; lat centers -88..88","C:/Users/Google/Documents/HMSC-HIST/Phanerozoic_Environment_540_0Ma_5Myr_4deg_landharmonized_v2/08_rds_export/Phanerozoic_Environment_540_0Ma_5Myr_Level2_4deg_landharmonized_v2_compact_float32.rds","Precipitation divided by evaporation","unitless","Pohl et al. 2022, land-harmonized to PALEOMAP PaleoDEM","Pohl monthly-derived climate variables from the original Level 2 workflow, land-harmonized to the PALEOMAP PaleoDEM land mask. Missing Pohl values on PALEOMAP land were filled from the nearest finite PALEOMAP-land Pohl cell using spherical-coordinate nearest-neighbour search; for continuous variables only, the filled cells were then smoothed with a 3 by 3 local mean while original finite cells were left unchanged. Ocean cells were masked to NA for terrestrial ecology use. Fill counts are recorded in land_harmonization_gapfill_audit.csv. Four-degree product: area-weighted mean of finite source 1 degree cells.","Level2 gridded","1 degree Level 2 land-harmonized V2 product","4 degree","area-weighted mean of finite source 1 degree cells"
"aridity_index_P_over_E",275,4050,"4 degree lon/lat; lon centers -178..178; lat centers -88..88","C:/Users/Google/Documents/HMSC-HIST/Phanerozoic_Environment_540_0Ma_5Myr_4deg_landharmonized_v2/08_rds_export/Phanerozoic_Environment_540_0Ma_5Myr_Level2_4deg_landharmonized_v2_compact_float32.rds","Precipitation divided by evaporation","unitless","Pohl et al. 2022, land-harmonized to PALEOMAP PaleoDEM","Pohl monthly-derived climate variables from the original Level 2 workflow, land-harmonized to the PALEOMAP PaleoDEM land mask. Missing Pohl values on PALEOMAP land were filled from the nearest finite PALEOMAP-land Pohl cell using spherical-coordinate nearest-neighbour search; for continuous variables only, the filled cells were then smoothed with a 3 by 3 local mean while original finite cells were left unchanged. Ocean cells were masked to NA for terrestrial ecology use. Fill counts are recorded in land_harmonization_gapfill_audit.csv. Four-degree product: area-weighted mean of finite source 1 degree cells.","Level2 gridded","1 degree Level 2 land-harmonized V2 product","4 degree","area-weighted mean of finite source 1 degree cells"
"aridity_index_P_over_E",270,4050,"4 degree lon/lat; lon centers -178..178; lat centers -88..88","C:/Users/Google/Documents/HMSC-HIST/Phanerozoic_Environment_540_0Ma_5Myr_4deg_landharmonized_v2/08_rds_export/Phanerozoic_Environment_540_0Ma_5Myr_Level2_4deg_landharmonized_v2_compact_float32.rds","Precipitation divided by evaporation","unitless","Pohl et al. 2022, land-harmonized to PALEOMAP PaleoDEM","Pohl monthly-derived climate variables from the original Level 2 workflow, land-harmonized to the PALEOMAP PaleoDEM land mask. Missing Pohl values on PALEOMAP land were filled from the nearest finite PALEOMAP-land Pohl cell using spherical-coordinate nearest-neighbour search; for continuous variables only, the filled cells were then smoothed with a 3 by 3 local mean while original finite cells were left unchanged. Ocean cells were masked to NA for terrestrial ecology use. Fill counts are recorded in land_harmonization_gapfill_audit.csv. Four-degree product: area-weighted mean of finite source 1 degree cells.","Level2 gridded","1 degree Level 2 land-harmonized V2 product","4 degree","area-weighted mean of finite source 1 degree cells"
"aridity_index_P_over_E",265,4050,"4 degree lon/lat; lon centers -178..178; lat centers -88..88","C:/Users/Google/Documents/HMSC-HIST/Phanerozoic_Environment_540_0Ma_5Myr_4deg_landharmonized_v2/08_rds_export/Phanerozoic_Environment_540_0Ma_5Myr_Level2_4deg_landharmonized_v2_compact_float32.rds","Precipitation divided by evaporation","unitless","Pohl et al. 2022, land-harmonized to PALEOMAP PaleoDEM","Pohl monthly-derived climate variables from the original Level 2 workflow, land-harmonized to the PALEOMAP PaleoDEM land mask. Missing Pohl values on PALEOMAP land were filled from the nearest finite PALEOMAP-land Pohl cell using spherical-coordinate nearest-neighbour search; for continuous variables only, the filled cells were then smoothed with a 3 by 3 local mean while original finite cells were left unchanged. Ocean cells were masked to NA for terrestrial ecology use. Fill counts are recorded in land_harmonization_gapfill_audit.csv. Four-degree product: area-weighted mean of finite source 1 degree cells.","Level2 gridded","1 degree Level 2 land-harmonized V2 product","4 degree","area-weighted mean of finite source 1 degree cells"
"aridity_index_P_over_E",260,4050,"4 degree lon/lat; lon centers -178..178; lat centers -88..88","C:/Users/Google/Documents/HMSC-HIST/Phanerozoic_Environment_540_0Ma_5Myr_4deg_landharmonized_v2/08_rds_export/Phanerozoic_Environment_540_0Ma_5Myr_Level2_4deg_landharmonized_v2_compact_float32.rds","Precipitation divided by evaporation","unitless","Pohl et al. 2022, land-harmonized to PALEOMAP PaleoDEM","Pohl monthly-derived climate variables from the original Level 2 workflow, land-harmonized to the PALEOMAP PaleoDEM land mask. Missing Pohl values on PALEOMAP land were filled from the nearest finite PALEOMAP-land Pohl cell using spherical-coordinate nearest-neighbour search; for continuous variables only, the filled cells were then smoothed with a 3 by 3 local mean while original finite cells were left unchanged. Ocean cells were masked to NA for terrestrial ecology use. Fill counts are recorded in land_harmonization_gapfill_audit.csv. Four-degree product: area-weighted mean of finite source 1 degree cells.","Level2 gridded","1 degree Level 2 land-harmonized V2 product","4 degree","area-weighted mean of finite source 1 degree cells"
"aridity_index_P_over_E",255,4050,"4 degree lon/lat; lon centers -178..178; lat centers -88..88","C:/Users/Google/Documents/HMSC-HIST/Phanerozoic_Environment_540_0Ma_5Myr_4deg_landharmonized_v2/08_rds_export/Phanerozoic_Environment_540_0Ma_5Myr_Level2_4deg_landharmonized_v2_compact_float32.rds","Precipitation divided by evaporation","unitless","Pohl et al. 2022, land-harmonized to PALEOMAP PaleoDEM","Pohl monthly-derived climate variables from the original Level 2 workflow, land-harmonized to the PALEOMAP PaleoDEM land mask. Missing Pohl values on PALEOMAP land were filled from the nearest finite PALEOMAP-land Pohl cell using spherical-coordinate nearest-neighbour search; for continuous variables only, the filled cells were then smoothed with a 3 by 3 local mean while original finite cells were left unchanged. Ocean cells were masked to NA for terrestrial ecology use. Fill counts are recorded in land_harmonization_gapfill_audit.csv. Four-degree product: area-weighted mean of finite source 1 degree cells.","Level2 gridded","1 degree Level 2 land-harmonized V2 product","4 degree","area-weighted mean of finite source 1 degree cells"
"aridity_index_P_over_E",250,4050,"4 degree lon/lat; lon centers -178..178; lat centers -88..88","C:/Users/Google/Documents/HMSC-HIST/Phanerozoic_Environment_540_0Ma_5Myr_4deg_landharmonized_v2/08_rds_export/Phanerozoic_Environment_540_0Ma_5Myr_Level2_4deg_landharmonized_v2_compact_float32.rds","Precipitation divided by evaporation","unitless","Pohl et al. 2022, land-harmonized to PALEOMAP PaleoDEM","Pohl monthly-derived climate variables from the original Level 2 workflow, land-harmonized to the PALEOMAP PaleoDEM land mask. Missing Pohl values on PALEOMAP land were filled from the nearest finite PALEOMAP-land Pohl cell using spherical-coordinate nearest-neighbour search; for continuous variables only, the filled cells were then smoothed with a 3 by 3 local mean while original finite cells were left unchanged. Ocean cells were masked to NA for terrestrial ecology use. Fill counts are recorded in land_harmonization_gapfill_audit.csv. Four-degree product: area-weighted mean of finite source 1 degree cells.","Level2 gridded","1 degree Level 2 land-harmonized V2 product","4 degree","area-weighted mean of finite source 1 degree cells"
"aridity_index_P_over_E",245,4050,"4 degree lon/lat; lon centers -178..178; lat centers -88..88","C:/Users/Google/Documents/HMSC-HIST/Phanerozoic_Environment_540_0Ma_5Myr_4deg_landharmonized_v2/08_rds_export/Phanerozoic_Environment_540_0Ma_5Myr_Level2_4deg_landharmonized_v2_compact_float32.rds","Precipitation divided by evaporation","unitless","Pohl et al. 2022, land-harmonized to PALEOMAP PaleoDEM","Pohl monthly-derived climate variables from the original Level 2 workflow, land-harmonized to the PALEOMAP PaleoDEM land mask. Missing Pohl values on PALEOMAP land were filled from the nearest finite PALEOMAP-land Pohl cell using spherical-coordinate nearest-neighbour search; for continuous variables only, the filled cells were then smoothed with a 3 by 3 local mean while original finite cells were left unchanged. Ocean cells were masked to NA for terrestrial ecology use. Fill counts are recorded in land_harmonization_gapfill_audit.csv. Four-degree product: area-weighted mean of finite source 1 degree cells.","Level2 gridded","1 degree Level 2 land-harmonized V2 product","4 degree","area-weighted mean of finite source 1 degree cells"
"aridity_index_P_over_E",240,4050,"4 degree lon/lat; lon centers -178..178; lat centers -88..88","C:/Users/Google/Documents/HMSC-HIST/Phanerozoic_Environment_540_0Ma_5Myr_4deg_landharmonized_v2/08_rds_export/Phanerozoic_Environment_540_0Ma_5Myr_Level2_4deg_landharmonized_v2_compact_float32.rds","Precipitation divided by evaporation","unitless","Pohl et al. 2022, land-harmonized to PALEOMAP PaleoDEM","Pohl monthly-derived climate variables from the original Level 2 workflow, land-harmonized to the PALEOMAP PaleoDEM land mask. Missing Pohl values on PALEOMAP land were filled from the nearest finite PALEOMAP-land Pohl cell using spherical-coordinate nearest-neighbour search; for continuous variables only, the filled cells were then smoothed with a 3 by 3 local mean while original finite cells were left unchanged. Ocean cells were masked to NA for terrestrial ecology use. Fill counts are recorded in land_harmonization_gapfill_audit.csv. Four-degree product: area-weighted mean of finite source 1 degree cells.","Level2 gridded","1 degree Level 2 land-harmonized V2 product","4 degree","area-weighted mean of finite source 1 degree cells"
"aridity_index_P_over_E",235,4050,"4 degree lon/lat; lon centers -178..178; lat centers -88..88","C:/Users/Google/Documents/HMSC-HIST/Phanerozoic_Environment_540_0Ma_5Myr_4deg_landharmonized_v2/08_rds_export/Phanerozoic_Environment_540_0Ma_5Myr_Level2_4deg_landharmonized_v2_compact_float32.rds","Precipitation divided by evaporation","unitless","Pohl et al. 2022, land-harmonized to PALEOMAP PaleoDEM","Pohl monthly-derived climate variables from the original Level 2 workflow, land-harmonized to the PALEOMAP PaleoDEM land mask. Missing Pohl values on PALEOMAP land were filled from the nearest finite PALEOMAP-land Pohl cell using spherical-coordinate nearest-neighbour search; for continuous variables only, the filled cells were then smoothed with a 3 by 3 local mean while original finite cells were left unchanged. Ocean cells were masked to NA for terrestrial ecology use. Fill counts are recorded in land_harmonization_gapfill_audit.csv. Four-degree product: area-weighted mean of finite source 1 degree cells.","Level2 gridded","1 degree Level 2 land-harmonized V2 product","4 degree","area-weighted mean of finite source 1 degree cells"
"aridity_index_P_over_E",230,4050,"4 degree lon/lat; lon centers -178..178; lat centers -88..88","C:/Users/Google/Documents/HMSC-HIST/Phanerozoic_Environment_540_0Ma_5Myr_4deg_landharmonized_v2/08_rds_export/Phanerozoic_Environment_540_0Ma_5Myr_Level2_4deg_landharmonized_v2_compact_float32.rds","Precipitation divided by evaporation","unitless","Pohl et al. 2022, land-harmonized to PALEOMAP PaleoDEM","Pohl monthly-derived climate variables from the original Level 2 workflow, land-harmonized to the PALEOMAP PaleoDEM land mask. Missing Pohl values on PALEOMAP land were filled from the nearest finite PALEOMAP-land Pohl cell using spherical-coordinate nearest-neighbour search; for continuous variables only, the filled cells were then smoothed with a 3 by 3 local mean while original finite cells were left unchanged. Ocean cells were masked to NA for terrestrial ecology use. Fill counts are recorded in land_harmonization_gapfill_audit.csv. Four-degree product: area-weighted mean of finite source 1 degree cells.","Level2 gridded","1 degree Level 2 land-harmonized V2 product","4 degree","area-weighted mean of finite source 1 degree cells"
"aridity_index_P_over_E",225,4050,"4 degree lon/lat; lon centers -178..178; lat centers -88..88","C:/Users/Google/Documents/HMSC-HIST/Phanerozoic_Environment_540_0Ma_5Myr_4deg_landharmonized_v2/08_rds_export/Phanerozoic_Environment_540_0Ma_5Myr_Level2_4deg_landharmonized_v2_compact_float32.rds","Precipitation divided by evaporation","unitless","Pohl et al. 2022, land-harmonized to PALEOMAP PaleoDEM","Pohl monthly-derived climate variables from the original Level 2 workflow, land-harmonized to the PALEOMAP PaleoDEM land mask. Missing Pohl values on PALEOMAP land were filled from the nearest finite PALEOMAP-land Pohl cell using spherical-coordinate nearest-neighbour search; for continuous variables only, the filled cells were then smoothed with a 3 by 3 local mean while original finite cells were left unchanged. Ocean cells were masked to NA for terrestrial ecology use. Fill counts are recorded in land_harmonization_gapfill_audit.csv. Four-degree product: area-weighted mean of finite source 1 degree cells.","Level2 gridded","1 degree Level 2 land-harmonized V2 product","4 degree","area-weighted mean of finite source 1 degree cells"
"aridity_index_P_over_E",220,4050,"4 degree lon/lat; lon centers -178..178; lat centers -88..88","C:/Users/Google/Documents/HMSC-HIST/Phanerozoic_Environment_540_0Ma_5Myr_4deg_landharmonized_v2/08_rds_export/Phanerozoic_Environment_540_0Ma_5Myr_Level2_4deg_landharmonized_v2_compact_float32.rds","Precipitation divided by evaporation","unitless","Pohl et al. 2022, land-harmonized to PALEOMAP PaleoDEM","Pohl monthly-derived climate variables from the original Level 2 workflow, land-harmonized to the PALEOMAP PaleoDEM land mask. Missing Pohl values on PALEOMAP land were filled from the nearest finite PALEOMAP-land Pohl cell using spherical-coordinate nearest-neighbour search; for continuous variables only, the filled cells were then smoothed with a 3 by 3 local mean while original finite cells were left unchanged. Ocean cells were masked to NA for terrestrial ecology use. Fill counts are recorded in land_harmonization_gapfill_audit.csv. Four-degree product: area-weighted mean of finite source 1 degree cells.","Level2 gridded","1 degree Level 2 land-harmonized V2 product","4 degree","area-weighted mean of finite source 1 degree cells"
"aridity_index_P_over_E",215,4050,"4 degree lon/lat; lon centers -178..178; lat centers -88..88","C:/Users/Google/Documents/HMSC-HIST/Phanerozoic_Environment_540_0Ma_5Myr_4deg_landharmonized_v2/08_rds_export/Phanerozoic_Environment_540_0Ma_5Myr_Level2_4deg_landharmonized_v2_compact_float32.rds","Precipitation divided by evaporation","unitless","Pohl et al. 2022, land-harmonized to PALEOMAP PaleoDEM","Pohl monthly-derived climate variables from the original Level 2 workflow, land-harmonized to the PALEOMAP PaleoDEM land mask. Missing Pohl values on PALEOMAP land were filled from the nearest finite PALEOMAP-land Pohl cell using spherical-coordinate nearest-neighbour search; for continuous variables only, the filled cells were then smoothed with a 3 by 3 local mean while original finite cells were left unchanged. Ocean cells were masked to NA for terrestrial ecology use. Fill counts are recorded in land_harmonization_gapfill_audit.csv. Four-degree product: area-weighted mean of finite source 1 degree cells.","Level2 gridded","1 degree Level 2 land-harmonized V2 product","4 degree","area-weighted mean of finite source 1 degree cells"
"aridity_index_P_over_E",210,4050,"4 degree lon/lat; lon centers -178..178; lat centers -88..88","C:/Users/Google/Documents/HMSC-HIST/Phanerozoic_Environment_540_0Ma_5Myr_4deg_landharmonized_v2/08_rds_export/Phanerozoic_Environment_540_0Ma_5Myr_Level2_4deg_landharmonized_v2_compact_float32.rds","Precipitation divided by evaporation","unitless","Pohl et al. 2022, land-harmonized to PALEOMAP PaleoDEM","Pohl monthly-derived climate variables from the original Level 2 workflow, land-harmonized to the PALEOMAP PaleoDEM land mask. Missing Pohl values on PALEOMAP land were filled from the nearest finite PALEOMAP-land Pohl cell using spherical-coordinate nearest-neighbour search; for continuous variables only, the filled cells were then smoothed with a 3 by 3 local mean while original finite cells were left unchanged. Ocean cells were masked to NA for terrestrial ecology use. Fill counts are recorded in land_harmonization_gapfill_audit.csv. Four-degree product: area-weighted mean of finite source 1 degree cells.","Level2 gridded","1 degree Level 2 land-harmonized V2 product","4 degree","area-weighted mean of finite source 1 degree cells"
"aridity_index_P_over_E",205,4050,"4 degree lon/lat; lon centers -178..178; lat centers -88..88","C:/Users/Google/Documents/HMSC-HIST/Phanerozoic_Environment_540_0Ma_5Myr_4deg_landharmonized_v2/08_rds_export/Phanerozoic_Environment_540_0Ma_5Myr_Level2_4deg_landharmonized_v2_compact_float32.rds","Precipitation divided by evaporation","unitless","Pohl et al. 2022, land-harmonized to PALEOMAP PaleoDEM","Pohl monthly-derived climate variables from the original Level 2 workflow, land-harmonized to the PALEOMAP PaleoDEM land mask. Missing Pohl values on PALEOMAP land were filled from the nearest finite PALEOMAP-land Pohl cell using spherical-coordinate nearest-neighbour search; for continuous variables only, the filled cells were then smoothed with a 3 by 3 local mean while original finite cells were left unchanged. Ocean cells were masked to NA for terrestrial ecology use. Fill counts are recorded in land_harmonization_gapfill_audit.csv. Four-degree product: area-weighted mean of finite source 1 degree cells.","Level2 gridded","1 degree Level 2 land-harmonized V2 product","4 degree","area-weighted mean of finite source 1 degree cells"
"aridity_index_P_over_E",200,4050,"4 degree lon/lat; lon centers -178..178; lat centers -88..88","C:/Users/Google/Documents/HMSC-HIST/Phanerozoic_Environment_540_0Ma_5Myr_4deg_landharmonized_v2/08_rds_export/Phanerozoic_Environment_540_0Ma_5Myr_Level2_4deg_landharmonized_v2_compact_float32.rds","Precipitation divided by evaporation","unitless","Pohl et al. 2022, land-harmonized to PALEOMAP PaleoDEM","Pohl monthly-derived climate variables from the original Level 2 workflow, land-harmonized to the PALEOMAP PaleoDEM land mask. Missing Pohl values on PALEOMAP land were filled from the nearest finite PALEOMAP-land Pohl cell using spherical-coordinate nearest-neighbour search; for continuous variables only, the filled cells were then smoothed with a 3 by 3 local mean while original finite cells were left unchanged. Ocean cells were masked to NA for terrestrial ecology use. Fill counts are recorded in land_harmonization_gapfill_audit.csv. Four-degree product: area-weighted mean of finite source 1 degree cells.","Level2 gridded","1 degree Level 2 land-harmonized V2 product","4 degree","area-weighted mean of finite source 1 degree cells"
"aridity_index_P_over_E",195,4050,"4 degree lon/lat; lon centers -178..178; lat centers -88..88","C:/Users/Google/Documents/HMSC-HIST/Phanerozoic_Environment_540_0Ma_5Myr_4deg_landharmonized_v2/08_rds_export/Phanerozoic_Environment_540_0Ma_5Myr_Level2_4deg_landharmonized_v2_compact_float32.rds","Precipitation divided by evaporation","unitless","Pohl et al. 2022, land-harmonized to PALEOMAP PaleoDEM","Pohl monthly-derived climate variables from the original Level 2 workflow, land-harmonized to the PALEOMAP PaleoDEM land mask. Missing Pohl values on PALEOMAP land were filled from the nearest finite PALEOMAP-land Pohl cell using spherical-coordinate nearest-neighbour search; for continuous variables only, the filled cells were then smoothed with a 3 by 3 local mean while original finite cells were left unchanged. Ocean cells were masked to NA for terrestrial ecology use. Fill counts are recorded in land_harmonization_gapfill_audit.csv. Four-degree product: area-weighted mean of finite source 1 degree cells.","Level2 gridded","1 degree Level 2 land-harmonized V2 product","4 degree","area-weighted mean of finite source 1 degree cells"
"aridity_index_P_over_E",190,4050,"4 degree lon/lat; lon centers -178..178; lat centers -88..88","C:/Users/Google/Documents/HMSC-HIST/Phanerozoic_Environment_540_0Ma_5Myr_4deg_landharmonized_v2/08_rds_export/Phanerozoic_Environment_540_0Ma_5Myr_Level2_4deg_landharmonized_v2_compact_float32.rds","Precipitation divided by evaporation","unitless","Pohl et al. 2022, land-harmonized to PALEOMAP PaleoDEM","Pohl monthly-derived climate variables from the original Level 2 workflow, land-harmonized to the PALEOMAP PaleoDEM land mask. Missing Pohl values on PALEOMAP land were filled from the nearest finite PALEOMAP-land Pohl cell using spherical-coordinate nearest-neighbour search; for continuous variables only, the filled cells were then smoothed with a 3 by 3 local mean while original finite cells were left unchanged. Ocean cells were masked to NA for terrestrial ecology use. Fill counts are recorded in land_harmonization_gapfill_audit.csv. Four-degree product: area-weighted mean of finite source 1 degree cells.","Level2 gridded","1 degree Level 2 land-harmonized V2 product","4 degree","area-weighted mean of finite source 1 degree cells"
"aridity_index_P_over_E",185,4050,"4 degree lon/lat; lon centers -178..178; lat centers -88..88","C:/Users/Google/Documents/HMSC-HIST/Phanerozoic_Environment_540_0Ma_5Myr_4deg_landharmonized_v2/08_rds_export/Phanerozoic_Environment_540_0Ma_5Myr_Level2_4deg_landharmonized_v2_compact_float32.rds","Precipitation divided by evaporation","unitless","Pohl et al. 2022, land-harmonized to PALEOMAP PaleoDEM","Pohl monthly-derived climate variables from the original Level 2 workflow, land-harmonized to the PALEOMAP PaleoDEM land mask. Missing Pohl values on PALEOMAP land were filled from the nearest finite PALEOMAP-land Pohl cell using spherical-coordinate nearest-neighbour search; for continuous variables only, the filled cells were then smoothed with a 3 by 3 local mean while original finite cells were left unchanged. Ocean cells were masked to NA for terrestrial ecology use. Fill counts are recorded in land_harmonization_gapfill_audit.csv. Four-degree product: area-weighted mean of finite source 1 degree cells.","Level2 gridded","1 degree Level 2 land-harmonized V2 product","4 degree","area-weighted mean of finite source 1 degree cells"
"aridity_index_P_over_E",180,4050,"4 degree lon/lat; lon centers -178..178; lat centers -88..88","C:/Users/Google/Documents/HMSC-HIST/Phanerozoic_Environment_540_0Ma_5Myr_4deg_landharmonized_v2/08_rds_export/Phanerozoic_Environment_540_0Ma_5Myr_Level2_4deg_landharmonized_v2_compact_float32.rds","Precipitation divided by evaporation","unitless","Pohl et al. 2022, land-harmonized to PALEOMAP PaleoDEM","Pohl monthly-derived climate variables from the original Level 2 workflow, land-harmonized to the PALEOMAP PaleoDEM land mask. Missing Pohl values on PALEOMAP land were filled from the nearest finite PALEOMAP-land Pohl cell using spherical-coordinate nearest-neighbour search; for continuous variables only, the filled cells were then smoothed with a 3 by 3 local mean while original finite cells were left unchanged. Ocean cells were masked to NA for terrestrial ecology use. Fill counts are recorded in land_harmonization_gapfill_audit.csv. Four-degree product: area-weighted mean of finite source 1 degree cells.","Level2 gridded","1 degree Level 2 land-harmonized V2 product","4 degree","area-weighted mean of finite source 1 degree cells"
"aridity_index_P_over_E",175,4050,"4 degree lon/lat; lon centers -178..178; lat centers -88..88","C:/Users/Google/Documents/HMSC-HIST/Phanerozoic_Environment_540_0Ma_5Myr_4deg_landharmonized_v2/08_rds_export/Phanerozoic_Environment_540_0Ma_5Myr_Level2_4deg_landharmonized_v2_compact_float32.rds","Precipitation divided by evaporation","unitless","Pohl et al. 2022, land-harmonized to PALEOMAP PaleoDEM","Pohl monthly-derived climate variables from the original Level 2 workflow, land-harmonized to the PALEOMAP PaleoDEM land mask. Missing Pohl values on PALEOMAP land were filled from the nearest finite PALEOMAP-land Pohl cell using spherical-coordinate nearest-neighbour search; for continuous variables only, the filled cells were then smoothed with a 3 by 3 local mean while original finite cells were left unchanged. Ocean cells were masked to NA for terrestrial ecology use. Fill counts are recorded in land_harmonization_gapfill_audit.csv. Four-degree product: area-weighted mean of finite source 1 degree cells.","Level2 gridded","1 degree Level 2 land-harmonized V2 product","4 degree","area-weighted mean of finite source 1 degree cells"
"aridity_index_P_over_E",170,4050,"4 degree lon/lat; lon centers -178..178; lat centers -88..88","C:/Users/Google/Documents/HMSC-HIST/Phanerozoic_Environment_540_0Ma_5Myr_4deg_landharmonized_v2/08_rds_export/Phanerozoic_Environment_540_0Ma_5Myr_Level2_4deg_landharmonized_v2_compact_float32.rds","Precipitation divided by evaporation","unitless","Pohl et al. 2022, land-harmonized to PALEOMAP PaleoDEM","Pohl monthly-derived climate variables from the original Level 2 workflow, land-harmonized to the PALEOMAP PaleoDEM land mask. Missing Pohl values on PALEOMAP land were filled from the nearest finite PALEOMAP-land Pohl cell using spherical-coordinate nearest-neighbour search; for continuous variables only, the filled cells were then smoothed with a 3 by 3 local mean while original finite cells were left unchanged. Ocean cells were masked to NA for terrestrial ecology use. Fill counts are recorded in land_harmonization_gapfill_audit.csv. Four-degree product: area-weighted mean of finite source 1 degree cells.","Level2 gridded","1 degree Level 2 land-harmonized V2 product","4 degree","area-weighted mean of finite source 1 degree cells"
"aridity_index_P_over_E",165,4050,"4 degree lon/lat; lon centers -178..178; lat centers -88..88","C:/Users/Google/Documents/HMSC-HIST/Phanerozoic_Environment_540_0Ma_5Myr_4deg_landharmonized_v2/08_rds_export/Phanerozoic_Environment_540_0Ma_5Myr_Level2_4deg_landharmonized_v2_compact_float32.rds","Precipitation divided by evaporation","unitless","Pohl et al. 2022, land-harmonized to PALEOMAP PaleoDEM","Pohl monthly-derived climate variables from the original Level 2 workflow, land-harmonized to the PALEOMAP PaleoDEM land mask. Missing Pohl values on PALEOMAP land were filled from the nearest finite PALEOMAP-land Pohl cell using spherical-coordinate nearest-neighbour search; for continuous variables only, the filled cells were then smoothed with a 3 by 3 local mean while original finite cells were left unchanged. Ocean cells were masked to NA for terrestrial ecology use. Fill counts are recorded in land_harmonization_gapfill_audit.csv. Four-degree product: area-weighted mean of finite source 1 degree cells.","Level2 gridded","1 degree Level 2 land-harmonized V2 product","4 degree","area-weighted mean of finite source 1 degree cells"
"aridity_index_P_over_E",160,4050,"4 degree lon/lat; lon centers -178..178; lat centers -88..88","C:/Users/Google/Documents/HMSC-HIST/Phanerozoic_Environment_540_0Ma_5Myr_4deg_landharmonized_v2/08_rds_export/Phanerozoic_Environment_540_0Ma_5Myr_Level2_4deg_landharmonized_v2_compact_float32.rds","Precipitation divided by evaporation","unitless","Pohl et al. 2022, land-harmonized to PALEOMAP PaleoDEM","Pohl monthly-derived climate variables from the original Level 2 workflow, land-harmonized to the PALEOMAP PaleoDEM land mask. Missing Pohl values on PALEOMAP land were filled from the nearest finite PALEOMAP-land Pohl cell using spherical-coordinate nearest-neighbour search; for continuous variables only, the filled cells were then smoothed with a 3 by 3 local mean while original finite cells were left unchanged. Ocean cells were masked to NA for terrestrial ecology use. Fill counts are recorded in land_harmonization_gapfill_audit.csv. Four-degree product: area-weighted mean of finite source 1 degree cells.","Level2 gridded","1 degree Level 2 land-harmonized V2 product","4 degree","area-weighted mean of finite source 1 degree cells"
"aridity_index_P_over_E",155,4050,"4 degree lon/lat; lon centers -178..178; lat centers -88..88","C:/Users/Google/Documents/HMSC-HIST/Phanerozoic_Environment_540_0Ma_5Myr_4deg_landharmonized_v2/08_rds_export/Phanerozoic_Environment_540_0Ma_5Myr_Level2_4deg_landharmonized_v2_compact_float32.rds","Precipitation divided by evaporation","unitless","Pohl et al. 2022, land-harmonized to PALEOMAP PaleoDEM","Pohl monthly-derived climate variables from the original Level 2 workflow, land-harmonized to the PALEOMAP PaleoDEM land mask. Missing Pohl values on PALEOMAP land were filled from the nearest finite PALEOMAP-land Pohl cell using spherical-coordinate nearest-neighbour search; for continuous variables only, the filled cells were then smoothed with a 3 by 3 local mean while original finite cells were left unchanged. Ocean cells were masked to NA for terrestrial ecology use. Fill counts are recorded in land_harmonization_gapfill_audit.csv. Four-degree product: area-weighted mean of finite source 1 degree cells.","Level2 gridded","1 degree Level 2 land-harmonized V2 product","4 degree","area-weighted mean of finite source 1 degree cells"
"aridity_index_P_over_E",150,4050,"4 degree lon/lat; lon centers -178..178; lat centers -88..88","C:/Users/Google/Documents/HMSC-HIST/Phanerozoic_Environment_540_0Ma_5Myr_4deg_landharmonized_v2/08_rds_export/Phanerozoic_Environment_540_0Ma_5Myr_Level2_4deg_landharmonized_v2_compact_float32.rds","Precipitation divided by evaporation","unitless","Pohl et al. 2022, land-harmonized to PALEOMAP PaleoDEM","Pohl monthly-derived climate variables from the original Level 2 workflow, land-harmonized to the PALEOMAP PaleoDEM land mask. Missing Pohl values on PALEOMAP land were filled from the nearest finite PALEOMAP-land Pohl cell using spherical-coordinate nearest-neighbour search; for continuous variables only, the filled cells were then smoothed with a 3 by 3 local mean while original finite cells were left unchanged. Ocean cells were masked to NA for terrestrial ecology use. Fill counts are recorded in land_harmonization_gapfill_audit.csv. Four-degree product: area-weighted mean of finite source 1 degree cells.","Level2 gridded","1 degree Level 2 land-harmonized V2 product","4 degree","area-weighted mean of finite source 1 degree cells"
"aridity_index_P_over_E",145,4050,"4 degree lon/lat; lon centers -178..178; lat centers -88..88","C:/Users/Google/Documents/HMSC-HIST/Phanerozoic_Environment_540_0Ma_5Myr_4deg_landharmonized_v2/08_rds_export/Phanerozoic_Environment_540_0Ma_5Myr_Level2_4deg_landharmonized_v2_compact_float32.rds","Precipitation divided by evaporation","unitless","Pohl et al. 2022, land-harmonized to PALEOMAP PaleoDEM","Pohl monthly-derived climate variables from the original Level 2 workflow, land-harmonized to the PALEOMAP PaleoDEM land mask. Missing Pohl values on PALEOMAP land were filled from the nearest finite PALEOMAP-land Pohl cell using spherical-coordinate nearest-neighbour search; for continuous variables only, the filled cells were then smoothed with a 3 by 3 local mean while original finite cells were left unchanged. Ocean cells were masked to NA for terrestrial ecology use. Fill counts are recorded in land_harmonization_gapfill_audit.csv. Four-degree product: area-weighted mean of finite source 1 degree cells.","Level2 gridded","1 degree Level 2 land-harmonized V2 product","4 degree","area-weighted mean of finite source 1 degree cells"
"aridity_index_P_over_E",140,4050,"4 degree lon/lat; lon centers -178..178; lat centers -88..88","C:/Users/Google/Documents/HMSC-HIST/Phanerozoic_Environment_540_0Ma_5Myr_4deg_landharmonized_v2/08_rds_export/Phanerozoic_Environment_540_0Ma_5Myr_Level2_4deg_landharmonized_v2_compact_float32.rds","Precipitation divided by evaporation","unitless","Pohl et al. 2022, land-harmonized to PALEOMAP PaleoDEM","Pohl monthly-derived climate variables from the original Level 2 workflow, land-harmonized to the PALEOMAP PaleoDEM land mask. Missing Pohl values on PALEOMAP land were filled from the nearest finite PALEOMAP-land Pohl cell using spherical-coordinate nearest-neighbour search; for continuous variables only, the filled cells were then smoothed with a 3 by 3 local mean while original finite cells were left unchanged. Ocean cells were masked to NA for terrestrial ecology use. Fill counts are recorded in land_harmonization_gapfill_audit.csv. Four-degree product: area-weighted mean of finite source 1 degree cells.","Level2 gridded","1 degree Level 2 land-harmonized V2 product","4 degree","area-weighted mean of finite source 1 degree cells"
"aridity_index_P_over_E",135,4050,"4 degree lon/lat; lon centers -178..178; lat centers -88..88","C:/Users/Google/Documents/HMSC-HIST/Phanerozoic_Environment_540_0Ma_5Myr_4deg_landharmonized_v2/08_rds_export/Phanerozoic_Environment_540_0Ma_5Myr_Level2_4deg_landharmonized_v2_compact_float32.rds","Precipitation divided by evaporation","unitless","Pohl et al. 2022, land-harmonized to PALEOMAP PaleoDEM","Pohl monthly-derived climate variables from the original Level 2 workflow, land-harmonized to the PALEOMAP PaleoDEM land mask. Missing Pohl values on PALEOMAP land were filled from the nearest finite PALEOMAP-land Pohl cell using spherical-coordinate nearest-neighbour search; for continuous variables only, the filled cells were then smoothed with a 3 by 3 local mean while original finite cells were left unchanged. Ocean cells were masked to NA for terrestrial ecology use. Fill counts are recorded in land_harmonization_gapfill_audit.csv. Four-degree product: area-weighted mean of finite source 1 degree cells.","Level2 gridded","1 degree Level 2 land-harmonized V2 product","4 degree","area-weighted mean of finite source 1 degree cells"
"aridity_index_P_over_E",130,4050,"4 degree lon/lat; lon centers -178..178; lat centers -88..88","C:/Users/Google/Documents/HMSC-HIST/Phanerozoic_Environment_540_0Ma_5Myr_4deg_landharmonized_v2/08_rds_export/Phanerozoic_Environment_540_0Ma_5Myr_Level2_4deg_landharmonized_v2_compact_float32.rds","Precipitation divided by evaporation","unitless","Pohl et al. 2022, land-harmonized to PALEOMAP PaleoDEM","Pohl monthly-derived climate variables from the original Level 2 workflow, land-harmonized to the PALEOMAP PaleoDEM land mask. Missing Pohl values on PALEOMAP land were filled from the nearest finite PALEOMAP-land Pohl cell using spherical-coordinate nearest-neighbour search; for continuous variables only, the filled cells were then smoothed with a 3 by 3 local mean while original finite cells were left unchanged. Ocean cells were masked to NA for terrestrial ecology use. Fill counts are recorded in land_harmonization_gapfill_audit.csv. Four-degree product: area-weighted mean of finite source 1 degree cells.","Level2 gridded","1 degree Level 2 land-harmonized V2 product","4 degree","area-weighted mean of finite source 1 degree cells"
"aridity_index_P_over_E",125,4050,"4 degree lon/lat; lon centers -178..178; lat centers -88..88","C:/Users/Google/Documents/HMSC-HIST/Phanerozoic_Environment_540_0Ma_5Myr_4deg_landharmonized_v2/08_rds_export/Phanerozoic_Environment_540_0Ma_5Myr_Level2_4deg_landharmonized_v2_compact_float32.rds","Precipitation divided by evaporation","unitless","Pohl et al. 2022, land-harmonized to PALEOMAP PaleoDEM","Pohl monthly-derived climate variables from the original Level 2 workflow, land-harmonized to the PALEOMAP PaleoDEM land mask. Missing Pohl values on PALEOMAP land were filled from the nearest finite PALEOMAP-land Pohl cell using spherical-coordinate nearest-neighbour search; for continuous variables only, the filled cells were then smoothed with a 3 by 3 local mean while original finite cells were left unchanged. Ocean cells were masked to NA for terrestrial ecology use. Fill counts are recorded in land_harmonization_gapfill_audit.csv. Four-degree product: area-weighted mean of finite source 1 degree cells.","Level2 gridded","1 degree Level 2 land-harmonized V2 product","4 degree","area-weighted mean of finite source 1 degree cells"
"aridity_index_P_over_E",120,4050,"4 degree lon/lat; lon centers -178..178; lat centers -88..88","C:/Users/Google/Documents/HMSC-HIST/Phanerozoic_Environment_540_0Ma_5Myr_4deg_landharmonized_v2/08_rds_export/Phanerozoic_Environment_540_0Ma_5Myr_Level2_4deg_landharmonized_v2_compact_float32.rds","Precipitation divided by evaporation","unitless","Pohl et al. 2022, land-harmonized to PALEOMAP PaleoDEM","Pohl monthly-derived climate variables from the original Level 2 workflow, land-harmonized to the PALEOMAP PaleoDEM land mask. Missing Pohl values on PALEOMAP land were filled from the nearest finite PALEOMAP-land Pohl cell using spherical-coordinate nearest-neighbour search; for continuous variables only, the filled cells were then smoothed with a 3 by 3 local mean while original finite cells were left unchanged. Ocean cells were masked to NA for terrestrial ecology use. Fill counts are recorded in land_harmonization_gapfill_audit.csv. Four-degree product: area-weighted mean of finite source 1 degree cells.","Level2 gridded","1 degree Level 2 land-harmonized V2 product","4 degree","area-weighted mean of finite source 1 degree cells"
"aridity_index_P_over_E",115,4050,"4 degree lon/lat; lon centers -178..178; lat centers -88..88","C:/Users/Google/Documents/HMSC-HIST/Phanerozoic_Environment_540_0Ma_5Myr_4deg_landharmonized_v2/08_rds_export/Phanerozoic_Environment_540_0Ma_5Myr_Level2_4deg_landharmonized_v2_compact_float32.rds","Precipitation divided by evaporation","unitless","Pohl et al. 2022, land-harmonized to PALEOMAP PaleoDEM","Pohl monthly-derived climate variables from the original Level 2 workflow, land-harmonized to the PALEOMAP PaleoDEM land mask. Missing Pohl values on PALEOMAP land were filled from the nearest finite PALEOMAP-land Pohl cell using spherical-coordinate nearest-neighbour search; for continuous variables only, the filled cells were then smoothed with a 3 by 3 local mean while original finite cells were left unchanged. Ocean cells were masked to NA for terrestrial ecology use. Fill counts are recorded in land_harmonization_gapfill_audit.csv. Four-degree product: area-weighted mean of finite source 1 degree cells.","Level2 gridded","1 degree Level 2 land-harmonized V2 product","4 degree","area-weighted mean of finite source 1 degree cells"
"aridity_index_P_over_E",110,4050,"4 degree lon/lat; lon centers -178..178; lat centers -88..88","C:/Users/Google/Documents/HMSC-HIST/Phanerozoic_Environment_540_0Ma_5Myr_4deg_landharmonized_v2/08_rds_export/Phanerozoic_Environment_540_0Ma_5Myr_Level2_4deg_landharmonized_v2_compact_float32.rds","Precipitation divided by evaporation","unitless","Pohl et al. 2022, land-harmonized to PALEOMAP PaleoDEM","Pohl monthly-derived climate variables from the original Level 2 workflow, land-harmonized to the PALEOMAP PaleoDEM land mask. Missing Pohl values on PALEOMAP land were filled from the nearest finite PALEOMAP-land Pohl cell using spherical-coordinate nearest-neighbour search; for continuous variables only, the filled cells were then smoothed with a 3 by 3 local mean while original finite cells were left unchanged. Ocean cells were masked to NA for terrestrial ecology use. Fill counts are recorded in land_harmonization_gapfill_audit.csv. Four-degree product: area-weighted mean of finite source 1 degree cells.","Level2 gridded","1 degree Level 2 land-harmonized V2 product","4 degree","area-weighted mean of finite source 1 degree cells"
"aridity_index_P_over_E",105,4050,"4 degree lon/lat; lon centers -178..178; lat centers -88..88","C:/Users/Google/Documents/HMSC-HIST/Phanerozoic_Environment_540_0Ma_5Myr_4deg_landharmonized_v2/08_rds_export/Phanerozoic_Environment_540_0Ma_5Myr_Level2_4deg_landharmonized_v2_compact_float32.rds","Precipitation divided by evaporation","unitless","Pohl et al. 2022, land-harmonized to PALEOMAP PaleoDEM","Pohl monthly-derived climate variables from the original Level 2 workflow, land-harmonized to the PALEOMAP PaleoDEM land mask. Missing Pohl values on PALEOMAP land were filled from the nearest finite PALEOMAP-land Pohl cell using spherical-coordinate nearest-neighbour search; for continuous variables only, the filled cells were then smoothed with a 3 by 3 local mean while original finite cells were left unchanged. Ocean cells were masked to NA for terrestrial ecology use. Fill counts are recorded in land_harmonization_gapfill_audit.csv. Four-degree product: area-weighted mean of finite source 1 degree cells.","Level2 gridded","1 degree Level 2 land-harmonized V2 product","4 degree","area-weighted mean of finite source 1 degree cells"
"aridity_index_P_over_E",100,4050,"4 degree lon/lat; lon centers -178..178; lat centers -88..88","C:/Users/Google/Documents/HMSC-HIST/Phanerozoic_Environment_540_0Ma_5Myr_4deg_landharmonized_v2/08_rds_export/Phanerozoic_Environment_540_0Ma_5Myr_Level2_4deg_landharmonized_v2_compact_float32.rds","Precipitation divided by evaporation","unitless","Pohl et al. 2022, land-harmonized to PALEOMAP PaleoDEM","Pohl monthly-derived climate variables from the original Level 2 workflow, land-harmonized to the PALEOMAP PaleoDEM land mask. Missing Pohl values on PALEOMAP land were filled from the nearest finite PALEOMAP-land Pohl cell using spherical-coordinate nearest-neighbour search; for continuous variables only, the filled cells were then smoothed with a 3 by 3 local mean while original finite cells were left unchanged. Ocean cells were masked to NA for terrestrial ecology use. Fill counts are recorded in land_harmonization_gapfill_audit.csv. Four-degree product: area-weighted mean of finite source 1 degree cells.","Level2 gridded","1 degree Level 2 land-harmonized V2 product","4 degree","area-weighted mean of finite source 1 degree cells"
"aridity_index_P_over_E",95,4050,"4 degree lon/lat; lon centers -178..178; lat centers -88..88","C:/Users/Google/Documents/HMSC-HIST/Phanerozoic_Environment_540_0Ma_5Myr_4deg_landharmonized_v2/08_rds_export/Phanerozoic_Environment_540_0Ma_5Myr_Level2_4deg_landharmonized_v2_compact_float32.rds","Precipitation divided by evaporation","unitless","Pohl et al. 2022, land-harmonized to PALEOMAP PaleoDEM","Pohl monthly-derived climate variables from the original Level 2 workflow, land-harmonized to the PALEOMAP PaleoDEM land mask. Missing Pohl values on PALEOMAP land were filled from the nearest finite PALEOMAP-land Pohl cell using spherical-coordinate nearest-neighbour search; for continuous variables only, the filled cells were then smoothed with a 3 by 3 local mean while original finite cells were left unchanged. Ocean cells were masked to NA for terrestrial ecology use. Fill counts are recorded in land_harmonization_gapfill_audit.csv. Four-degree product: area-weighted mean of finite source 1 degree cells.","Level2 gridded","1 degree Level 2 land-harmonized V2 product","4 degree","area-weighted mean of finite source 1 degree cells"
"aridity_index_P_over_E",90,4050,"4 degree lon/lat; lon centers -178..178; lat centers -88..88","C:/Users/Google/Documents/HMSC-HIST/Phanerozoic_Environment_540_0Ma_5Myr_4deg_landharmonized_v2/08_rds_export/Phanerozoic_Environment_540_0Ma_5Myr_Level2_4deg_landharmonized_v2_compact_float32.rds","Precipitation divided by evaporation","unitless","Pohl et al. 2022, land-harmonized to PALEOMAP PaleoDEM","Pohl monthly-derived climate variables from the original Level 2 workflow, land-harmonized to the PALEOMAP PaleoDEM land mask. Missing Pohl values on PALEOMAP land were filled from the nearest finite PALEOMAP-land Pohl cell using spherical-coordinate nearest-neighbour search; for continuous variables only, the filled cells were then smoothed with a 3 by 3 local mean while original finite cells were left unchanged. Ocean cells were masked to NA for terrestrial ecology use. Fill counts are recorded in land_harmonization_gapfill_audit.csv. Four-degree product: area-weighted mean of finite source 1 degree cells.","Level2 gridded","1 degree Level 2 land-harmonized V2 product","4 degree","area-weighted mean of finite source 1 degree cells"
"aridity_index_P_over_E",85,4050,"4 degree lon/lat; lon centers -178..178; lat centers -88..88","C:/Users/Google/Documents/HMSC-HIST/Phanerozoic_Environment_540_0Ma_5Myr_4deg_landharmonized_v2/08_rds_export/Phanerozoic_Environment_540_0Ma_5Myr_Level2_4deg_landharmonized_v2_compact_float32.rds","Precipitation divided by evaporation","unitless","Pohl et al. 2022, land-harmonized to PALEOMAP PaleoDEM","Pohl monthly-derived climate variables from the original Level 2 workflow, land-harmonized to the PALEOMAP PaleoDEM land mask. Missing Pohl values on PALEOMAP land were filled from the nearest finite PALEOMAP-land Pohl cell using spherical-coordinate nearest-neighbour search; for continuous variables only, the filled cells were then smoothed with a 3 by 3 local mean while original finite cells were left unchanged. Ocean cells were masked to NA for terrestrial ecology use. Fill counts are recorded in land_harmonization_gapfill_audit.csv. Four-degree product: area-weighted mean of finite source 1 degree cells.","Level2 gridded","1 degree Level 2 land-harmonized V2 product","4 degree","area-weighted mean of finite source 1 degree cells"
"aridity_index_P_over_E",80,4050,"4 degree lon/lat; lon centers -178..178; lat centers -88..88","C:/Users/Google/Documents/HMSC-HIST/Phanerozoic_Environment_540_0Ma_5Myr_4deg_landharmonized_v2/08_rds_export/Phanerozoic_Environment_540_0Ma_5Myr_Level2_4deg_landharmonized_v2_compact_float32.rds","Precipitation divided by evaporation","unitless","Pohl et al. 2022, land-harmonized to PALEOMAP PaleoDEM","Pohl monthly-derived climate variables from the original Level 2 workflow, land-harmonized to the PALEOMAP PaleoDEM land mask. Missing Pohl values on PALEOMAP land were filled from the nearest finite PALEOMAP-land Pohl cell using spherical-coordinate nearest-neighbour search; for continuous variables only, the filled cells were then smoothed with a 3 by 3 local mean while original finite cells were left unchanged. Ocean cells were masked to NA for terrestrial ecology use. Fill counts are recorded in land_harmonization_gapfill_audit.csv. Four-degree product: area-weighted mean of finite source 1 degree cells.","Level2 gridded","1 degree Level 2 land-harmonized V2 product","4 degree","area-weighted mean of finite source 1 degree cells"
"aridity_index_P_over_E",75,4050,"4 degree lon/lat; lon centers -178..178; lat centers -88..88","C:/Users/Google/Documents/HMSC-HIST/Phanerozoic_Environment_540_0Ma_5Myr_4deg_landharmonized_v2/08_rds_export/Phanerozoic_Environment_540_0Ma_5Myr_Level2_4deg_landharmonized_v2_compact_float32.rds","Precipitation divided by evaporation","unitless","Pohl et al. 2022, land-harmonized to PALEOMAP PaleoDEM","Pohl monthly-derived climate variables from the original Level 2 workflow, land-harmonized to the PALEOMAP PaleoDEM land mask. Missing Pohl values on PALEOMAP land were filled from the nearest finite PALEOMAP-land Pohl cell using spherical-coordinate nearest-neighbour search; for continuous variables only, the filled cells were then smoothed with a 3 by 3 local mean while original finite cells were left unchanged. Ocean cells were masked to NA for terrestrial ecology use. Fill counts are recorded in land_harmonization_gapfill_audit.csv. Four-degree product: area-weighted mean of finite source 1 degree cells.","Level2 gridded","1 degree Level 2 land-harmonized V2 product","4 degree","area-weighted mean of finite source 1 degree cells"
"aridity_index_P_over_E",70,4050,"4 degree lon/lat; lon centers -178..178; lat centers -88..88","C:/Users/Google/Documents/HMSC-HIST/Phanerozoic_Environment_540_0Ma_5Myr_4deg_landharmonized_v2/08_rds_export/Phanerozoic_Environment_540_0Ma_5Myr_Level2_4deg_landharmonized_v2_compact_float32.rds","Precipitation divided by evaporation","unitless","Pohl et al. 2022, land-harmonized to PALEOMAP PaleoDEM","Pohl monthly-derived climate variables from the original Level 2 workflow, land-harmonized to the PALEOMAP PaleoDEM land mask. Missing Pohl values on PALEOMAP land were filled from the nearest finite PALEOMAP-land Pohl cell using spherical-coordinate nearest-neighbour search; for continuous variables only, the filled cells were then smoothed with a 3 by 3 local mean while original finite cells were left unchanged. Ocean cells were masked to NA for terrestrial ecology use. Fill counts are recorded in land_harmonization_gapfill_audit.csv. Four-degree product: area-weighted mean of finite source 1 degree cells.","Level2 gridded","1 degree Level 2 land-harmonized V2 product","4 degree","area-weighted mean of finite source 1 degree cells"
"aridity_index_P_over_E",65,4050,"4 degree lon/lat; lon centers -178..178; lat centers -88..88","C:/Users/Google/Documents/HMSC-HIST/Phanerozoic_Environment_540_0Ma_5Myr_4deg_landharmonized_v2/08_rds_export/Phanerozoic_Environment_540_0Ma_5Myr_Level2_4deg_landharmonized_v2_compact_float32.rds","Precipitation divided by evaporation","unitless","Pohl et al. 2022, land-harmonized to PALEOMAP PaleoDEM","Pohl monthly-derived climate variables from the original Level 2 workflow, land-harmonized to the PALEOMAP PaleoDEM land mask. Missing Pohl values on PALEOMAP land were filled from the nearest finite PALEOMAP-land Pohl cell using spherical-coordinate nearest-neighbour search; for continuous variables only, the filled cells were then smoothed with a 3 by 3 local mean while original finite cells were left unchanged. Ocean cells were masked to NA for terrestrial ecology use. Fill counts are recorded in land_harmonization_gapfill_audit.csv. Four-degree product: area-weighted mean of finite source 1 degree cells.","Level2 gridded","1 degree Level 2 land-harmonized V2 product","4 degree","area-weighted mean of finite source 1 degree cells"
"aridity_index_P_over_E",60,4050,"4 degree lon/lat; lon centers -178..178; lat centers -88..88","C:/Users/Google/Documents/HMSC-HIST/Phanerozoic_Environment_540_0Ma_5Myr_4deg_landharmonized_v2/08_rds_export/Phanerozoic_Environment_540_0Ma_5Myr_Level2_4deg_landharmonized_v2_compact_float32.rds","Precipitation divided by evaporation","unitless","Pohl et al. 2022, land-harmonized to PALEOMAP PaleoDEM","Pohl monthly-derived climate variables from the original Level 2 workflow, land-harmonized to the PALEOMAP PaleoDEM land mask. Missing Pohl values on PALEOMAP land were filled from the nearest finite PALEOMAP-land Pohl cell using spherical-coordinate nearest-neighbour search; for continuous variables only, the filled cells were then smoothed with a 3 by 3 local mean while original finite cells were left unchanged. Ocean cells were masked to NA for terrestrial ecology use. Fill counts are recorded in land_harmonization_gapfill_audit.csv. Four-degree product: area-weighted mean of finite source 1 degree cells.","Level2 gridded","1 degree Level 2 land-harmonized V2 product","4 degree","area-weighted mean of finite source 1 degree cells"
"aridity_index_P_over_E",55,4050,"4 degree lon/lat; lon centers -178..178; lat centers -88..88","C:/Users/Google/Documents/HMSC-HIST/Phanerozoic_Environment_540_0Ma_5Myr_4deg_landharmonized_v2/08_rds_export/Phanerozoic_Environment_540_0Ma_5Myr_Level2_4deg_landharmonized_v2_compact_float32.rds","Precipitation divided by evaporation","unitless","Pohl et al. 2022, land-harmonized to PALEOMAP PaleoDEM","Pohl monthly-derived climate variables from the original Level 2 workflow, land-harmonized to the PALEOMAP PaleoDEM land mask. Missing Pohl values on PALEOMAP land were filled from the nearest finite PALEOMAP-land Pohl cell using spherical-coordinate nearest-neighbour search; for continuous variables only, the filled cells were then smoothed with a 3 by 3 local mean while original finite cells were left unchanged. Ocean cells were masked to NA for terrestrial ecology use. Fill counts are recorded in land_harmonization_gapfill_audit.csv. Four-degree product: area-weighted mean of finite source 1 degree cells.","Level2 gridded","1 degree Level 2 land-harmonized V2 product","4 degree","area-weighted mean of finite source 1 degree cells"
"aridity_index_P_over_E",50,4050,"4 degree lon/lat; lon centers -178..178; lat centers -88..88","C:/Users/Google/Documents/HMSC-HIST/Phanerozoic_Environment_540_0Ma_5Myr_4deg_landharmonized_v2/08_rds_export/Phanerozoic_Environment_540_0Ma_5Myr_Level2_4deg_landharmonized_v2_compact_float32.rds","Precipitation divided by evaporation","unitless","Pohl et al. 2022, land-harmonized to PALEOMAP PaleoDEM","Pohl monthly-derived climate variables from the original Level 2 workflow, land-harmonized to the PALEOMAP PaleoDEM land mask. Missing Pohl values on PALEOMAP land were filled from the nearest finite PALEOMAP-land Pohl cell using spherical-coordinate nearest-neighbour search; for continuous variables only, the filled cells were then smoothed with a 3 by 3 local mean while original finite cells were left unchanged. Ocean cells were masked to NA for terrestrial ecology use. Fill counts are recorded in land_harmonization_gapfill_audit.csv. Four-degree product: area-weighted mean of finite source 1 degree cells.","Level2 gridded","1 degree Level 2 land-harmonized V2 product","4 degree","area-weighted mean of finite source 1 degree cells"
"aridity_index_P_over_E",45,4050,"4 degree lon/lat; lon centers -178..178; lat centers -88..88","C:/Users/Google/Documents/HMSC-HIST/Phanerozoic_Environment_540_0Ma_5Myr_4deg_landharmonized_v2/08_rds_export/Phanerozoic_Environment_540_0Ma_5Myr_Level2_4deg_landharmonized_v2_compact_float32.rds","Precipitation divided by evaporation","unitless","Pohl et al. 2022, land-harmonized to PALEOMAP PaleoDEM","Pohl monthly-derived climate variables from the original Level 2 workflow, land-harmonized to the PALEOMAP PaleoDEM land mask. Missing Pohl values on PALEOMAP land were filled from the nearest finite PALEOMAP-land Pohl cell using spherical-coordinate nearest-neighbour search; for continuous variables only, the filled cells were then smoothed with a 3 by 3 local mean while original finite cells were left unchanged. Ocean cells were masked to NA for terrestrial ecology use. Fill counts are recorded in land_harmonization_gapfill_audit.csv. Four-degree product: area-weighted mean of finite source 1 degree cells.","Level2 gridded","1 degree Level 2 land-harmonized V2 product","4 degree","area-weighted mean of finite source 1 degree cells"
"aridity_index_P_over_E",40,4050,"4 degree lon/lat; lon centers -178..178; lat centers -88..88","C:/Users/Google/Documents/HMSC-HIST/Phanerozoic_Environment_540_0Ma_5Myr_4deg_landharmonized_v2/08_rds_export/Phanerozoic_Environment_540_0Ma_5Myr_Level2_4deg_landharmonized_v2_compact_float32.rds","Precipitation divided by evaporation","unitless","Pohl et al. 2022, land-harmonized to PALEOMAP PaleoDEM","Pohl monthly-derived climate variables from the original Level 2 workflow, land-harmonized to the PALEOMAP PaleoDEM land mask. Missing Pohl values on PALEOMAP land were filled from the nearest finite PALEOMAP-land Pohl cell using spherical-coordinate nearest-neighbour search; for continuous variables only, the filled cells were then smoothed with a 3 by 3 local mean while original finite cells were left unchanged. Ocean cells were masked to NA for terrestrial ecology use. Fill counts are recorded in land_harmonization_gapfill_audit.csv. Four-degree product: area-weighted mean of finite source 1 degree cells.","Level2 gridded","1 degree Level 2 land-harmonized V2 product","4 degree","area-weighted mean of finite source 1 degree cells"
"aridity_index_P_over_E",35,4050,"4 degree lon/lat; lon centers -178..178; lat centers -88..88","C:/Users/Google/Documents/HMSC-HIST/Phanerozoic_Environment_540_0Ma_5Myr_4deg_landharmonized_v2/08_rds_export/Phanerozoic_Environment_540_0Ma_5Myr_Level2_4deg_landharmonized_v2_compact_float32.rds","Precipitation divided by evaporation","unitless","Pohl et al. 2022, land-harmonized to PALEOMAP PaleoDEM","Pohl monthly-derived climate variables from the original Level 2 workflow, land-harmonized to the PALEOMAP PaleoDEM land mask. Missing Pohl values on PALEOMAP land were filled from the nearest finite PALEOMAP-land Pohl cell using spherical-coordinate nearest-neighbour search; for continuous variables only, the filled cells were then smoothed with a 3 by 3 local mean while original finite cells were left unchanged. Ocean cells were masked to NA for terrestrial ecology use. Fill counts are recorded in land_harmonization_gapfill_audit.csv. Four-degree product: area-weighted mean of finite source 1 degree cells.","Level2 gridded","1 degree Level 2 land-harmonized V2 product","4 degree","area-weighted mean of finite source 1 degree cells"
"aridity_index_P_over_E",30,4050,"4 degree lon/lat; lon centers -178..178; lat centers -88..88","C:/Users/Google/Documents/HMSC-HIST/Phanerozoic_Environment_540_0Ma_5Myr_4deg_landharmonized_v2/08_rds_export/Phanerozoic_Environment_540_0Ma_5Myr_Level2_4deg_landharmonized_v2_compact_float32.rds","Precipitation divided by evaporation","unitless","Pohl et al. 2022, land-harmonized to PALEOMAP PaleoDEM","Pohl monthly-derived climate variables from the original Level 2 workflow, land-harmonized to the PALEOMAP PaleoDEM land mask. Missing Pohl values on PALEOMAP land were filled from the nearest finite PALEOMAP-land Pohl cell using spherical-coordinate nearest-neighbour search; for continuous variables only, the filled cells were then smoothed with a 3 by 3 local mean while original finite cells were left unchanged. Ocean cells were masked to NA for terrestrial ecology use. Fill counts are recorded in land_harmonization_gapfill_audit.csv. Four-degree product: area-weighted mean of finite source 1 degree cells.","Level2 gridded","1 degree Level 2 land-harmonized V2 product","4 degree","area-weighted mean of finite source 1 degree cells"
"aridity_index_P_over_E",25,4050,"4 degree lon/lat; lon centers -178..178; lat centers -88..88","C:/Users/Google/Documents/HMSC-HIST/Phanerozoic_Environment_540_0Ma_5Myr_4deg_landharmonized_v2/08_rds_export/Phanerozoic_Environment_540_0Ma_5Myr_Level2_4deg_landharmonized_v2_compact_float32.rds","Precipitation divided by evaporation","unitless","Pohl et al. 2022, land-harmonized to PALEOMAP PaleoDEM","Pohl monthly-derived climate variables from the original Level 2 workflow, land-harmonized to the PALEOMAP PaleoDEM land mask. Missing Pohl values on PALEOMAP land were filled from the nearest finite PALEOMAP-land Pohl cell using spherical-coordinate nearest-neighbour search; for continuous variables only, the filled cells were then smoothed with a 3 by 3 local mean while original finite cells were left unchanged. Ocean cells were masked to NA for terrestrial ecology use. Fill counts are recorded in land_harmonization_gapfill_audit.csv. Four-degree product: area-weighted mean of finite source 1 degree cells.","Level2 gridded","1 degree Level 2 land-harmonized V2 product","4 degree","area-weighted mean of finite source 1 degree cells"
"aridity_index_P_over_E",20,4050,"4 degree lon/lat; lon centers -178..178; lat centers -88..88","C:/Users/Google/Documents/HMSC-HIST/Phanerozoic_Environment_540_0Ma_5Myr_4deg_landharmonized_v2/08_rds_export/Phanerozoic_Environment_540_0Ma_5Myr_Level2_4deg_landharmonized_v2_compact_float32.rds","Precipitation divided by evaporation","unitless","Pohl et al. 2022, land-harmonized to PALEOMAP PaleoDEM","Pohl monthly-derived climate variables from the original Level 2 workflow, land-harmonized to the PALEOMAP PaleoDEM land mask. Missing Pohl values on PALEOMAP land were filled from the nearest finite PALEOMAP-land Pohl cell using spherical-coordinate nearest-neighbour search; for continuous variables only, the filled cells were then smoothed with a 3 by 3 local mean while original finite cells were left unchanged. Ocean cells were masked to NA for terrestrial ecology use. Fill counts are recorded in land_harmonization_gapfill_audit.csv. Four-degree product: area-weighted mean of finite source 1 degree cells.","Level2 gridded","1 degree Level 2 land-harmonized V2 product","4 degree","area-weighted mean of finite source 1 degree cells"
"aridity_index_P_over_E",15,4050,"4 degree lon/lat; lon centers -178..178; lat centers -88..88","C:/Users/Google/Documents/HMSC-HIST/Phanerozoic_Environment_540_0Ma_5Myr_4deg_landharmonized_v2/08_rds_export/Phanerozoic_Environment_540_0Ma_5Myr_Level2_4deg_landharmonized_v2_compact_float32.rds","Precipitation divided by evaporation","unitless","Pohl et al. 2022, land-harmonized to PALEOMAP PaleoDEM","Pohl monthly-derived climate variables from the original Level 2 workflow, land-harmonized to the PALEOMAP PaleoDEM land mask. Missing Pohl values on PALEOMAP land were filled from the nearest finite PALEOMAP-land Pohl cell using spherical-coordinate nearest-neighbour search; for continuous variables only, the filled cells were then smoothed with a 3 by 3 local mean while original finite cells were left unchanged. Ocean cells were masked to NA for terrestrial ecology use. Fill counts are recorded in land_harmonization_gapfill_audit.csv. Four-degree product: area-weighted mean of finite source 1 degree cells.","Level2 gridded","1 degree Level 2 land-harmonized V2 product","4 degree","area-weighted mean of finite source 1 degree cells"
"aridity_index_P_over_E",10,4050,"4 degree lon/lat; lon centers -178..178; lat centers -88..88","C:/Users/Google/Documents/HMSC-HIST/Phanerozoic_Environment_540_0Ma_5Myr_4deg_landharmonized_v2/08_rds_export/Phanerozoic_Environment_540_0Ma_5Myr_Level2_4deg_landharmonized_v2_compact_float32.rds","Precipitation divided by evaporation","unitless","Pohl et al. 2022, land-harmonized to PALEOMAP PaleoDEM","Pohl monthly-derived climate variables from the original Level 2 workflow, land-harmonized to the PALEOMAP PaleoDEM land mask. Missing Pohl values on PALEOMAP land were filled from the nearest finite PALEOMAP-land Pohl cell using spherical-coordinate nearest-neighbour search; for continuous variables only, the filled cells were then smoothed with a 3 by 3 local mean while original finite cells were left unchanged. Ocean cells were masked to NA for terrestrial ecology use. Fill counts are recorded in land_harmonization_gapfill_audit.csv. Four-degree product: area-weighted mean of finite source 1 degree cells.","Level2 gridded","1 degree Level 2 land-harmonized V2 product","4 degree","area-weighted mean of finite source 1 degree cells"
"aridity_index_P_over_E",5,4050,"4 degree lon/lat; lon centers -178..178; lat centers -88..88","C:/Users/Google/Documents/HMSC-HIST/Phanerozoic_Environment_540_0Ma_5Myr_4deg_landharmonized_v2/08_rds_export/Phanerozoic_Environment_540_0Ma_5Myr_Level2_4deg_landharmonized_v2_compact_float32.rds","Precipitation divided by evaporation","unitless","Pohl et al. 2022, land-harmonized to PALEOMAP PaleoDEM","Pohl monthly-derived climate variables from the original Level 2 workflow, land-harmonized to the PALEOMAP PaleoDEM land mask. Missing Pohl values on PALEOMAP land were filled from the nearest finite PALEOMAP-land Pohl cell using spherical-coordinate nearest-neighbour search; for continuous variables only, the filled cells were then smoothed with a 3 by 3 local mean while original finite cells were left unchanged. Ocean cells were masked to NA for terrestrial ecology use. Fill counts are recorded in land_harmonization_gapfill_audit.csv. Four-degree product: area-weighted mean of finite source 1 degree cells.","Level2 gridded","1 degree Level 2 land-harmonized V2 product","4 degree","area-weighted mean of finite source 1 degree cells"
"aridity_index_P_over_E",0,4050,"4 degree lon/lat; lon centers -178..178; lat centers -88..88","C:/Users/Google/Documents/HMSC-HIST/Phanerozoic_Environment_540_0Ma_5Myr_4deg_landharmonized_v2/08_rds_export/Phanerozoic_Environment_540_0Ma_5Myr_Level2_4deg_landharmonized_v2_compact_float32.rds","Precipitation divided by evaporation","unitless","Pohl et al. 2022, land-harmonized to PALEOMAP PaleoDEM","Pohl monthly-derived climate variables from the original Level 2 workflow, land-harmonized to the PALEOMAP PaleoDEM land mask. Missing Pohl values on PALEOMAP land were filled from the nearest finite PALEOMAP-land Pohl cell using spherical-coordinate nearest-neighbour search; for continuous variables only, the filled cells were then smoothed with a 3 by 3 local mean while original finite cells were left unchanged. Ocean cells were masked to NA for terrestrial ecology use. Fill counts are recorded in land_harmonization_gapfill_audit.csv. Four-degree product: area-weighted mean of finite source 1 degree cells.","Level2 gridded","1 degree Level 2 land-harmonized V2 product","4 degree","area-weighted mean of finite source 1 degree cells"
