"region","time_ma","track_id","lon0","lat0","paleo_lon","paleo_lat","lon","lat","MAT_pohl_C","MAP_pohl_mm_yr","P_seasonality_pohl_sd","elevation_m","distance_to_coast_km","moisture_availability_index_z","wetland_potential_index_z","aridity_index_P_over_E","land_mask_dem","matched_time_ma","matched_distance_deg","cell_id"
"Region_A",540,"track1",-120,-10,-132.12585032955,34.2826419804919,-162,28,29.1894302368164,1121.90283203125,67.1559753417969,110,105.471435546875,-1.8295556306839,-0.583619117736816,1.08318948745728,0.126721113920212,540,30.5276335274696,"track1"
"Region_A",35,"track1",-120,-10,-140.674346487717,-9.07978034986563,-166,-52,-4.17517328262329,755.854309082031,12.8999462127686,160,70.8073654174805,-0.316345930099487,-10.2833557128906,1.36582624912262,0.0645849406719208,35,49.8350677800281,"track1"
"Region_A",135,"track1",-120,-10,163.533076314772,-29.722730404736,142,4,28.112699508667,3556.11474609375,133.664154052734,400,111.250274658203,8.66460800170898,-3.01785826683044,1.62916648387909,0.187643006443977,135,40.0111974518173,"track1"
"Region_A",235,"track1",-120,-10,171.30099499893,-34.7903696489944,130,-48,-0.876009523868561,1252.58740234375,27.1981964111328,20,72.2956924438477,2.36656641960144,2.77630829811096,1.49234592914581,0.0606731064617634,235,43.3620401032036,"track1"
"Region_A",335,"track1",-120,-10,-135.306002493737,-18.9969784114928,-122,-68,-11.935938835144,650.878051757812,9.46372222900391,35,58.4754066467285,0.345501720905304,2.39184236526489,2.01700472831726,0.116880640387535,335,50.7774145380309,"track1"
"Region_A",435,"track1",-120,-10,-100.27850739707,9.27552665564759,-62,-12,33.5012702941895,2720.22241210938,128.877212524414,35.0503692626953,108.462623596191,5.88284778594971,6.0681471824646,1.48283064365387,0.124536223709583,435,43.7937457066956,"track1"
"Region_A",535,"track1",-120,-10,-129.068476852259,33.4692191097386,-162,28,29.6816387176514,1098.783203125,60.970516204834,60,99.6233825683594,-1.5168297290802,-0.137428998947144,1.11549210548401,0.0633605569601059,535,33.3825938851447,"track1"
"Region_A",30,"track1",-120,-10,-136.852611801131,-7.89673110758475,-102,24,11.0191497802734,1042.35607910156,41.6264419555664,374.538177490234,119.094062805176,-1.92827427387238,-4.16520500183105,1.04080426692963,0.371580958366394,30,47.2451691150525,"track1"
"Region_A",130,"track1",-120,-10,164.968806546052,-28.9598158067049,146,4,28.6819171905518,3485.87866210938,139.072906494141,160,110.806983947754,7.9127721786499,-0.863616526126862,1.60906660556793,0.0623760521411896,130,38.028477221596,"track1"
"Region_A",230,"track1",-120,-10,169.406169667262,-35.0457089842388,122,-48,0.107282839715481,1269.22351074219,24.7550392150879,25,91.8075942993164,1.3700760602951,0.514310538768768,1.34235513210297,0.121346212923527,230,49.1442629229731,"track1"
"Region_A",330,"track1",-120,-10,-138.113982684583,-20.2015559271277,-138,-72,-20.2186260223389,415.301422119141,12.6111679077148,50,75.251220703125,-0.975679993629456,-0.206565484404564,2.05041241645813,0.229816988110542,330,51.7985694823985,"track1"
"Region_A",430,"track1",-120,-10,-100.660478819728,7.81264432319686,-58,-12,33.2490615844727,2805.26782226562,118.199127197266,80,110.294212341309,5.98799753189087,5.49851179122925,1.46828830242157,0.186427980661392,430,47.0367657073269,"track1"
"Region_A",530,"track1",-120,-10,-126.134153977491,32.608200314613,-162,24,30.1150035858154,1053.4697265625,45.8315849304199,50.0406951904297,100.887321472168,-1.50532186031342,-0.330162525177002,1.08447575569153,0.124028563499451,530,36.8844143720195,"track1"
"Region_A",25,"track1",-120,-10,-132.992513085859,-6.7157705715859,-106,24,11.5646781921387,1089.08178710938,40.3876953125,40,100.47509765625,-1.73698747158051,-4.47037792205811,1.04487287998199,0.0617619194090366,25,40.8907608696214,"track1"
"Region_A",125,"track1",-120,-10,166.576328676166,-28.1572197699012,146,8,29.2511348724365,3415.64282226562,145.820083618164,455,110.961692810059,6.55439615249634,-8.65763854980469,1.58866059780121,0.125440910458565,125,41.6020413354744,"track1"
"Region_A",225,"track1",-120,-10,167.643152769875,-35.245595042614,114,-36,11.9087572097778,1418.90979003906,29.0938701629639,187.721038818359,102.600212097168,-0.454073697328568,-1.74778056144714,1.08239269256592,0.247622206807137,225,53.6484572558416,"track1"
"Region_A",325,"track1",-120,-10,-140.963188862523,-21.3712399568524,-130,-72,-20.2746925354004,411.824645996094,10.8007354736328,55,47.4230041503906,-1.09565436840057,-0.854994535446167,1.8427437543869,0.114908494055271,325,51.8021510513025,"track1"
"Region_A",425,"track1",-120,-10,-101.215096037504,6.34123432820625,-58,-16,29.5106887817383,63.3612327575684,2.85043501853943,66.6962890625,108.077339172363,-4.01918888092041,-1.49665379524231,0.998636305332184,0.186727449297905,425,48.6484868915626,"track1"
"Region_A",525,"track1",-120,-10,-123.32962342543,31.700819824167,-162,24,30.5068645477295,1010.77325439453,31.1103744506836,46.5715675354004,104.893417358398,-1.65474915504456,-1.25046467781067,1.05096578598022,0.187285676598549,525,39.4296924966878,"track1"
"Region_A",20,"track1",-120,-10,-129.103355946168,-5.53920910296145,-102,20,10.6588945388794,1312.72644042969,49.8736839294434,1039.70935058594,120.009010314941,-0.339798301458359,-4.88458776473999,1.18200290203094,0.186100751161575,20,37.2403424413561,"track1"
"Region_A",120,"track1",-120,-10,168.352575484912,-27.3165958676356,146,8,29.3286762237549,2388.21484375,171.802719116211,353.723236083984,110.186988830566,1.47126841545105,-10.2972650527954,1.3915843963623,0.187451899051666,120,41.7959277261145,"track1"
"Region_A",220,"track1",-120,-10,166.01821160469,-35.389941228909,110,-36,11.9032468795776,1356.88464355469,33.2598648071289,163.230819702148,106.677894592285,-1.27017247676849,-2.78664135932922,1.00708150863647,0.184716358780861,220,56.0215333875471,"track1"
"Region_A",320,"track1",-120,-10,-143.844345589556,-22.504260471996,-142,-76,-24.0899467468262,319.724822998047,12.944354057312,150,107.578903198242,-1.51764833927155,0.524368524551392,1.76028180122375,0.223709419369698,320,53.5275233716427,"track1"
"Region_A",420,"track1",-120,-10,-101.939438347374,4.86359045336649,-58,-20,28.2070960998535,186.729721069336,4.61037158966064,20,104.934219360352,-3.33575081825256,-1.09384715557098,0.999505400657654,0.0627080723643303,420,50.4863582813754,"track1"
"Region_A",520,"track1",-120,-10,-120.661267463729,30.7483923448623,-110,-8,37.5863494873047,633.654724121094,49.1852188110352,43.3486976623535,125.361457824707,-3.4074285030365,-0.925932228565216,1.01917719841003,0.186953857541084,520,40.1883133913897,"track1"
"Region_A",15,"track1",-120,-10,-125.194526461998,-4.36934942663882,-102,20,6.69619655609131,1291.26904296875,29.2883071899414,1066.20837402344,134.442123413086,0.880045294761658,-4.27278995513916,1.32425034046173,0.311119794845581,15,33.6429970316846,"track1"
"Region_A",115,"track1",-120,-10,170.294012478588,-26.4396636842678,146,8,28.8716125488281,940.984375,68.2715606689453,105,109.792770385742,-2.96338438987732,-12.5342502593994,1.01817798614502,0.124521002173424,115,42.14604936403,"track1"
"Region_A",215,"track1",-120,-10,164.537231076663,-35.4787573573527,110,-36,10.9089488983154,1418.77856445312,24.5584335327148,20,88.3152770996094,0.346945106983185,-7.63789701461792,1.10952019691467,0.0613015852868557,215,54.5397219226671,"track1"
"Region_A",315,"track1",-120,-10,-146.748088942437,-23.5989110866141,-134,-76,-21.1972198486328,389.949493408203,12.9033031463623,80,48.1843948364258,-1.32160222530365,1.22756707668304,1.73903274536133,0.167782068252563,315,53.9294714510799,"track1"
"Region_A",415,"track1",-120,-10,-102.830115002222,3.38201730251063,-126,-44,7.3062481880188,1181.02868652344,10.7660617828369,160,78.0243606567383,1.47468948364258,1.32619631290436,1.8938159942627,0.0609102547168732,415,52.7437118002297,"track1"
"Region_A",515,"track1",-120,-10,-118.135091232178,29.752310778425,-106,-8,33.9174842834473,61.8228721618652,6.36282873153687,43.7224159240723,169.116424560547,-3.56259870529175,-0.970303237438202,0.995609164237976,0.499252438545227,515,39.6547274397905,"track1"
"Region_A",10,"track1",-120,-10,-121.275465194738,-3.20848263417265,-102,20,2.73349833488464,1269.8115234375,10.1633424758911,1175.82019042969,163.767181396484,2.53473615646362,-2.65386509895325,1.51241195201874,0.498033732175827,10,30.1691435850316,"track1"
"Region_A",110,"track1",-120,-10,172.396647678571,-25.5282058302485,134,-40,8.80875873565674,1495.95288085938,17.1570129394531,39.8482780456543,97.6672744750977,2.09894919395447,-0.243809044361115,1.38608467578888,0.246338367462158,110,41.0333447265017,"track1"
"Region_A",210,"track1",-120,-10,163.205697399866,-35.5121496345775,110,-56,-1.64544630050659,1129.81713867188,23.7744674682617,20,64.6430130004883,0.353364586830139,-9.84534740447998,1.21005189418793,0.0649164989590645,210,57.0140179991026,"track1"
"Region_A",310,"track1",-120,-10,-149.664992445529,-24.653552019536,-150,-80,-23.9145374298096,301.711395263672,16.9955654144287,461.913909912109,163.912414550781,-2.10995078086853,-2.5615656375885,1.48668658733368,0.450503706932068,310,55.3474618579367,"track1"
"Region_A",410,"track1",-120,-10,-103.883274601327,1.89882630014461,-138,-40,11.3709201812744,1492.548828125,19.0010986328125,394.70068359375,136.109191894531,2.94958734512329,-0.0262714363634586,1.83748614788055,0.430624961853027,410,54.0320515736555,"track1"
"Region_A",510,"track1",-120,-10,-115.756706111808,28.7140438039623,-102,-8,34.7492561340332,372.885131835938,37.9760780334473,73.3717422485352,136.914108276367,-3.71072626113892,-0.572701692581177,1.00414144992828,0.373907715082169,510,39.2067338028292,"track1"
"Region_A",5,"track1",-120,-10,-117.355641042126,-2.05888420673061,-98,16,-1.22919976711273,1248.35400390625,14.9616241455078,851.427978515625,119.545135498047,3.53926777839661,-5.96011257171631,1.77299571037292,0.248416870832443,5,26.4719500404436,"track1"
"Region_A",105,"track1",-120,-10,174.656042676878,-24.5840648477573,138,-40,4.3453950881958,1345.75866699219,19.9052181243896,55,97.9835205078125,2.30945658683777,-1.56084597110748,1.66341042518616,0.124103561043739,105,39.7657707249247,"track1"
"Region_A",205,"track1",-120,-10,162.028682903728,-35.4903204752593,106,-36,11.2525873184204,1128.71154785156,17.2346343994141,342.348876953125,113.108200073242,-0.383417427539825,-4.2864933013916,1.0274441242218,0.373414754867554,205,56.0310010721243,"track1"
"Region_A",305,"track1",-120,-10,-152.585593176903,-25.6666129407951,-158,-80,-22.826229095459,305.851196289062,15.9175748825073,20,16.4538650512695,-2.09047269821167,-0.118184261023998,1.46275305747986,0.0532101579010487,305,54.6024976587279,"track1"
"Region_A",405,"track1",-120,-10,-105.094615756599,0.416331679138038,-134,-44,12.5030784606934,1594.93823242188,11.7136087417603,202.963790893555,97.8112335205078,4.25682783126831,1.22708296775818,1.84053099155426,0.183803230524063,405,52.9936954560621,"track1"
"Region_A",505,"track1",-120,-10,-113.531314184482,27.6351333285421,-98,-8,34.1149520874023,209.125900268555,20.5694923400879,97.4934539794922,110.512962341309,-3.75958561897278,-1.25044751167297,1.00346481800079,0.498926758766174,505,38.8726696747223,"track1"
"Region_A",0,"track1",-120,-10,-113.444525014667,-0.92281006517676,-102,16,21.85813331604,179.178588867188,8.99991989135742,70,106.16716003418,-2.32100558280945,-8.0304651260376,1.00109660625458,0.0620212592184544,0,20.4293576334009,"track1"
"Region_A",100,"track1",-120,-10,177.067324928091,-23.6091400123079,138,-36,13.275200843811,1707.25390625,21.7490177154541,183.098999023438,125.335296630859,1.69909906387329,-3.62830519676208,1.24472713470459,0.369432717561722,100,40.9852325633473,"track1"
"Region_A",200,"track1",-120,-10,161.010831985505,-35.4135681507545,106,-36,10.597939491272,1066.17346191406,11.7602863311768,383.333679199219,89.4853973388672,-0.0291304346174002,-9.32084178924561,0.999028980731964,0.186320632696152,200,55.0139576657714,"track1"
"Region_A",300,"track1",-120,-10,-155.500417975361,-26.6365956975019,-106,-76,-18.854606628418,394.326171875,12.0017013549805,121.180198669434,41.3178787231445,-1.25296533107758,0.802111148834229,1.74971544742584,0.353122681379318,300,69.9073462811119,"track1"
"Region_A",400,"track1",-120,-10,-106.459399005032,-1.06315353646002,-134,-48,14.8277921676636,1810.23742675781,19.8685646057129,493.282440185547,117.936981201172,3.62572622299194,-0.897700846195221,1.61267793178558,0.430845707654953,400,54.4201457100764,"track1"
"Region_A",500,"track1",-120,-10,-111.463693826031,26.5171918106578,-98,-8,33.1760025024414,393.564056396484,45.9637413024902,116.610198974609,118.230163574219,-3.48050045967102,-1.09517705440521,1.00034284591675,0.374405741691589,500,37.0500685820533,"track1"
"Region_A",365,"track1",-120,-10,-119.825743920804,-11.1430950171047,-118,-68,-6.26526594161987,666.58984375,11.3177652359009,390.907073974609,119.006500244141,-0.798226416110992,-1.78565263748169,1.61935436725616,0.478398591279984,365,56.8862108520012,"track1"
"Region_A",95,"track1",-120,-10,179.625201243592,-22.6053840358712,142,-36,4.49539470672607,1534.13439941406,17.4037170410156,74.9013595581055,88.9037475585938,3.88811731338501,-6.17182159423828,1.60652959346771,0.123414769768715,95,39.938346303362,"track1"
"Region_A",195,"track1",-120,-10,160.156348247884,-35.2822862713423,106,-40,5.4877347946167,1334.86865234375,22.0797290802002,243.143859863281,85.899543762207,0.0457873605191708,-5.37901401519775,1.02558600902557,0.188882604241371,195,54.3614466177238,"track1"
"Region_A",295,"track1",-120,-10,-158.400009675828,-27.5620769144276,-150,-88,-21.4097785949707,318.295776367188,19.2987041473389,42.5,7.28408718109131,-1.91449153423309,-0.81894713640213,1.48231315612793,0.187552362680435,295,61.0188717484318,"track1"
"Region_A",395,"track1",-120,-10,-107.972459934379,-2.5373215465068,-118,-56,2.05997776985168,753.432800292969,7.24937152862549,50,59.8113784790039,0.0637207701802254,0.683350324630737,2.4095287322998,0.0600644610822201,395,54.3949404557927,"track1"
"Region_A",495,"track1",-120,-10,-109.558186472803,25.3618994612264,-94,-8,31.7138576507568,190.070648193359,23.4883670806885,95,109.792770385742,-3.68870401382446,-1.75751340389252,1.002312541008,0.124521002173424,495,36.8113230132183,"track1"
"Region_A",360,"track1",-120,-10,-122.199730125495,-12.5166987695086,-114,-68,-5.2966742515564,679.608520507812,16.4029636383057,20,38.9844741821289,-1.37074434757233,-1.20361030101776,1.10465013980865,0.0584403201937675,360,56.0859366469385,"track1"
"Region_A",90,"track1",-120,-10,-177.676027549249,-21.5747996772414,-150,-76,-14.6203727722168,377.117126464844,17.4304027557373,190,36.1396102905273,-1.53525185585022,-9.06183624267578,1.52948832511902,0.111854709684849,90,61.0578818096335,"track1"
"Region_A",190,"track1",-120,-10,159.468982857337,-35.0969631029723,134,12,26.9514789581299,1393.26477050781,129.448104858398,225,109.78157043457,0.713548481464386,1.71651124954224,1.41214191913605,0.124285317957401,190,53.5424413088354,"track1"
"Region_A",290,"track1",-120,-10,-161.274953300436,-28.4417104647841,-154,-84,-20.9360618591309,311.646514892578,15.5125751495361,22.5,21.832311630249,-1.81973123550415,2.46637916564941,1.54428160190582,0.187685802578926,290,56.0325662592961,"track1"
"Region_A",390,"track1",-120,-10,-109.628223485702,-4.00387378078375,-138,-52,3.47520565986633,893.046813964844,15.450231552124,170,66.2148284912109,0.371744990348816,-2.85796594619751,2.1878924369812,0.0603960193693638,390,55.75469338655,"track1"
"Region_A",490,"track1",-120,-10,-107.818684598304,24.1710013269774,-94,-12,31.5347862243652,170.360778808594,20.9018497467041,15,109.455390930176,-3.53448343276978,-0.886800110340118,1.00081932544708,0.125676602125168,490,38.7207616276282,"track1"
"Region_A",355,"track1",-120,-10,-124.667324275149,-13.8671865978234,-126,-68,-8.31656455993652,680.466613769531,13.9614601135254,395.252593994141,98.0680541992188,-0.540187239646912,-0.914653301239014,1.5056779384613,0.29492062330246,355,54.1492152429052,"track1"
"Region_A",85,"track1",-120,-10,-174.842450823529,-20.5194362655266,-158,-76,-15.6812887191772,355.920928955078,17.9290561676025,180,36.1396102905273,-1.63936281204224,-3.91470313072205,1.32850515842438,0.111854709684849,85,57.9806959430289,"track1"
"Region_A",185,"track1",-120,-10,158.952024155484,-34.8581807197036,134,8,26.3126430511475,1634.09399414062,154.344421386719,20,109.792770385742,1.98410987854004,-0.804550170898438,1.53001070022583,0.124521002173424,185,49.5926119906852,"track1"
"Region_A",285,"track1",-120,-10,-164.115902132777,-29.2742298069115,-166,-88,-20.407901763916,353.517639160156,20.9822196960449,149.379043579102,153.069595336914,-1.35467565059662,-0.0443046540021896,1.82192015647888,0.500076174736023,285,58.7559861592393,"track1"
"Region_A",385,"track1",-120,-10,-111.420719393183,-5.46052488899243,-122,-60,2.23174715042114,770.314819335938,5.85283994674683,40,53.1165504455566,-0.0410122498869896,0.717681527137756,2.40219640731812,0.0596562027931213,385,55.5560574873883,"track1"
"Region_A",485,"track1",-120,-10,-106.248620933209,22.9463042612965,-82,-16,31.3557147979736,150.650909423828,18.6405239105225,20,107.773612976074,-3.10604071617126,0.0155029576271772,0.998941898345947,0.0629597008228302,485,45.8782108715667,"track1"
"Region_A",350,"track1",-120,-10,-127.220307784801,-15.1924746233051,-114,-64,-6.12182235717773,736.236450195312,11.5608186721802,30,46.162956237793,-0.366685330867767,-1.92525196075439,1.41692781448364,0.0591354221105576,350,50.5663037142482,"track1"
"Region_A",80,"track1",-120,-10,-171.880531288647,-19.4413861428012,-170,-60,-16.2745761871338,445.364501953125,20.6280460357666,277.609680175781,93.0557174682617,-0.647842705249786,-0.947492778301239,1.45198535919189,0.425227254629135,80,40.6021865906867,"track1"
"Region_A",180,"track1",-120,-10,158.608288552209,-34.5666139933055,134,4,27.5634708404541,2369.50903320312,161.370452880859,37.5009536743164,122.52075958252,3.88061571121216,2.95729279518127,1.50489223003387,0.249599531292915,180,45.748787747627,"track1"
"Region_A",280,"track1",-120,-10,-166.913603603105,-30.0584501828173,-166,-88,-19.7499809265137,309.985656738281,10.2455673217773,135.009521484375,153.069595336914,-1.06879270076752,0.944817304611206,2.03184103965759,0.500076174736023,280,57.9487520725051,"track1"
"Region_A",380,"track1",-120,-10,-113.343598718439,-6.90500670780266,-114,-64,5.21624565124512,870.256713867188,12.3998613357544,160,111.319488525391,-0.0844082832336426,1.7214527130127,1.99044907093048,0.23654168844223,380,57.0987663761529,"track1"
"Region_A",480,"track1",-120,-10,-104.850958958611,21.6896737877805,-70,-8,32.1854705810547,733.953857421875,81.8198699951172,50,109.792770385742,-2.11845302581787,0.924092352390289,1.12156808376312,0.0622605010867119,480,45.7828141332485,"track1"
"Region_A",345,"track1",-120,-10,-129.850225588458,-16.4905227105378,-110,-64,-6.93067169189453,754.760437011719,9.13947868347168,340,90.2812347412109,0.366408169269562,-2.38949966430664,1.68645226955414,0.23654168844223,345,51.4896289385602,"track1"
"Region_A",75,"track1",-120,-10,-168.797087092184,-18.3427810320924,-170,-60,-15.0462636947632,459.732299804688,20.119176864624,376.598663330078,92.4255447387695,-0.855792045593262,-2.28745198249817,1.48455357551575,0.751851618289948,75,41.6745832805079,"track1"
"Region_A",175,"track1",-120,-10,158.440112725776,-34.2230294217744,134,4,26.6292781829834,2688.30908203125,188.129379272461,10,110.806983947754,6.09351682662964,3.66246819496155,1.81517267227173,0.0623760521411896,175,45.3687016369928,"track1"
"Region_A",275,"track1",-120,-10,-169.658924912809,-30.7932706747502,-170,-88,-19.8050308227539,299.027130126953,10.1602392196655,140.321426391602,153.069595336914,-1.24930095672607,0.041244737803936,1.85751748085022,0.500076174736023,275,57.2077460865878,"track1"
"Region_A",375,"track1",-120,-10,-115.390151433551,-8.33507219806637,-118,-64,-0.926108837127686,692.402465820312,6.22814273834229,105,69.2429809570312,-0.703950047492981,-0.516845405101776,1.91845917701721,0.118270844221115,375,55.7260755547552,"track1"
"Region_A",475,"track1",-120,-10,-103.628184698822,20.4030308619503,-62,0,31.0149364471436,3216.43017578125,130.071960449219,88.8894119262695,171.815277099609,8.26151371002197,8.64309597015381,1.93025648593903,0.562509536743164,475,46.3593510488761,"track1"
"Region_A",340,"track1",-120,-10,-132.548409554932,-17.7593380088237,-126,-68,-6.25490760803223,699.756958007812,18.7102546691895,40,58.4754066467285,-1.00984144210815,1.04731345176697,1.23755955696106,0.116880640387535,340,50.6656272536988,"track1"
"Region_A",70,"track1",-120,-10,-165.599272937432,-17.2257883370079,-170,-56,-13.8179521560669,474.100128173828,19.6216144561768,355.100799560547,109.094314575195,-0.84816312789917,-1.2519109249115,1.51650738716125,0.487060904502869,70,39.0231455519122,"track1"
"Region_A",170,"track1",-120,-10,158.449347151527,-33.8282837988011,134,4,26.8470478057861,2496.615234375,170.129837036133,20,110.976318359375,4.62069177627563,3.36387801170349,1.72092342376709,0.0624713748693466,170,45.0416433014887,"track1"
"Region_A",270,"track1",-120,-10,-172.342878327186,-31.4776761162388,-174,-88,-19.7855701446533,296.993194580078,10.6989898681641,191.046417236328,126.84593963623,-1.40033483505249,-0.283963531255722,1.69373261928558,0.609426200389862,270,56.5466104152964,"track1"
"Region_A",370,"track1",-120,-10,-117.553325004108,-9.74849934536286,-118,-68,-3.702561378479,675.921142578125,8.79568672180176,470.928344726562,219.350601196289,-0.822450995445251,-0.977205395698547,1.74521994590759,0.733837425708771,370,58.2532131909403,"track1"
"Region_A",470,"track1",-120,-10,-102.582299836474,19.0883485367408,-62,0,30.867603302002,3505.73950195312,120.337112426758,42.0015830993652,120.52082824707,10.0680866241455,10.0641489028931,1.93143403530121,0.312490493059158,470,44.8473868790323,"track1"
"Region_A",55,"track1",-120,-10,-155.395783903442,-13.7866146005809,-158,-52,-10.5637855529785,586.156372070312,16.7849140167236,50,66.2148284912109,-0.0725209340453148,-7.86389017105103,1.8365353345871,0.0603960193693638,55,38.3020203796368,"track1"
"Region_A",65,"track1",-120,-10,-162.294560268846,-16.0926073794269,-162,-56,-12.5896415710449,488.467926025391,19.1362400054932,329.526489257812,89.6398544311523,-0.764645218849182,-5.79211139678955,1.54786396026611,0.241894140839577,65,39.9084796944779,"track1"
"Region_A",165,"track1",-120,-10,158.637350977098,-33.3833227264967,134,4,27.0648155212402,2304.92138671875,166.198287963867,10,110.976318359375,3.10912013053894,0.993870854377747,1.62265610694885,0.0624713748693466,165,44.7717754979868,"track1"
"Region_A",265,"track1",-120,-10,-174.956646066463,-32.1107388542793,-178,-84,-19.7527732849121,307.167663574219,12.8572044372559,40,8.73391628265381,-1.4600191116333,-0.251729011535645,1.58521068096161,0.0469214506447315,265,51.9784323100801,"track1"
"Region_A",455,"track1",-120,-10,-100.518626429215,14.9965046462523,-58,4,30.488941192627,3970.048828125,79.4334564208984,33.344856262207,111.100654602051,20.9342460632324,16.608829498291,2.08001446723938,0.18762394785881,455,43.9176127295442,"track1"
"Region_A",465,"track1",-120,-10,-101.714816168969,17.7476485375573,-62,-4,31.9185009002686,1947.0732421875,153.874526977539,40,110.806983947754,1.5942929983139,3.72474479675293,1.62533402442932,0.0623760521411896,465,45.2794306528703,"track1"
"Region_A",50,"track1",-120,-10,-151.818056535754,-12.6183264178163,-170,-48,-8.22339916229248,709.602172851562,20.5020484924316,230,91.8075942993164,0.45783007144928,-10.0611791610718,1.82230246067047,0.121346212923527,50,39.7799684968861,"track1"
"Region_A",60,"track1",-120,-10,-158.890716580299,-14.9454655817849,-170,-52,-10.4521570205688,583.002746582031,13.6519079208374,361.679870605469,81.6584167480469,0.110851220786572,-5.67998886108398,1.75793945789337,0.182603344321251,60,38.6840367470863,"track1"
"Region_A",160,"track1",-120,-10,159.004988258333,-32.8891789739596,166,-40,12.8884859085083,1472.1875,24.7617568969727,20,85.8964157104492,-0.490064769983292,-5.86062049865723,1.00025880336761,0.0629672631621361,160,9.97466615633985,"track1"
"Region_A",260,"track1",-120,-10,-177.491604726147,-32.6916203596101,-178,-84,-19.7503242492676,296.561126708984,12.1003465652466,103.333335876465,17.4667320251465,-1.36577486991882,1.40761566162109,1.49507772922516,0.140764355659485,260,51.3108983265432,"track1"
"Region_A",450,"track1",-120,-10,-100.19046369341,13.5903155966486,-58,-4,33.1130027770996,983.888366699219,79.1212692260742,34.9809112548828,110.891716003418,-1.91956400871277,0.545502603054047,1.27084457874298,0.124847427010536,450,45.7105505267068,"track1"
"Region_A",460,"track1",-120,-10,-101.026751421638,16.3829977528435,-58,4,30.2104759216309,4346.9267578125,71.789176940918,50.0128059387207,142.609710693359,17.281852722168,12.756706237793,2.03305292129517,0.312776505947113,460,44.7732059522921,"track1"
"Region_A",45,"track1",-120,-10,-148.166058069948,-11.4428893971531,-162,-52,-10.7733526229858,585.940612792969,23.6881828308105,320,90.308479309082,-0.101172484457493,-11.4568729400635,1.96128368377686,0.126415491104126,45,42.851571380471,"track1"
"Region_A",145,"track1",-120,-10,161.186874412674,-31.1232481491417,142,4,27.4369678497314,2557.83837890625,190.693267822266,20,111.111854553223,4.90420389175415,-2.69812345504761,1.8039630651474,0.0625476688146591,145,40.0222277025392,"track1"
"Region_A",155,"track1",-120,-10,159.552625566332,-32.3469706845333,138,4,27.3340454101562,2261.43115234375,176.276580810547,10,110.806983947754,2.71462798118591,-3.0046718120575,1.61597573757172,0.0623760521411896,155,42.256572822992,"track1"
"Region_A",255,"track1",-120,-10,-179.939349159052,-33.2195726822821,-178,-84,-18.6267566680908,317.338897705078,11.1225290298462,60,8.73391628265381,-1.38419902324677,2.59068894386292,1.53015291690826,0.0469214506447315,255,50.8174465487075,"track1"
"Region_A",445,"track1",-120,-10,-100.04178732059,12.166611172296,-54,8,31.3490715026855,4371.88720703125,68.0813980102539,86.7142715454102,125.949073791504,22.2733497619629,16.9695377349854,2.16597652435303,0.18802709877491,445,46.2299343319402,"track1"
"Region_A",250,"track1",-120,-10,177.708284247115,-33.6939397499946,146,-56,-2.82215690612793,1127.86083984375,20.7443675994873,230.528259277344,98.193962097168,1.66829800605774,1.61505949497223,1.53802156448364,0.366913199424744,250,38.768229438197,"track1"
"Region_A",40,"track1",-120,-10,-144.448517788366,-10.2626043116346,-166,-52,-4.40089511871338,726.246276855469,12.008282661438,297.708282470703,90.0487976074219,-0.565607249736786,-5.62256526947021,1.22431647777557,0.251434534788132,40,46.9731474819984,"track1"
"Region_A",140,"track1",-120,-10,162.271729434536,-30.4443788721038,142,4,28.1376171112061,3318.19750976562,137.766296386719,233.33332824707,111.284172058105,6.22790861129761,-2.10761690139771,1.43409049510956,0.187814712524414,140,39.9669644850851,"track1"
"Region_A",150,"track1",-120,-10,160.280130972251,-31.7578994348659,138,4,27.0804119110107,2146.57373046875,168.892654418945,295.137298583984,111.044128417969,2.38252806663513,-5.08461856842041,1.57139647006989,0.125019043684006,150,42.1311239837563,"track1"
"Region_A",240,"track1",-120,-10,173.320996430914,-34.4797598912143,142,-52,-1.05770039558411,1329.55114746094,24.9125308990479,30,66.9996337890625,2.11670184135437,1.57213449478149,1.42915308475494,0.122207313776016,240,35.888210193528,"track1"
"Region_A",440,"track1",-120,-10,-100.071624339744,10.7276023456957,-62,-12,33.0001602172852,310.876037597656,22.8805370330811,62.9146690368652,110.623550415039,-3.36297297477722,-0.655136168003082,0.999887049198151,0.437682598829269,440,44.339513847703,"track1"
"Region_A",245,"track1",-120,-10,175.459194961088,-34.1141585069448,142,-52,-0.366948157548904,1311.28625488281,21.3230171203613,22.3426246643066,83.0502777099609,2.13143277168274,3.33276891708374,1.39630877971649,0.245811074972153,245,37.9397028633439,"track1"
"Region_B",450,"track2",-65,25,-63.634191416987,32.7961262192163,-54,8,30.9184684753418,4175.2705078125,70.0663452148438,15,110.603897094727,22.0232543945312,17.2882328033447,2.1264123916626,0.125440910458565,450,26.6019833797867,"track2"
"Region_B",500,"track2",-65,25,-52.0248163605785,47.5276023456957,-66,0,32.7624397277832,2504.74194335938,176.147308349609,20,111.281341552734,4.79488277435303,7.73601675033569,1.73425734043121,0.0624904781579971,500,49.5396683727912,"track2"
"Region_B",470,"track2",-65,25,-57.1381661972342,38.6988263001446,-58,4,30.5452938079834,4057.37353515625,71.3490982055664,52.5,111.26651763916,14.1436967849731,10.8756656646729,1.88347601890564,0.250419616699219,470,34.7095275696918,"track2"
"Region_B",495,"track2",-65,25,-52.4588598893577,46.0755266556476,-62,0,32.0632438659668,2274.09692382812,140.689315795898,73.3333358764648,111.306770324707,2.83130955696106,5.0572338104248,1.48761808872223,0.187471434473991,495,47.0530287144855,"track2"
"Region_B",480,"track2",-65,25,-54.7791892853686,41.6635904533665,-54,0,31.7718143463135,2042.13366699219,137.454055786133,89.996955871582,111.298301696777,0.837169110774994,3.34967374801636,1.48444485664368,0.125,480,41.6708759856124,"track2"
"Region_B",460,"track2",-65,25,-60.1044693720299,35.73684646354,-58,4,30.2104759216309,4346.9267578125,71.789176940918,50.0128059387207,142.609710693359,17.281852722168,12.756706237793,2.03305292129517,0.312776505947113,460,31.8065435844281,"track2"
"Region_B",445,"track2",-65,25,-65.5948932641752,31.3394751110076,-54,8,31.3490715026855,4371.88720703125,68.0813980102539,86.7142715454102,125.949073791504,22.2733497619629,16.9695377349854,2.16597652435303,0.18802709877491,445,26.060941047187,"track2"
"Region_B",455,"track2",-65,25,-61.8018970669623,34.2626784534932,-58,4,30.488941192627,3970.048828125,79.4334564208984,33.344856262207,111.100654602051,20.9342460632324,16.608829498291,2.08001446723938,0.18762394785881,455,30.5005594782669,"track2"
"Region_B",465,"track2",-65,25,-58.5479939845083,37.216331679138,-58,4,30.4431095123291,4160.7197265625,71.0647201538086,68.3478164672852,137.429412841797,15.5630617141724,11.5735759735107,1.94864904880524,0.37545770406723,465,33.2208516992802,"track2"
"Region_B",490,"track2",-65,25,-53.0647228636774,44.6126443231968,-58,0,31.7301483154297,2415.60961914062,144.739517211914,50,111.281341552734,3.84243535995483,6.32236814498901,1.60224294662476,0.0624904781579971,490,44.8847969129902,"track2"
"Region_B",475,"track2",-65,25,-55.8802751707694,40.1820173025106,-54,0,31.6082801818848,2147.4365234375,128.081985473633,104.282791137695,153.449432373047,2.09297323226929,3.74702548980713,1.51533126831055,0.437509506940842,475,40.2259859943429,"track2"
"Region_B",485,"track2",-65,25,-53.839342658274,43.1412343282063,-58,0,31.488805770874,2427.58935546875,144.679382324219,94.9956817626953,149.603515625,3.65549921989441,5.96150207519531,1.70287132263184,0.375,485,43.3414024793437,"track2"
"Region_B",440,"track2",-65,25,-67.677187833262,29.8949932921973,-54,8,31.4743270874023,5227.53857421875,160.100036621094,65.0375061035156,110.485633850098,23.8243083953857,21.2123107910156,2.49163055419922,0.125306650996208,440,25.8158129504321,"track2"
"Region_B",540,"track2",-65,25,-54.9457675507501,58.4896737877805,-70,-16,30.7595043182373,372.607208251953,12.9976272583008,137.5,110.031402587891,-2.70026087760925,-1.28153073787689,0.999570310115814,0.248085036873817,540,75.9956670846832,"track2"
"Region_B",35,"track2",-65,25,-41.2496285158964,41.277598092035,-46,44,2.655024766922,1449.53576660156,28.2741088867188,34.7692222595215,88.5555419921875,2.70712900161743,2.58631873130798,1.48400974273682,0.369732528924942,35,5.47517135672264,"track2"
"Region_B",135,"track2",-65,25,-116.268735596513,18.4572189679076,-98,48,3.75025272369385,1594.75744628906,37.6194458007812,65.5521545410156,73.0362091064453,2.16982078552246,-1.91189801692963,1.3403639793396,0.122576773166656,135,34.7350343515804,"track2"
"Region_B",235,"track2",-65,25,-153.163071402951,2.5769705782256,-66,0,29.1846160888672,2799.86645507812,121.755561828613,129.99543762207,111.298301696777,4.49044752120972,-9.55282688140869,1.30007374286652,0.125,235,87.2011570666179,"track2"
"Region_B",335,"track2",-65,25,-124.784774483208,6.00672932524985,-62,-16,26.66552734375,226.73957824707,17.9927387237549,79.9199600219727,134.071868896484,-2.67513799667358,0.221716538071632,1.01481580734253,0.248748704791069,335,66.529873308929,"track2"
"Region_B",435,"track2",-65,25,-69.8739236047833,28.4649278019336,-50,8,33.5012702941895,2720.22241210938,128.877212524414,35,110.961692810059,5.88284778594971,6.83233594894409,1.48283064365387,0.125440910458565,435,28.5269365580519,"track2"
"Region_B",535,"track2",-65,25,-53.9532667195761,57.2030308619503,-70,-12,31.495885848999,337.738891601562,12.8064117431641,76.6666641235352,110.294212341309,-3.01573944091797,-1.17460429668427,0.999599933624268,0.186427980661392,535,71.0391239350057,"track2"
"Region_B",30,"track2",-65,25,-37.6829012018121,42.2867352717389,-46,44,2.77005338668823,1448.41040039062,31.9097537994385,30,94.6719207763672,2.45415949821472,3.45741748809814,1.493008852005,0.121820509433746,30,8.49172588158158,"track2"
"Region_B",130,"track2",-65,25,-112.933455120627,19.574211662992,-98,52,2.01359367370605,1451.71850585938,29.9085388183594,55.3909454345703,68.5405197143555,2.59675860404968,-0.469600111246109,1.52569091320038,0.125019043684006,130,35.6992973476539,"track2"
"Region_B",230,"track2",-65,25,-152.921245665026,2.9717162011989,-70,4,31.3319931030273,1262.90832519531,97.4701385498047,74.9885635375977,111.162719726562,-0.368220716714859,-9.14029693603516,1.26685655117035,0.125152572989464,230,82.9276211536933,"track2"
"Region_B",330,"track2",-65,25,-127.375795482076,5.32232388376117,-98,-60,-4.80231809616089,991.655517578125,13.2089014053345,30,53.1165504455566,1.49702787399292,-3.18150043487549,1.76056182384491,0.0596562027931213,330,71.6236229031998,"track2"
"Region_B",430,"track2",-65,25,-72.177632120806,27.0515006546371,-46,4,33.2490615844727,2805.26782226562,118.199127197266,92.5182037353516,153.75456237793,5.98799753189087,5.95543193817139,1.46828830242157,0.500400483608246,430,34.8803684883488,"track2"
"Region_B",530,"track2",-65,25,-53.1395244331988,55.8883485367408,-70,-12,32.0796852111816,329.255645751953,14.6523323059082,29.9554958343506,114.879188537598,-3.18335771560669,-0.25541752576828,0.999664902687073,0.498859614133835,530,69.9507219647138,"track2"
"Region_B",25,"track2",-65,25,-34.2001353864464,43.2674273739379,-46,48,3.01555132865906,1434.66223144531,34.0788993835449,30,75.9229507446289,2.27826762199402,3.48349118232727,1.51217913627625,0.127423226833344,25,12.7135380032132,"track2"
"Region_B",125,"track2",-65,25,-109.501428407019,20.7073926205731,-86,44,6.59709405899048,1360.69421386719,50.141544342041,65.0436325073242,78.7172622680664,-0.31803423166275,-5.1502161026001,1.24389219284058,0.122892983257771,125,33.0887094898298,"track2"
"Region_B",225,"track2",-65,25,-152.499624191335,3.41667727350335,-82,4,32.7203941345215,30.5158958435059,1.49616813659668,44.9809112548828,110.891716003418,-3.01303672790527,-6.8349781036377,1.00051367282867,0.249694854021072,225,70.5020373927075,"track2"
"Region_B",325,"track2",-65,25,-129.885461868778,4.68926114572073,-94,-60,-3.89438676834106,1090.88562011719,17.0542259216309,87.1231231689453,84.2324523925781,1.66800713539124,2.4827036857605,1.66855907440186,0.240533277392387,325,73.9761237232309,"track2"
"Region_B",425,"track2",-65,25,-74.5805486684023,25.6569049828953,-46,0,32.9968490600586,2890.31298828125,110.040138244629,113.329612731934,111.303955078125,5.56155967712402,5.18946075439453,1.45485973358154,0.187509521842003,425,38.4073500190814,"track2"
"Region_B",525,"track2",-65,25,-52.5054095832211,54.5476485375573,-70,-8,33.1595764160156,259.791595458984,16.3629455566406,50,109.792770385742,-3.37878394126892,-0.520528554916382,0.999696314334869,0.0622605010867119,525,64.9482026805103,"track2"
"Region_B",20,"track2",-65,25,-30.8095916718396,44.2177116754935,-38,60,-9.36507511138916,653.616821289062,17.8003692626953,876.111145019531,112.095832824707,-0.673204362392426,-0.843798041343689,1.3809095621109,0.423318803310394,20,17.3430849817307,"track2"
"Region_B",120,"track2",-65,25,-105.980775538643,21.8545344182151,-82,44,11.2891216278076,1371.64770507812,48.1330718994141,44.9578628540039,80.0786819458008,-1.81115138530731,-2.05210518836975,1.02594769001007,0.125019043684006,120,32.6419858658876,"track2"
"Region_B",220,"track2",-65,25,-151.897989916961,3.91082102604045,-178,64,1.27811682224274,790.20654296875,8.99634456634521,60,47.9237823486328,-1.60730755329132,-7.21770811080933,1.00118815898895,0.0613910555839539,220,65.5135433337232,"track2"
"Region_B",320,"track2",-65,25,-132.305438541655,4.1083796403899,-86,-56,-2.06455445289612,1288.39880371094,11.8302927017212,90,59.8113784790039,2.44525074958801,-1.11123490333557,1.62837779521942,0.0600644610822201,320,75.876287083174,"track2"
"Region_B",420,"track2",-65,25,-77.0746337835847,24.2833012304914,-42,0,32.7646713256836,2970.90014648438,105.088470458984,116.656852722168,126.669486999512,3.9678316116333,3.30899047851562,1.4414336681366,0.187490478157997,420,42.6603874068598,"track2"
"Region_B",520,"track2",-65,25,-52.0512935931714,53.1829977528434,-70,-4,35.102466583252,1396.18957519531,117.189498901367,40,111.063232421875,-1.67983782291412,0.711174070835114,1.21427345275879,0.124752104282379,520,59.9337241766289,"track2"
"Region_B",15,"track2",-65,25,-27.5192752561145,45.1356782369507,-10,44,9.51603603363037,1169.84875488281,40.651195526123,439.798980712891,95.4889831542969,-2.00028705596924,-7.65199995040894,1.04517543315887,0.25421404838562,15,17.5560465526094,"track2"
"Region_B",115,"track2",-65,25,-102.379862043601,23.0133853994191,-82,44,8.09551048278809,1408.3896484375,32.305736541748,120,78.0243606567383,0.922580003738403,-2.99984192848206,1.36923170089722,0.0609102547168732,115,29.253662493943,"track2"
"Region_B",215,"track2",-65,25,-151.116624312305,4.45302931546675,-154,68,-5.91382503509521,728.63134765625,12.3547992706299,190,38.9844741821289,0.416963696479797,-6.93183898925781,1.63394773006439,0.0584403201937675,215,63.6123520909054,"track2"
"Region_B",315,"track2",-65,25,-134.627638789664,3.58042731771788,-106,-68,-14.9750661849976,553.973327636719,9.55457019805908,10,38.9844741821289,-0.0793472528457642,1.33239722251892,1.91644763946533,0.0584403201937675,315,77.0927965354646,"track2"
"Region_B",415,"track2",-65,25,-79.6515955161492,22.9328134021766,-42,-4,38.2231750488281,249.065002441406,26.4702033996582,10,110.806983947754,-3.55782508850098,-0.289168208837509,1.19109451770782,0.0623760521411896,415,46.2927541054555,"track2"
"Region_B",515,"track2",-65,25,-51.7770493898667,51.7965046462523,-70,-4,34.7124176025391,1191.47888183594,108.633918762207,63.3189086914062,137.35173034668,-2.04494476318359,0.888920366764069,1.22161102294922,0.374446958303452,515,58.6968982117335,"track2"
"Region_B",10,"track2",-65,25,-24.3369137635311,46.0194732179251,-10,44,8.07754325866699,1123.62951660156,37.0036392211914,594.704040527344,100.349533081055,-1.70994174480438,-6.07658290863037,1.09419929981232,0.191177725791931,10,14.4784449558937,"track2"
"Region_B",110,"track2",-65,25,-98.7072757272817,24.1816735821837,-74,32,14.2408390045166,1182.31298828125,6.98358154296875,443.207153320312,110.602333068848,-0.417427688837051,-5.83324861526489,1.11818397045135,0.185104563832283,110,25.9147776729696,"track2"
"Region_B",210,"track2",-65,25,-150.156306603574,5.04210056513406,-162,68,-10.1935329437256,662.718078613281,14.6751403808594,213.33332824707,51.9784278869629,0.99553120136261,-9.38373947143555,2.12507009506226,0.175320953130722,210,64.062236727414,"track2"
"Region_B",310,"track2",-65,25,-136.844246688065,3.10606025000544,-114,-72,-20.0448417663574,413.466827392578,11.6858787536621,35,47.4230041503906,-1.0601909160614,1.25562417507172,1.87010359764099,0.114908494055271,310,78.50337504224,"track2"
"Region_B",410,"track2",-65,25,-82.3029123937649,21.6075253766949,-50,-20,37.310791015625,84.4439315795898,7.32807064056396,20,103.573432922363,-4.04568290710449,-0.721164643764496,0.999841809272766,0.0618948899209499,410,52.6750825067371,"track2"
"Region_B",510,"track2",-65,25,-51.6820517553348,50.3903155966486,-66,-4,34.2905006408691,779.268432617188,75.4180450439453,71.9835052490234,142.55500793457,-3.07769823074341,-0.141885742545128,1.11426341533661,0.312070906162262,510,56.2433113591292,"track2"
"Region_B",5,"track2",-65,25,-21.2699358432658,46.8673020951107,-10,44,6.63905096054077,1077.41040039062,34.8149147033691,286.424133300781,81.4157333374023,-1.13053095340729,-7.67277050018311,1.152916431427,0.12710702419281,5,11.6289670743343,"track2"
"Region_B",105,"track2",-65,25,-94.9718028889183,25.3571106028469,-78,36,9.61285972595215,1465.75646972656,22.004940032959,402.742401123047,102.600212097168,1.93330049514771,-2.53145360946655,1.43109548091888,0.247622206807137,105,20.0328027999162,"track2"
"Region_B",205,"track2",-65,25,-149.018311614753,5.67675185085829,-86,8,23.5778713226318,166.212692260742,12.0605888366699,20,110.603897094727,-3.02303290367126,-7.54639482498169,1.00034260749817,0.0627204552292824,205,63.0611217846356,"track2"
"Region_B",305,"track2",-65,25,-138.947738744188,2.68584149305523,-118,-76,-19.7381553649902,389.167907714844,12.3819808959961,10,24.093656539917,-1.39043486118317,2.63762044906616,1.73762428760529,0.0559273548424244,305,81.4264662745779,"track2"
"Region_B",405,"track2",-65,25,-85.0198570217115,20.3094772894622,-50,-24,21.3570156097412,991.468383789062,33.2082443237305,50,100.47509765625,-2.71613931655884,-0.0343722552061081,1.11058962345123,0.0617619194090366,405,56.4776076289222,"track2"
"Region_B",505,"track2",-65,25,-51.7651790583201,48.966611172296,-62,-4,33.8272972106934,630.87939453125,66.6125640869141,80,110.806983947754,-3.2040638923645,0.0835864916443825,1.12017130851746,0.0623760521411896,505,53.946394307548,"track2"
"Region_B",0,"track2",-65,25,-18.3254505961861,47.6774327773203,-10,44,4.45623540878296,1133.93640136719,32.4104614257812,380,82.0728607177734,0.249593734741211,-5.77400064468384,1.28294146060944,0.0640707015991211,0,9.10146358896443,"track2"
"Region_B",100,"track2",-65,25,-91.1824039884276,26.5373956883654,-78,28,15.4935703277588,1057.80541992188,17.8757877349854,470,96.8872528076172,-1.24477708339691,-7.16468143463135,1.07062780857086,0.061620406806469,100,13.2632946995278,"track2"
"Region_B",200,"track2",-65,25,-147.704406237054,6.35562112789615,-86,8,28.4647121429443,1679.21618652344,34.4367179870605,30,110.603897094727,0.595492005348206,-3.16028118133545,1.00482034683228,0.0627204552292824,200,61.7263131163881,"track2"
"Region_B",300,"track2",-65,25,-140.930904733323,2.32024010878575,-102,-72,-14.5007743835449,516.957885742188,9.4758243560791,195,47.4230041503906,-0.632110476493835,0.82782119512558,1.7635064125061,0.114908494055271,300,83.8994245104377,"track2"
"Region_B",400,"track2",-65,25,-87.7935202529083,19.0406619911763,-34,-12,36.0856895446777,665.340759277344,71.4061813354492,106.644264221191,124.095375061035,-3.56957244873047,-0.47605174779892,1.07008266448975,0.186678886413574,400,62.1068878470859,"track2"
"Region_B",265,"track2",-65,25,-150.912846214287,1.30967952474068,-150,-88,-19.6680946350098,274.021301269531,8.09249877929688,83.4433288574219,97.6766815185547,-1.43809521198273,0.63766485452652,1.65173804759979,0.500076174736023,265,89.3143445647049,"track2"
"Region_B",365,"track2",-65,25,-108.022324390619,11.1333870592049,-46,-20,13.6211795806885,959.468627929688,23.6386528015137,10,103.573432922363,-0.546947419643402,1.99048674106598,1.38611340522766,0.0618948899209499,365,69.3978134568623,"track2"
"Region_B",95,"track2",-65,25,-87.3481888309203,27.7202196501344,-78,28,13.059136390686,1077.61791992188,11.3758125305176,719.737548828125,122.379066467285,-0.314555883407593,-6.82179164886475,1.11126601696014,0.373839884996414,95,9.3523746429831,"track2"
"Region_B",195,"track2",-65,25,-146.216844535609,7.07726959526404,-150,72,-16.9385204315186,558.1748046875,18.3880062103271,320,47.4230041503906,0.530457377433777,-0.69831907749176,2.31090593338013,0.114908494055271,195,65.0328623733707,"track2"
"Region_B",295,"track2",-65,25,-142.786867667027,2.00963035100559,-126,-84,-21.4620990753174,291.198028564453,14.7776823043823,17.9742469787598,26.8912582397461,-2.07811713218689,2.10167551040649,1.37615203857422,0.385437518358231,295,87.6325021849023,"track2"
"Region_B",395,"track2",-65,25,-90.6148358612951,17.8030215885072,-46,-24,29.6510238647461,290.943206787109,11.5721626281738,67.8924789428711,110.72452545166,-3.94636702537537,-1.52645087242126,0.999944686889648,0.309819042682648,395,61.1389907739693,"track2"
"Region_B",260,"track2",-65,25,-151.717567451332,1.38643184924547,-178,-84,-19.7503242492676,296.561126708984,12.1003465652466,103.333335876465,17.4667320251465,-1.36577486991882,1.40761566162109,1.49507772922516,0.140764355659485,260,89.3398511562513,"track2"
"Region_B",360,"track2",-65,25,-110.915507637926,10.1634043024981,-70,-48,7.95001983642578,1404.32385253906,48.242618560791,401.436126708984,73.0362091064453,-1.41229629516602,-8.31497287750244,1.03965520858765,0.122576773166656,360,71.1130112238614,"track2"
"Region_B",90,"track2",-65,25,-83.4783913376082,28.9032688924152,-82,32,11.3520164489746,1044.6279296875,14.0219430923462,374.631622314453,93.3594741821289,0.596288740634918,-4.84204721450806,1.22842442989349,0.123636610805988,90,3.4315280123872,"track2"
"Region_B",190,"track2",-65,25,-144.558361506965,7.84018419329509,-158,72,-17.1622047424316,531.047485351562,17.3372802734375,210,63.2284622192383,-0.181248351931572,-5.394606590271,1.88075971603394,0.172362744808197,190,65.5527238925107,"track2"
"Region_B",290,"track2",-65,25,-144.509102838562,1.7542910157612,-146,-84,-20.924488067627,322.130126953125,17.4954605102539,52.5,91.5754547119141,-1.75147008895874,1.43063771724701,1.58854949474335,0.187685802578926,290,85.7672501713903,"track2"
"Region_B",390,"track2",-65,25,-93.4746056502353,16.5984440728723,-50,-28,26.4832191467285,338.415283203125,15.2717123031616,64.9274368286133,97.3605041503906,-3.81758880615234,-0.648674607276917,1.00125861167908,0.123839870095253,390,62.2821206299576,"track2"
"Region_B",255,"track2",-65,25,-152.354134802819,1.51771372865772,-178,-84,-18.6267566680908,317.338897705078,11.1225290298462,60,8.73391628265381,-1.38419902324677,2.59068894386292,1.53015291690826,0.0469214506447315,255,89.2803996579801,"track2"
"Region_B",355,"track2",-65,25,-113.781230444925,9.23792308557241,-58,-32,14.9082508087158,669.942626953125,28.7984313964844,20,92.8273849487305,-2.00042247772217,-3.39479064941406,1.04415655136108,0.0614679604768753,355,69.3693878476772,"track2"
"Region_B",85,"track2",-65,25,-79.5823439729794,30.0842294284141,-78,32,13.6281213760376,672.367797851562,21.5705795288086,861.432983398438,293.108123779297,-0.93956333398819,-2.17015147209167,1.0811722278595,1,85,2.48475136216464,"track2"
"Region_B",185,"track2",-65,25,-142.732165504665,8.64278023009885,-162,72,-19.2509765625,486.372131347656,17.1760692596436,197.5,75.251220703125,-0.383915901184082,-3.17048072814941,1.92191624641418,0.229816988110542,185,66.2222526278831,"track2"
"Region_B",285,"track2",-65,25,-146.091455892699,1.55440495738603,-142,-84,-20.4003524780273,346.841125488281,19.3343086242676,36.6666679382324,17.4667320251465,-1.39253449440002,1.69868147373199,1.79470372200012,0.140764355659485,285,85.6521816355795,"track2"
"Region_B",385,"track2",-65,25,-96.3635249264036,15.4287600431476,-50,-24,25.928991317749,310.318054199219,11.9483976364136,30,100.47509765625,-3.57678151130676,-0.775382280349731,1.00029873847961,0.0617619194090366,385,60.8621685625919,"track2"
"Region_B",250,"track2",-65,25,-152.819400609439,1.70303689702768,-154,-88,-17.2973556518555,305.089233398438,7.53219699859619,49.3771438598633,69.2303619384766,-1.40272462368011,2.00622797012329,1.43791019916534,0.500076174736023,250,89.7108056115344,"track2"
"Region_B",350,"track2",-65,25,-116.610171631744,8.35828953521595,-66,-24,16.2369232177734,430.353698730469,20.3655471801758,15,105.89729309082,-2.34794616699219,0.738931894302368,1.00412380695343,0.123523838818073,350,60.0703618620652,"track2"
"Region_B",80,"track2",-65,25,-75.6694518990632,31.2607908970386,-74,32,14.6776628494263,392.735260009766,32.7224273681641,779.313842773438,234.927734375,-2.28187108039856,-1.76157355308533,1.00151669979095,1,80,1.82578743044937,"track2"
"Region_B",180,"track2",-65,25,-140.741929353892,9.48340413236442,-126,68,-17.2453098297119,517.021301269531,14.8146104812622,10,38.9844741821289,-0.423008114099503,-6.05289316177368,1.61075150966644,0.0584403201937675,180,60.3449788550078,"track2"
"Region_B",280,"track2",-65,25,-147.528159869859,1.41005877109098,-126,-84,-19.0670261383057,370.10205078125,12.6021165847778,55,21.832311630249,-0.770532011985779,3.10162401199341,2.10483717918396,0.187685802578926,280,88.0814384911114,"track2"
"Region_B",380,"track2",-65,25,-99.2722082686105,14.295739528004,-50,-20,30.4331512451172,207.85563659668,13.8812885284424,30,103.573432922363,-3.44526600837708,-0.171041995286942,1.00030481815338,0.0618948899209499,380,60.0328931290007,"track2"
"Region_B",245,"track2",-65,25,-153.110691621872,1.94181928029636,-154,-88,-16.0695972442627,329.130981445312,7.66732215881348,28.4385719299316,90.3714828491211,-1.46000254154205,1.00138378143311,1.40993177890778,0.500076174736023,245,89.9462157338534,"track2"
"Region_B",345,"track2",-65,25,-119.393111883135,7.5257701930885,-66,-20,16.8734550476074,241.483551025391,13.5091485977173,39.9330024719238,103.922737121582,-2.53427767753601,0.471852272748947,1.00156819820404,0.124205857515335,345,60.0707284897367,"track2"
"Region_B",75,"track2",-65,25,-71.7491669283632,32.4306505733612,-74,32,13.6908597946167,480.314422607422,30.4506607055664,49.8916931152344,94.4000091552734,-2.36403369903564,-0.75632381439209,1.02771425247192,0.25,75,2.29166084591732,"track2"
"Region_B",175,"track2",-65,25,-138.591780179788,10.3603363157322,-82,24,18.5732765197754,323.359039306641,21.8290538787842,120,100.47509765625,-2.75283575057983,-9.93382167816162,1.00848531723022,0.0617619194090366,175,58.212284007221,"track2"
"Region_B",275,"track2",-65,25,-148.813851177387,1.32124264264726,-150,-88,-19.5830726623535,304.317840576172,9.31937026977539,110.006660461426,153.069595336914,-1.13385379314423,0.814781963825226,1.94116115570068,0.500076174736023,275,89.3291180761125,"track2"
"Region_B",375,"track2",-65,25,-102.191215520198,13.2010889133859,-50,-20,11.0440311431885,2207.47094726562,21.2433891296387,10,103.573432922363,5.18979835510254,5.16223287582397,1.70402550697327,0.0618948899209499,375,61.8565702452886,"track2"
"Region_B",240,"track2",-65,25,-153.225816404197,2.23338600669452,-66,4,30.1699352264404,1258.60485839844,42.1972694396973,20,111.213539123535,-0.925138294696808,-5.45987939834595,1.0007586479187,0.0626049041748047,240,87.2437044856535,"track2"
"Region_B",340,"track2",-65,25,-122.120959280852,6.74154981718267,-66,-20,25.0833225250244,51.0940208435059,3.28580141067505,30,105.566772460938,-2.40005922317505,0.327951014041901,0.997892558574677,0.0630860701203346,340,62.1664906298235,"track2"
"Region_B",70,"track2",-65,25,-67.8309613475941,33.5915173658273,-70,32,13.1119565963745,582.067504882812,29.8570899963379,10,92.8273849487305,-2.06472158432007,-1.61976516246796,1.04557883739471,0.0614679604768753,70,2.69028924120825,"track2"
"Region_B",170,"track2",-65,25,-136.286287977611,11.2717941697515,-86,28,14.2998199462891,537.283630371094,28.7504444122314,80,104.574340820312,-2.49832653999329,-4.51830005645752,1.03767776489258,0.124438934028149,170,52.9956944370611,"track2"
"Region_B",270,"track2",-65,25,-149.943584443713,1.28785036542252,-150,-88,-19.6255836486816,289.169586181641,8.66073226928711,108.131423950195,153.069595336914,-1.30218505859375,0.25755450129509,1.79235601425171,0.500076174736023,270,89.2878681881983,"track2"
"Region_B",370,"track2",-65,25,-105.111077933023,12.146447980464,-50,-24,9.47204208374023,2199.75854492188,21.7097587585449,34.9902267456055,113.452568054199,4.60187292098999,5.09018611907959,1.69584739208221,0.248542875051498,370,65.9074852542872,"track2"
"Region_B",45,"track2",-65,25,-48.6007861200777,39.1820827832972,-50,44,2.71132159233093,1227.26037597656,20.9557247161865,50.6196517944336,163.589004516602,1.05527102947235,1.43054330348969,1.25400006771088,0.743717193603516,45,5.01698373415431,"track2"
"Region_B",55,"track2",-65,25,-56.1833002171807,36.9975073458911,-58,40,7.83105945587158,1003.38854980469,19.4185409545898,211.734832763672,159.080017089844,-0.856673419475555,-0.178509533405304,1.04356563091278,0.61861127614975,55,3.50932475540149,"track2"
"Region_B",65,"track2",-65,25,-63.9243016847179,34.7411157932694,-62,36,10.3919019699097,793.227722167969,21.7528343200684,291.000366210938,318.294128417969,-1.4537752866745,-1.03745591640472,1.03848528862,1,65,2.29950569030908,"track2"
"Region_B",165,"track2",-65,25,-133.830452956392,12.2159351522427,-90,32,11.6029186248779,729.270324707031,26.7261657714844,164.921340942383,95.4180908203125,-2.05442261695862,-5.22236108779907,1.04997980594635,0.126363396644592,165,48.0886455232706,"track2"
"Region_B",60,"track2",-65,25,-60.0386224919265,35.8771899348232,-62,36,9.71443462371826,893.47412109375,27.5104827880859,240.571105957031,220.553253173828,-1.12656128406525,-0.39894688129425,1.0493723154068,0.872641265392303,60,1.96521857341246,"track2"
"Region_B",160,"track2",-65,25,-131.229691691139,13.1908599876921,-94,32,14.7879514694214,651.283569335938,33.5480003356934,190,102.073440551758,-2.37717223167419,-8.79242992401123,1.00176072120667,0.122935920953751,160,41.7113137100701,"track2"
"Region_B",40,"track2",-65,25,-44.8918242000143,40.2420279346355,-46,44,1.75520360469818,1438.85095214844,28.3157844543457,104.562385559082,117.692535400391,2.97800254821777,3.19302010536194,1.49004483222961,0.367606461048126,40,3.91795962813982,"track2"
"Region_B",50,"track2",-65,25,-52.3676272366657,38.0998629333524,-54,40,7.16783857345581,1085.71594238281,26.0714111328125,20,83.3729019165039,-0.719879269599915,0.50982666015625,1.07419002056122,0.0611174032092094,50,2.50502728738109,"track2"
"Region_B",140,"track2",-65,25,-119.499417684985,17.3586138571988,-102,44,8.59749603271484,1520.625,40.4980278015137,20,78.0243606567383,-1.0618017911911,-9.34208679199219,1.00531935691833,0.0609102547168732,140,31.8746462713456,"track2"
"Region_B",150,"track2",-65,25,-125.617047441477,15.2252003227586,-98,40,5.33508014678955,1345.01879882812,43.5605430603027,208.278610229492,116.116828918457,-0.518492519855499,-3.81151580810547,1.1238317489624,0.49637645483017,150,37.1011052184736,"track2"
"Region_B",145,"track2",-65,25,-122.617938915695,16.2805637344734,-98,44,5.75591659545898,1401.64135742188,45.8576278686523,47.2355155944824,96.3676071166992,-0.180726557970047,-2.09524989128113,1.14846754074097,0.25421404838562,145,37.0730368777021,"track2"
"Region_B",155,"track2",-65,25,-128.489822121934,14.1946159641288,-94,36,6.53337717056274,1295.66357421875,45.2475891113281,116.782844543457,124.210266113281,-1.31376171112061,-4.19934225082397,1.05729246139526,0.43154588341713,155,40.8046884923103,"track2"
"Region_C",400,"track3",15,-35,-52.2201177845041,-51.4584501828173,-50,-52,9.06756973266602,1497.36450195312,15.4189987182617,50,66.2148284912109,3.74762058258057,5.15011930465698,2.22847509384155,0.0603960193693638,400,2.28521315888958,"track3"
"Region_C",500,"track3",15,-35,2.79584822486615,-28.3050067078027,-2,-40,11.6876440048218,1671.33740234375,15.7955532073975,33.3333320617676,102.003959655762,3.81678032875061,3.3230185508728,1.40112125873566,0.183352202177048,500,12.6401356124249,"track3"
"Region_C",395,"track3",15,-35,-54.7876214443183,-52.1932706747501,-50,-52,9.25206470489502,1606.37548828125,17.4668560028076,91.4715728759766,89.2492218017578,3.96439051628113,4.96072912216187,2.22716975212097,0.372207313776016,395,4.79152091175805,"track3"
"Region_C",495,"track3",15,-35,0.461549080497377,-29.7350721980664,2,-40,8.95935440063477,1538.2158203125,17.5549221038818,173.994903564453,221.492050170898,4.73957109451294,3.82662129402161,1.71782565116882,0.744545757770538,495,10.3795748472964,"track3"
"Region_C",360,"track3",15,-35,-69.9678669741598,-55.8797598912142,-70,-56,3.75307393074036,1351.64929199219,36.8939399719238,1046.75476074219,174.044799804688,-0.307990819215775,-3.51660227775574,1.26764667034149,1,360,0.124459692713967,"track3"
"Region_C",370,"track3",15,-35,-66.2056422981027,-55.0939397499946,-66,-52,7.95470142364502,1258.87646484375,30.6899642944336,110.107765197754,70.0605545043945,-0.822651028633118,0.661474466323853,1.25964939594269,0.127792686223984,370,3.10076634581928,"track3"
"Region_C",355,"track3",15,-35,-71.6487664115032,-56.1903696489944,-70,-56,3.45818090438843,1298.93615722656,32.089672088623,1038.96960449219,203.510543823242,-0.132967174053192,-1.7040102481842,1.26325702667236,1,355,1.65972024237804,"track3"
"Region_C",365,"track3",15,-35,-68.151353785396,-55.5141585069448,-70,-56,5.47659587860107,1314.1650390625,33.7085647583008,718.949768066406,152.662124633789,-0.637863278388977,-2.65949773788452,1.24544048309326,1,365,1.91142218861866,"track3"
"Region_C",390,"track3",15,-35,-57.2712452412862,-52.8776761162388,-54,-52,8.33738422393799,1300.31799316406,12.6011114120483,20,66.9996337890625,2.0104444026947,4.10286283493042,1.99446511268616,0.122207313776016,390,3.38693973871013,"track3"
"Region_C",490,"track3",15,-35,-1.96957410623324,-31.1484993453629,-2,-36,8.62463283538818,1629.40454101562,19.4739570617676,57.5,111.319488525391,5.59030342102051,5.4797534942627,1.86919116973877,0.245206341147423,490,4.85159606077795,"track3"
"Region_C",385,"track3",15,-35,-59.6627261972359,-53.5107388542793,-54,-52,7.97530269622803,1315.2177734375,11.4087982177734,105.314994812012,115.567657470703,1.78161764144897,2.85156989097595,1.99263298511505,0.557622373104095,385,5.86078491933386,"track3"
"Region_C",485,"track3",15,-35,-4.48940375463883,-32.5430950171047,-6,-36,8.69368362426758,1721.12353515625,12.8642082214355,36.5494995117188,88.7084579467773,5.15920448303223,5.0435585975647,1.84597373008728,0.184716358780861,485,3.77254464218329,"track3"
"Region_C",350,"track3",15,-35,-73.1880122191867,-56.4457089842388,-74,-56,1.99253273010254,1324.45483398438,23.0756034851074,675.698486328125,98.193962097168,0.823000907897949,-4.37169504165649,1.34927761554718,0.366913199424744,350,0.926272451723209,"track3"
"Region_C",450,"track3",15,-35,-23.8844834028992,-41.6015559271276,-18,-44,22.5657634735107,533.478820800781,30.2129058837891,441.702239990234,125.782241821289,-3.14639806747437,-5.60355854034424,1.02108812332153,0.494751572608948,450,6.35450067980898,"track3"
"Region_C",460,"track3",15,-35,-18.1191506413592,-39.1593380088237,-6,-32,21.1081848144531,336.619842529297,13.5102548599243,30,95.9158020019531,-2.68886375427246,-1.17341566085815,0.999347925186157,0.063512995839119,460,14.0758634901218,"track3"
"Region_C",470,"track3",15,-35,-12.4964102352347,-36.5924746233051,-6,-36,18.4120426177979,641.84765625,21.619758605957,43.3875389099121,108.828834533691,-2.34677171707153,-0.964331388473511,1.00562286376953,0.190264597535133,470,6.52337122381691,"track3"
"Region_C",380,"track3",15,-35,-61.9540565184074,-54.0916203596101,-54,-56,6.94765043258667,1088.58520507812,13.2151098251343,154.822082519531,149.280487060547,0.588324666023254,2.09400200843811,1.85498571395874,1,380,8.17978776924405,"track3"
"Region_C",480,"track3",15,-35,-7.08957661647975,-33.9166987695086,2,-32,17.5813827514648,810.668823242188,25.1735916137695,76.1217956542969,155.104263305664,-1.62009680271149,0.049262311309576,1.01753079891205,0.621629655361176,480,9.28946377569185,"track3"
"Region_C",345,"track3",15,-35,-74.5799568207252,-56.645595042614,-74,-56,2.10378932952881,1301.04846191406,18.239013671875,661.671203613281,163.258026123047,1.24177396297455,-0.775327026844025,1.39199829101562,0.741932213306427,345,0.867838045347959,"track3"
"Region_C",445,"track3",15,-35,-26.7972569418361,-42.7712399568524,-26,-40,24.6420021057129,309.097991943359,5.72700071334839,60,83.3729019165039,-3.22202253341675,-4.50357913970947,1.00144243240356,0.0611174032092094,445,2.88364171314003,"track3"
"Region_C",455,"track3",15,-35,-20.9886464429652,-40.3969784114928,-18,-48,21.374870300293,319.258178710938,10.1506814956665,330,101.563537597656,-3.36851859092712,-3.14957904815674,0.99958610534668,0.242692425847054,455,8.16932952183683,"track3"
"Region_C",465,"track3",15,-35,-15.2853276270513,-37.8905227105378,-6,-32,18.5567779541016,551.178527832031,19.4572334289551,85.0045623779297,94.4000091552734,-2.48745465278625,-1.06263494491577,1.00298547744751,0.25,465,10.9961614641221,"track3"
"Region_C",375,"track3",15,-35,-64.1375057725867,-54.6195726822821,-70,-56,8.30816555023193,1128.79809570312,20.7107887268066,207.68537902832,89.124153137207,-0.772954761981964,0.419797360897064,1.33530652523041,0.318170309066772,375,6.02282476467277,"track3"
"Region_C",475,"track3",15,-35,-9.76150693750884,-35.2671865978234,-6,-36,18.2673091888428,732.516784667969,23.9004669189453,33.361572265625,89.8684234619141,-2.145259141922,-0.229158505797386,1.00761651992798,0.187132224440575,475,3.83222519214839,"track3"
"Region_C",340,"track3",15,-35,-75.8193605820331,-56.789941228909,-74,-56,2.27636027336121,1330.9951171875,12.4598255157471,710.208190917969,303.165893554688,1.982781291008,0.581341683864594,1.55628383159637,1,340,1.98345155539183,"track3"
"Region_C",440,"track3",15,-35,-29.7175155755482,-43.904260471996,-34,-40,16.9940242767334,1197.36804199219,46.1675796508789,572.707946777344,135.93293762207,-1.46924102306366,-4.73019552230835,1.14955461025238,0.444356024265289,440,5.79507745236102,"track3"
"Region_C",540,"track3",15,-35,17.1086088321768,-16.5364095466335,14,-16,33.0429267883301,326.845581054688,5.74822854995728,100,107.773612976074,-2.6076385974884,-0.54935222864151,1.00020730495453,0.0629597008228302,540,3.1545497417551,"track3"
"Region_C",35,"track3",15,-35,70.3588139481502,-7.09327056004429,70,-8,28.8273658752441,1138.3046875,124.966552734375,260,110.603897094727,-0.772787630558014,-10.8585233688354,1.33063876628876,0.0627204552292824,35,0.975143951767892,"track3"
"Region_C",135,"track3",15,-35,6.69267899601419,-25.7693494266388,6,-24,25.6399936676025,561.493774414062,35.2868118286133,389.456481933594,1460.26867675781,-3.08745551109314,-3.07935929298401,1.00122928619385,1,135,1.90010567734175,"track3"
"Region_C",235,"track3",15,-35,-62.215084935662,-47.8396636842678,-46,-52,4.02478408813477,1407.42919921875,31.6865348815918,20,66.2148284912109,2.32976341247559,-3.64044976234436,1.36209309101105,0.0603960193693638,235,16.740292044368,"track3"
"Region_C",335,"track3",15,-35,-76.9014063222963,-56.8787573573527,-78,-56,2.04103422164917,1379.65270996094,13.6798429489136,575.528686523438,231.314117431641,2.53329062461853,0.240687593817711,1.57129228115082,1,335,1.40681290930674,"track3"
"Region_C",435,"track3",15,-35,-32.6357870902593,-44.9989110866141,-34,-36,28.5232543945312,126.618148803711,5.90375852584839,627.921508789062,130.935607910156,-4.27637767791748,-9.16950416564941,0.999061763286591,0.69111430644989,435,9.10172937456888,"track3"
"Region_C",535,"track3",15,-35,15.8046061807952,-18.0179826974894,14,-12,35.9350051879883,136.979965209961,9.00568103790283,146.294723510742,152.674819946289,-3.3427619934082,-2.26092028617859,0.999675035476685,0.501623213291168,535,6.28273182740165,"track3"
"Region_C",30,"track3",15,-35,72.2282041149831,-6.54184265083133,74,-4,28.5831604003906,1062.73400878906,117.341972351074,249.938980102539,111.044128417969,-1.10783076286316,-8.11136627197266,1.30631160736084,0.125019043684006,30,3.09842294074711,"track3"
"Region_C",130,"track3",15,-35,10.5940330062193,-24.6084826341727,10,-24,25.3509292602539,619.621887207031,32.4857749938965,346.194274902344,1128.96691894531,-3.11483144760132,-2.74979043006897,1.00526022911072,1,130,0.850368348756946,"track3"
"Region_C",230,"track3",15,-35,-59.7151847386068,-46.9282058302485,-42,-48,8.54962921142578,1289.0771484375,26.5769691467285,187.421600341797,74.5075607299805,-0.430034548044205,-9.62471866607666,1.1129322052002,0.25,230,17.7475776675376,"track3"
"Region_C",330,"track3",15,-35,-77.8217126548827,-56.9121496345775,-78,-56,1.38215065002441,1391.87182617188,13.4818210601807,701.017944335938,261.432464599609,2.99060273170471,0.807571232318878,1.61151456832886,1,330,0.929410207222197,"track3"
"Region_C",430,"track3",15,-35,-35.5426047754074,-46.053552019536,-34,-32,34.2187423706055,76.8854446411133,4.58759498596191,288.324554443359,122.192222595215,-4.15761041641235,-4.62464094161987,1.00218427181244,0.6202472448349,430,14.1379614463654,"track3"
"Region_C",530,"track3",15,-35,14.3502099791396,-19.5011736998554,14,-12,35.3809356689453,200.225158691406,10.9721221923828,70,110.387435913086,-3.31269907951355,-1.37882316112518,0.999896824359894,0.125676602125168,530,7.50934443908995,"track3"
"Region_C",25,"track3",15,-35,73.9307956604741,-6.03825184331622,74,-4,28.3394241333008,879.934020996094,87.164436340332,160,111.213539123535,-1.85417354106903,-10.3892440795898,1.2041198015213,0.0626049041748047,25,2.03942634517435,"track3"
"Region_C",125,"track3",15,-35,14.4715863257302,-23.4588842067306,14,-24,23.3362922668457,1129.68542480469,57.1512641906738,462.631713867188,815.695617675781,-2.87080526351929,-2.50281167030334,1.01524984836578,1,125,0.71777431295729,"track3"
"Region_C",225,"track3",15,-35,-57.0720622482158,-45.9840648477573,-38,-44,10.5227909088135,1050.49731445312,37.0882339477539,947.545166015625,148.801742553711,-1.71914899349213,-7.27236652374268,1.05867004394531,0.75,225,19.174985572874,"track3"
"Region_C",325,"track3",15,-35,-78.5763461213464,-56.8903204752593,-78,-56,0.714851379394531,1402.99291992188,13.9319763183594,1254.90405273438,241.926528930664,3.38028264045715,-0.720968067646027,1.65661907196045,1,325,1.06058729025808,"track3"
"Region_C",425,"track3",15,-35,-38.4285336411668,-47.0666129407951,-34,-36,28.7259006500244,69.1128234863281,3.25437474250793,100,91.7409362792969,-4.02055025100708,-6.89379644393921,0.998749077320099,0.127358749508858,425,11.9198083957889,"track3"
"Region_C",525,"track3",15,-35,12.750832817487,-20.983668320862,10,-12,34.8409881591797,262.540435791016,12.9506149291992,75,109.455390930176,-3.21496915817261,-2.54048919677734,1.00001049041748,0.125676602125168,525,9.39539130047398,"track3"
"Region_C",20,"track3",15,-35,75.4632580750259,-5.58363267960684,74,0,28.0947322845459,911.592712402344,104.862800598145,50,111.281341552734,-1.51738440990448,-1.39930963516235,1.24927234649658,0.0624904781579971,20,5.77218139830186,"track3"
"Region_C",120,"track3",15,-35,18.3159850107348,-22.3228100651768,18,-24,22.6308078765869,1366.36218261719,73.9214324951172,754.978698730469,572.790161132812,-2.72026228904724,-2.14341425895691,1.01811397075653,1,120,1.70669640079349,"track3"
"Region_C",220,"track3",15,-35,-54.2916527216001,-45.0091400123079,-38,-44,11.6774492263794,974.755432128906,43.8085594177246,120,82.0728607177734,-2.06446814537048,-4.0295786857605,1.03674340248108,0.0640707015991211,220,16.3228769512504,"track3"
"Region_C",320,"track3",15,-35,-79.1618320849192,-56.8135681507545,-78,-56,0.0564833804965019,1415.72985839844,15.2590398788452,1783.5859375,259.578582763672,3.16325998306274,-1.22653591632843,1.69991827011108,1,320,1.41836064859041,"track3"
"Region_C",420,"track3",15,-35,-41.2841965481213,-48.0365956975019,-42,-40,18.3615970611572,1299.40063476562,36.168327331543,80,87.1191101074219,-1.28399884700775,-8.23267459869385,1.12696766853333,0.0638635605573654,420,8.06841031348971,"track3"
"Region_C",520,"track3",15,-35,11.0122888027228,-22.46315353646,10,-8,36.0405426025391,214.8603515625,17.6465225219727,295.854034423828,159.38508605957,-3.41222810745239,-3.00521159172058,0.999412059783936,0.813046157360077,520,14.4985357481138,"track3"
"Region_C",15,"track3",15,-35,76.8227320120937,-5.17903469389575,78,0,27.9600162506104,857.8818359375,88.6959533691406,370,111.281341552734,-2.12758421897888,-8.38984775543213,1.18355762958527,0.0624904781579971,15,5.3111543261258,"track3"
"Region_C",115,"track3",15,-35,22.1179669373149,-21.202492654109,22,-20,25.4467544555664,1242.50598144531,93.4725112915039,564.69873046875,635.042846679688,-2.27051520347595,-1.23649859428406,1.1288275718689,1,115,1.20826519501536,"track3"
"Region_C",215,"track3",15,-35,-51.3802716245904,-44.0053840358712,-38,-36,18.481409072876,116.778526306152,8.63997173309326,360,91.7409362792969,-3.00603127479553,-4.98493576049805,0.999967753887177,0.0636793747544289,215,15.5922366038231,"track3"
"Region_C",315,"track3",15,-35,-79.5751643533218,-56.6822862713423,-78,-56,-0.464096754789352,1324.63171386719,11.1142053604126,1448.36804199219,220.686309814453,3.77608156204224,-1.34299349784851,1.73820114135742,1,315,1.71658302917102,"track3"
"Region_C",415,"track3",15,-35,-44.1003001767241,-48.9620769144276,-46,-44,18.92604637146,1266.8037109375,35.2854270935059,310,101.570610046387,-1.54810798168182,-14.5308275222778,1.14201807975769,0.192212119698524,415,5.31329151498859,"track3"
"Region_C",515,"track3",15,-35,9.14077745649908,-23.9373215465068,10,-8,35.5535583496094,1016.65563964844,83.2533264160156,172.572326660156,138.404052734375,-2.87627792358398,-1.26278865337372,1.05025017261505,0.250613301992416,515,15.9604662042188,"track3"
"Region_C",10,"track3",15,-35,78.0068372069845,-4.82542059061592,78,4,27.8208770751953,786.461242675781,71.3815689086914,232.091522216797,111.112815856934,-2.72142577171326,-6.22792625427246,1.10715401172638,0.312452346086502,10,8.82542323906717,"track3"
"Region_C",110,"track3",15,-35,25.8683874523774,-20.1001370666476,26,-20,26.0366439819336,915.017761230469,64.4371795654297,379.728576660156,432.5908203125,-2.85930728912354,-2.08706760406494,1.04433977603912,1,110,0.16537622201664,"track3"
"Region_C",210,"track3",15,-35,-48.3445971414099,-42.9747996772414,-34,-44,9.87554168701172,797.597412109375,31.0759258270264,1187.09655761719,120.132392883301,-2.00017189979553,-3.97679996490479,1.05924272537231,0.5,210,14.3811857247978,"track3"
"Region_C",310,"track3",15,-35,-79.813813504244,-56.4969631029723,-78,-56,-0.208383530378342,1348.38903808594,8.61432456970215,1044.22387695312,174.066604614258,3.70712494850159,-1.54308891296387,1.67571353912354,0.935083508491516,310,1.88066258374379,"track3"
"Region_C",410,"track3",15,-35,-46.8676607646233,-49.8417104647841,-46,-44,16.5546760559082,499.797485351562,6.51994323730469,494.19921875,114.888580322266,-1.75564515590668,-6.09174823760986,1.71671366691589,0.68596738576889,410,5.90579515025997,"track3"
"Region_C",510,"track3",15,-35,7.14286654600829,-25.4038737807837,14,-8,34.4937515258789,977.046264648438,84.1561050415039,50,110.603897094727,-2.95693874359131,-0.642768502235413,1.06863760948181,0.125440910458565,510,18.7060177959742,"track3"
"Region_C",5,"track3",15,-35,79.0136790688659,-4.52366457332058,78,4,27.6929798126221,760.061950683594,60.9169425964355,310,110.806983947754,-2.94504237174988,-7.8801007270813,1.05486357212067,0.0623760521411896,5,8.58372896899344,"track3"
"Region_C",105,"track3",15,-35,29.5582446992564,-19.0179172167028,30,-20,26.6014060974121,777.193542480469,54.5677909851074,317.524566650391,185.826324462891,-3.00216507911682,-1.38984262943268,1.01062822341919,0.686913907527924,105,1.07686319418196,"track3"
"Region_C",205,"track3",15,-35,-45.1916516798189,-41.9194362655266,-34,-40,12.562349319458,423.969848632812,25.6946678161621,1273.82177734375,127.921447753906,-2.88359236717224,-7.69744539260864,1.00543558597565,0.5,205,11.3550562702178,"track3"
"Region_C",305,"track3",15,-35,-79.8757338904373,-56.2581807197037,-78,-56,0.0320475734770298,1368.81005859375,9.53857326507568,647.325134277344,115.608177185059,3.31346082687378,-1.06558036804199,1.62155067920685,0.616913199424744,305,1.89341884213758,"track3"
"Region_C",405,"track3",15,-35,-49.5772295405746,-50.6742298069115,-46,-48,20.0335941314697,1208.10681152344,38.3623924255371,310.792938232422,97.0837860107422,-1.9331271648407,-6.70556592941284,1.18092453479767,0.379865497350693,405,4.46632693005488,"track3"
"Region_C",505,"track3",15,-35,5.02547389492173,-26.8605248889924,2,-44,6.80864810943604,1431.02355957031,22.3898410797119,162.211624145508,132.876617431641,5.34249639511108,4.44181489944458,2.13721346855164,0.429589182138443,505,17.404456307788,"track3"
"Region_C",0,"track3",15,-35,79.8418539277292,-4.27455082718829,78,8,27.3361206054688,998.81640625,68.0158309936523,117.956840515137,119.487617492676,-1.92576396465302,-2.55244278907776,1.0529580116272,0.311474859714508,0,12.4119709917611,"track3"
"Region_C",100,"track3",15,-35,33.1787045478482,-17.9579720653645,34,-16,28.3768749237061,1106.4189453125,99.9435729980469,56.7933769226074,107.261535644531,-2.38730454444885,0.258401960134506,1.09787356853485,0.187978744506836,100,2.1232477077517,"track3"
"Region_C",200,"track3",15,-35,-41.9287824229518,-40.8413861428012,-34,-40,12.2369937896729,437.640411376953,27.6104736328125,1152.07666015625,85.2818603515625,-2.62614774703979,-12.2342109680176,1.0052444934845,0.25,200,7.97330053063395,"track3"
"Region_C",300,"track3",15,-35,-79.7593693050197,-55.9666139933055,-78,-56,-0.191117212176323,1342.29821777344,10.9866380691528,275.526794433594,80.1209335327148,2.97925901412964,-0.602488279342651,1.64470911026001,0.181829690933228,300,1.75968604497753,"track3"
"Region_C",165,"track3",15,-35,-16.6864271786085,-32.8428893971531,-18,-32,16.4532775878906,112.913162231445,3.27391242980957,488.164672851562,1182.01989746094,-2.72731685638428,-2.14862513542175,0.998976349830627,1,165,1.56074856813379,"track3"
"Region_C",265,"track3",15,-35,-73.9262564362006,-52.5232481491417,-58,-52,1.56541740894318,1629.2578125,11.1862421035767,30,66.2148284912109,5.89056777954102,4.36832761764526,1.69401574134827,0.0603960193693638,265,15.9348496289485,"track3"
"Region_C",85,"track3",15,-35,43.538384287309,-14.9325726260622,38,-8,27.5381107330322,2421.28198242188,128.657165527344,60,110.603897094727,2.96987843513489,4.92604875564575,1.34485232830048,0.0627204552292824,85,8.87323299195605,"track3"
"Region_C",95,"track3",15,-35,36.7211250602379,-16.922401907965,34,-16,27.9665126800537,1198.1572265625,98.6283798217773,70,107.773612976074,-2.14359927177429,0.851882636547089,1.10285413265228,0.0629597008228302,95,2.87321194367416,"track3"
"Region_C",195,"track3",15,-35,-38.563640981707,-39.7427810320924,-34,-40,11.544093132019,468.060821533203,26.6723937988281,816.95849609375,85.2818603515625,-2.781414270401,-14.4775609970093,1.00704431533813,0.25,195,4.57088400720992,"track3"
"Region_C",295,"track3",15,-35,-79.4636572913038,-55.6230294217744,-78,-60,0.989600241184235,1129.37963867188,8.35093688964844,199.339065551758,75.8918914794922,1.63800466060638,0.534002482891083,1.41724634170532,0.305896103382111,295,4.61521008287156,"track3"
"Region_C",160,"track3",15,-35,-12.8405627776862,-31.6626043116346,-14,-32,16.8191299438477,147.780944824219,3.40475368499756,775.47021484375,1086.8046875,-2.4963595867157,-2.8129985332489,0.998866081237793,1,160,1.20753075447965,"track3"
"Region_C",260,"track3",15,-35,-72.3871094659928,-51.8443788721038,-62,-64,-3.42793202400208,1066.67797851562,26.2831974029541,120,46.162956237793,1.56519687175751,3.13674163818359,1.60067963600159,0.0591354221105576,260,15.9890952859589,"track3"
"Region_C",80,"track3",15,-35,46.7971124299865,-13.9822883245065,50,-24,15.7909307479858,1472.06103515625,41.4265289306641,35,101.296203613281,0.714899063110352,-0.00724570453166962,1.02311420440674,0.124533288180828,80,10.5172732207291,"track3"
"Region_C",90,"track3",15,-35,40.1770804240593,-15.9132647282611,34,-16,27.1328449249268,1192.26062011719,91.5230484008789,49.6996536254883,106.976417541504,-2.05427074432373,0.51673549413681,1.08466613292694,0.124980956315994,90,6.17768933928051,"track3"
"Region_C",190,"track3",15,-35,-35.1041622040411,-38.6257883370079,-34,-40,10.8511924743652,498.481201171875,26.049877166748,718.053771972656,85.2818603515625,-2.76189517974854,-12.1054515838623,1.00862741470337,0.25,190,1.7628476586297,"track3"
"Region_C",290,"track3",15,-35,-78.9880320852098,-55.2282837988011,-74,-60,0.74668276309967,1243.79638671875,9.2482442855835,180.88786315918,67.3912200927734,2.5465681552887,1.95559108257294,1.45123064517975,0.244331449270248,290,6.90287907962079,"track3"
"Region_C",155,"track3",15,-35,-8.96190660459922,-30.4797803498656,-10,-32,16.9359436035156,288.048126220703,5.89728689193726,711.400817871094,1177.28637695312,-2.43483996391296,-2.76001977920532,0.999278783798218,1,155,1.84084374193723,"track3"
"Region_C",255,"track3",15,-35,-70.6779543513026,-51.122730404736,-58,-60,-2.32064890861511,1234.92749023438,12.9979829788208,202.981628417969,71.2125930786133,3.11249756813049,-0.468336671590805,1.80118322372437,0.180877074599266,255,15.4769648833585,"track3"
"Region_C",75,"track3",15,-35,49.9456247097763,-13.0643217630493,50,-20,16.6299705505371,1168.64196777344,49.3317985534668,83.3346862792969,104.262077331543,-1.12713694572449,-0.419508546590805,1.02145707607269,0.186913937330246,75,6.93589138313871,"track3"
"Region_C",175,"track3",15,-35,-24.2428324085553,-35.1866146005809,-26,-36,12.429708480835,203.032592773438,11.8759670257568,335.603179931641,760.4326171875,-2.82375073432922,-1.91204810142517,1.00047123432159,1,175,1.93629381871958,"track3"
"Region_C",185,"track3",15,-35,-31.5585421998539,-37.4926073794269,-30,-36,13.0126142501831,204.823486328125,14.3558559417725,777.284545898438,337.320373535156,-2.92454242706299,-3.22681617736816,1.0004141330719,1,185,2.15799225620603,"track3"
"Region_C",285,"track3",15,-35,-78.3324261821179,-54.7833227264967,-70,-60,0.503765344619751,1358.21325683594,11.8022718429565,96.6718368530273,65.4446029663086,3.34628868103027,3.65233373641968,1.48075580596924,0.309656202793121,285,9.83071960012746,"track3"
"Region_C",150,"track3",15,-35,-5.05981565745054,-29.2967311075847,-6,-28,21.063138961792,338.083587646484,12.458459854126,489.266235351562,1449.07153320312,-2.55740284919739,-2.91606664657593,0.99954628944397,1,150,1.60170476784991,"track3"
"Region_C",250,"track3",15,-35,-68.8021397791626,-50.3598158067049,-54,-56,-0.505728781223297,1343.79321289062,17.0208053588867,49.4624710083008,60.6370391845703,3.19661903381348,2.51523804664612,1.74101328849792,0.121765226125717,250,15.8402973386286,"track3"
"Region_C",70,"track3",15,-35,52.9765862209914,-12.1805267820749,54,-12,17.2663993835449,1045.80053710938,35.1466331481934,120,110.294212341309,-1.20525324344635,-0.552416801452637,1.00846123695374,0.186427980661392,70,1.03921397320815,"track3"
"Region_C",170,"track3",15,-35,-20.4902336242301,-34.0183264178163,-22,-36,13.2286491394043,191.817779541016,9.22945880889893,477.124053955078,1017.85278320312,-2.78549599647522,-2.20382595062256,1.00035285949707,1,170,2.49126969550272,"track3"
"Region_C",180,"track3",15,-35,-27.935215642324,-36.3454655817849,-26,-36,11.7533206939697,201.186645507812,12.8911657333374,342.697967529297,723.810485839844,-2.65391111373901,-1.52796256542206,1.00068581104279,1,180,1.96580926096444,"track3"
"Region_C",280,"track3",15,-35,-77.4972705238185,-54.2891789739596,-66,-60,-1.19859886169434,1231.09948730469,10.5580034255981,39.7747802734375,55.7122001647949,2.91253423690796,3.76775455474854,1.50795638561249,0.25,280,12.8374727376276,"track3"
"Region_C",145,"track3",15,-35,-1.14371183563119,-28.1157705715859,-2,-28,21.3312816619873,523.836730957031,17.7203598022461,284.565979003906,1140.50512695312,-2.34691047668457,-2.66822361946106,0.999671816825867,1,145,0.864078842284332,"track3"
"Region_C",245,"track3",15,-35,-66.7634759905923,-49.5572197699011,-54,-60,0.697548985481262,1304.24987792969,27.4150085449219,98.5593109130859,54.8450241088867,1.97948122024536,2.07304430007935,1.47653377056122,0.184675246477127,245,16.4911484832491,"track3"
"Region_C",65,"track3",15,-35,55.8829876081819,-11.3326979048893,54,-12,20.1872177124023,986.048889160156,23.3748912811279,185.137924194336,163.301788330078,-1.21691167354584,-1.55051672458649,1.00552070140839,0.5,65,1.99773231908228,"track3"
"Region_C",240,"track3",15,-35,-64.5662242283503,-48.7165958676356,-54,-60,1.51954710483551,1283.14514160156,33.7097244262695,40,53.1165504455566,1.08042442798615,-2.26211094856262,1.36922550201416,0.0596562027931213,240,15.4583408960352,"track3"
"Region_C",60,"track3",15,-35,58.658164478151,-10.5225672226797,58,-12,21.7054767608643,919.787719726562,24.7765960693359,97.3546142578125,109.483070373535,-1.0769829750061,-0.918667376041412,1.00130331516266,0.437819272279739,60,1.61740164826185,"track3"
"Region_C",275,"track3",15,-35,-76.4834933050429,-53.7469706845333,-62,-52,0.367918133735657,1512.83386230469,27.5198097229004,20,66.2148284912109,6.23655033111572,6.139732837677,1.9235771894455,0.0603960193693638,275,14.588470957912,"track3"
"Region_C",140,"track3",15,-35,2.77694415360037,-26.9392091029614,2,-28,21.7039852142334,606.097839355469,24.9339122772217,573.996765136719,829.87060546875,-2.28636455535889,-2.40837669372559,0.999243795871735,1,140,1.31488385230548,"track3"
"Region_C",270,"track3",15,-35,-75.2925174028805,-53.1578994348659,-66,-64,-4.61731624603271,960.810424804688,13.2513399124146,49.6257019042969,47.0598449707031,2.26121759414673,4.31077718734741,1.73685526847839,0.120526477694511,270,14.2794266112935,"track3"
"Region_C",50,"track3",15,-35,63.7900216384017,-9.02199872092656,62,-8,27.5148067474365,901.218200683594,72.4524002075195,259.965881347656,165.323852539062,-2.1744532585144,-1.58646821975708,1.06989502906799,0.5,50,2.06122751085898,"track3"
"Region_C",45,"track3",15,-35,66.1352589828404,-8.33468643613636,66,-8,28.5729637145996,1408.60339355469,125.439743041992,510.531402587891,182.590133666992,-0.0641045197844505,-0.00685091502964497,1.34441733360291,1,45,0.360984768338881,"track3"
"Region_C",55,"track3",15,-35,61.2958158566158,-9.75180138784609,62,-8,27.2359180450439,1455.77453613281,118.554573059082,239.789627075195,230.506256103516,-0.553058862686157,1.12585401535034,1.22448754310608,0.875306665897369,55,1.88803691972727,"track3"
"Region_C",40,"track3",15,-35,68.3264176089659,-7.69131799033814,70,-8,29.0715713500977,1213.87524414062,133.309783935547,226.663589477539,109.995582580566,-0.337420105934143,-6.87293767929077,1.35269296169281,0.187126204371452,40,1.70181156497081,"track3"
"Region_D",500,"track4",70,10,14.8405348137368,2.89573952800395,14,4,33.6439743041992,813.310607910156,49.4426383972168,841.776916503906,137.51301574707,-2.83771824836731,-5.74257278442383,1.01508724689484,0.375514954328537,500,1.38776437593583,"track4"
"Region_D",485,"track4",70,10,6.21639843173242,-0.266612940795076,6,0,27.5449676513672,2710.482421875,113.990379333496,302.468017578125,158.818664550781,7.53925609588623,4.24638223648071,1.98651850223541,0.5,485,0.343381335333835,"track4"
"Region_D",495,"track4",70,10,11.9389952285209,1.80108891338586,10,0,28.7967357635498,1821.31042480469,84.9685821533203,198.8701171875,161.582611083984,2.22973442077637,2.30405426025391,1.43795228004456,0.562509536743164,495,2.64643605064399,"track4"
"Region_D",490,"track4",70,10,9.06116486416195,0.746447980464009,10,0,28.2026596069336,2257.67626953125,98.7456665039062,179.988571166992,153.953643798828,5.52033710479736,5.30632257461548,1.71717572212219,0.5,490,1.19941485726284,"track4"
"Region_D",270,"track4",70,10,4.12600954539184,3.82520032275863,6,4,23.9865188598633,3098.71923828125,72.215087890625,937.958068847656,1729.75854492188,9.65512466430664,4.22910022735596,1.47883927822113,1,270,1.88212516882544,"track4"
"Region_D",400,"track4",70,10,-28.8446685959748,-9.98994122890902,-30,-12,36.2438888549805,834.618957519531,90.5865936279297,160.649658203125,181.657333374023,-3.11093473434448,-0.242502093315125,1.15430986881256,0.686021327972412,400,2.31843199519991,"track4"
"Region_D",265,"track4",70,10,7.42037718099462,4.88056373447335,6,4,25.4721698760986,2786.4736328125,67.6264877319336,731.474670410156,1587.83923339844,6.75917673110962,2.69112968444824,1.36300528049469,1,265,1.67118635309168,"track4"
"Region_D",480,"track4",70,10,3.41395907360615,-1.23659569750188,2,4,28.03102684021,5684.1962890625,79.3987350463867,348.424774169922,140.046112060547,23.4478950500488,15.5648889541626,3.19034075737,0.437395095825195,480,5.42413262752012,"track4"
"Region_D",300,"track4",70,10,-13.1304905995077,-1.91659586763558,-14,0,24.6967811584473,3411.45434570312,70.8092422485352,118.748664855957,714.570251464844,9.27970600128174,6.96658849716187,1.55657529830933,1,300,2.10461072823037,"track4"
"Region_D",475,"track4",70,10,0.662992709707169,-2.16207691442758,2,4,28.2183952331543,4112.2099609375,101.966575622559,137.451309204102,122.553588867188,16.0749340057373,11.4782419204712,2.19143843650818,0.249599531292915,475,6.30545639851847,"track4"
"Region_D",295,"track4",70,10,-10.5870238063342,-1.03966368426781,-10,0,25.4095478057861,2567.37280273438,84.8367767333984,495.000946044922,1296.81994628906,4.85256385803223,2.22210693359375,1.38463866710663,1,295,1.19394201098226,"track4"
"Region_D",395,"track4",70,10,-29.7156654049389,-10.0787573573527,-30,-12,35.9892311096191,791.135986328125,86.3374252319336,148.524276733398,223.279815673828,-3.12878465652466,-0.194563314318657,1.24890005588531,1,395,1.94216875010252,"track4"
"Region_D",260,"track4",70,10,10.8146653012471,5.95861385719881,10,4,27.0826587677002,2537.13598632812,74.956428527832,451.868621826172,336.757751464844,3.80709218978882,2.99848055839539,1.27668404579163,1,260,2.1212844681153,"track4"
"Region_D",360,"track4",70,10,-30.9898733284186,-9.16661399330548,-30,-4,28.9773139953613,1694.47387695312,38.5937843322754,20,111.213539123535,0.895794272422791,1.74686431884766,1.30148839950562,0.0626049041748047,360,5.26058450765071,"track4"
"Region_D",370,"track4",70,10,-31.5096023581706,-9.69696310297232,-30,-4,34.5621681213379,360.474639892578,30.9529514312744,19.994909286499,110.863487243652,-3.24331855773926,-0.224031120538712,1.00041735172272,0.187223479151726,370,5.89358022567116,"track4"
"Region_D",470,"track4",70,10,-2.02749729160095,-3.04171046478406,2,8,28.6238327026367,4128.3076171875,117.540496826172,297.305877685547,162.992126464844,15.4994058609009,10.6901206970215,2.08224964141846,0.749118149280548,470,11.7533018519042,"track4"
"Region_D",290,"track4",70,10,-7.90207437617062,-0.128205830248461,-6,0,25.4556789398193,2231.34838867188,88.8233261108398,1404.37243652344,2069.55737304688,2.75452303886414,-1.22956275939941,1.31033325195312,1,290,1.90639021907755,"track4"
"Region_D",390,"track4",70,10,-30.4198983178127,-10.1121496345775,-30,-12,35.5834083557129,538.052795410156,58.3725814819336,119.830497741699,247.375244140625,-3.37491202354431,-0.870521426200867,1.24318134784698,1,390,1.9339838674425,"track4"
"Region_D",255,"track4",70,10,14.3008583381058,7.0572189679076,14,8,29.0838432312012,1904.10571289062,109.03116607666,446.506072998047,541.43994140625,0.324999690055847,0.474508076906204,1.25205826759338,1,255,0.989622056181536,"track4"
"Region_D",355,"track4",70,10,-30.4602383132295,-8.82302942177439,-30,-12,29.9033184051514,502.70263671875,30.8098125457764,30,108.24365234375,-1.92621660232544,1.08470475673676,1.25966393947601,0.0621426589787006,355,3.21013416540111,"track4"
"Region_D",365,"track4",70,10,-31.3395225473905,-9.45818071970365,-30,-4,32.8971710205078,445.649383544922,41.8436393737793,40,111.111854553223,-2.68910479545593,0.0377407222986221,1.0007346868515,0.0625476688146591,365,5.62014745570897,"track4"
"Region_D",465,"track4",70,10,-4.64867504783678,-3.8742298069115,2,8,29.0292701721191,4144.4052734375,134.809341430664,147.5,110.937805175781,14.7496461868286,11.0127086639404,1.98415684700012,0.249042004346848,465,13.6089019909423,"track4"
"Region_D",285,"track4",70,10,-5.08169340348363,0.815935152242664,-6,0,25.5399513244629,2068.73681640625,88.3815307617188,1531.23608398438,2098.244140625,1.51966905593872,-1.36533463001251,1.25495362281799,1,285,1.2284287435056,"track4"
"Region_D",385,"track4",70,10,-30.9540322793245,-10.0903204752593,-30,-12,35.181999206543,289.697174072266,30.9622020721436,112.913719177246,152.541519165039,-3.53227210044861,-0.830518007278442,1.2346259355545,0.875714659690857,385,2.13472562105925,"track4"
"Region_D",250,"track4",70,10,17.8706861980334,8.17421166299205,18,8,29.7842388153076,1726.77612304688,93.0420303344727,176.074829101562,350.05712890625,-0.728196740150452,0.859341681003571,1.15451407432556,1,250,0.216960279547932,"track4"
"Region_D",350,"track4",70,10,-29.7506995743296,-8.42828379880111,-30,-8,29.8040351867676,765.824157714844,35.3350219726562,29.0653896331787,174.454833984375,-1.80428671836853,0.975821912288666,1.07421851158142,0.686666250228882,350,0.49555798304026,"track4"
"Region_D",450,"track4",70,10,-12.0109984020107,-6.07767611623883,-2,-16,29.3080520629883,773.196166992188,51.9893417358398,115.869728088379,140.111083984375,-2.78919291496277,-1.46516597270966,1.06309771537781,0.310769975185394,450,14.0951268266489,"track4"
"Region_D",460,"track4",70,10,-7.19189663288046,-4.65845018281732,-2,12,29.8502025604248,2497.31469726562,66.4255828857422,124.969779968262,120.816078186035,3.96158814430237,2.83388710021973,1.38768434524536,0.249072447419167,460,17.4487751186128,"track4"
"Region_D",280,"track4",70,10,-2.13230705277397,1.79085998769208,-2,0,25.5422439575195,1945.03857421875,86.371940612793,1633.78637695312,2497.48559570312,0.608430624008179,-2.11874127388,1.21146810054779,1,280,1.79574069724173,"track4"
"Region_D",380,"track4",70,10,-31.3152033136741,-10.0135681507545,-30,-12,34.770938873291,31.0155200958252,3.02497172355652,70,109.829360961914,-3.56263613700867,-0.525148391723633,1.00000417232513,0.251140385866165,380,2.38236673247345,"track4"
"Region_D",245,"track4",70,10,21.5156471655576,9.30739262057311,22,12,29.2343425750732,1583.09057617188,117.363990783691,47.4722709655762,120.904624938965,-0.968025803565979,1.13410639762878,1.14626693725586,0.248821541666985,245,2.7358238554367,"track4"
"Region_D",345,"track4",70,10,-28.8618374174625,-7.98332272649665,-30,-8,29.7647476196289,645.198059082031,25.2399215698242,76.9609146118164,197.781982421875,-1.99113941192627,0.565447866916656,1.02618408203125,0.813218474388123,345,1.13828476039167,"track4"
"Region_D",445,"track4",70,10,-14.2707629112767,-6.71073885427927,-26,-8,32.8143005371094,136.95654296875,3.54344820976257,80,110.556129455566,-3.57774639129639,-0.999190330505371,0.999214291572571,0.124521002173424,445,11.7998812275949,"track4"
"Region_D",455,"track4",70,10,-9.64873401584043,-5.39327067475015,-2,-20,25.5934638977051,544.422973632812,27.2021903991699,139.881378173828,142.154861450195,-2.98230767250061,-1.71643960475922,1.026087641716,0.373014688491821,455,16.488167685531,"track4"
"Region_D",275,"track4",70,10,0.939301238324106,2.79461596412879,2,4,25.126293182373,2012.39990234375,75.3674545288086,1004.27484130859,2257.38647460938,2.1726667881012,-0.979638040065765,1.23331320285797,1,275,1.60562527912148,"track4"
"Region_D",375,"track4",70,10,-31.5010264561533,-9.88228627134228,-30,-8,36.2899932861328,245.177001953125,18.7747383117676,46.2673263549805,116.267158508301,-3.63056302070618,-0.738834083080292,0.999771416187286,0.500498056411743,375,2.40750535396204,"track4"
"Region_D",240,"track4",70,10,25.2270314482935,10.454534418215,22,12,29.6989517211914,1612.04577636719,116.212875366211,30,108.24365234375,-1.39432919025421,-0.492130935192108,1.11476707458496,0.0621426589787006,240,3.57801562779664,"track4"
"Region_D",340,"track4",70,10,-27.7947287744844,-7.48917897395954,-26,-8,28.4052276611328,1527.16833496094,43.437744140625,113.385948181152,190.731903076172,-0.354752570390701,0.97583144903183,1.05410695075989,0.750459969043732,340,1.86600897495356,"track4"
"Region_D",440,"track4",70,10,-16.420384531164,-7.29162035961011,-22,-8,34.4006309509277,760.83251953125,76.4012069702148,124.937797546387,109.944953918457,-2.86430191993713,-1.13863039016724,1.12155878543854,0.124693356454372,440,5.62440312344282,"track4"
"Region_D",540,"track4",70,10,37.7742297601338,12.8833012304914,42,8,33.1996421813965,5905.06494140625,42.501953125,50,110.603897094727,36.7238922119141,11.5357694625854,2.58320713043213,0.0627204552292824,540,6.45784523102387,"track4"
"Region_D",35,"track4",70,10,129.285036518044,42.9603967597908,130,44,0.622678637504578,1474.98083496094,39.3354835510254,182.857971191406,99.7091064453125,2.25921058654785,1.84447586536407,1.49187850952148,0.502049922943115,35,1.26172408932523,"track4"
"Region_D",135,"track4",70,10,102.211895518869,33.7356782369507,102,32,16.7861366271973,237.584747314453,10.028039932251,782.100463867188,2224.51977539062,-3.04675912857056,-3.72650957107544,1.00208806991577,1,135,1.74856474090632,"track4"
"Region_D",235,"track4",70,10,28.9959452982234,11.6133853994191,30,12,28.1681957244873,405.283477783203,28.7575912475586,10,108.24365234375,-2.84953165054321,-2.2821729183197,1.02702963352203,0.124285317957401,235,1.07591667592898,"track4"
"Region_D",335,"track4",70,10,-26.5509442208622,-6.94697068453326,-26,-8,27.8917694091797,1444.423828125,36.8114814758301,94.3239440917969,143.462493896484,-0.364929914474487,0.840238928794861,1.06922054290771,0.43848705291748,335,1.18844868367709,"track4"
"Region_D",435,"track4",70,10,-18.4525252837305,-7.81957268228212,-22,-8,33.3367614746094,1660.06262207031,123.028594970703,274.280212402344,275.539276123047,1.33515453338623,0.619071066379547,1.49328315258026,1,435,3.55206008951849,"track4"
"Region_D",535,"track4",70,10,35.0221742614604,11.5328134021766,54,8,37.190486907959,216.003646850586,22.1493339538574,20,110.096710205078,-3.49391412734985,-20.6937236785889,1.0020763874054,0.0624328553676605,535,19.3038504008132,"track4"
"Region_D",30,"track4",70,10,128.813043944853,42.882381383184,130,44,0.466891586780548,1453.36853027344,29.8306427001953,248.954254150391,102.568183898926,2.26284909248352,2.31890559196472,1.53059685230255,0.497835844755173,30,1.63031777562057,"track4"
"Region_D",130,"track4",70,10,105.07961312477,34.6194732179251,106,36,10.3496866226196,641.634948730469,15.4808416366577,834.897338867188,1943.21716308594,-2.15435457229614,-3.44614124298096,1.03252172470093,1,130,1.6592064959254,"track4"
"Region_D",230,"track4",70,10,32.8133356424312,12.7816735821837,42,12,22.3404922485352,1025.33532714844,44.331600189209,10,108.24365234375,-1.28989911079407,2.4618980884552,1.19381654262543,0.124285317957401,230,9.219859847509,"track4"
"Region_D",330,"track4",70,10,-25.1325436260531,-6.35789943486594,-26,-8,26.5545349121094,1647.28259277344,45.4240493774414,54.712589263916,276.938507080078,0.0284002851694822,0.708691120147705,1.08208048343658,0.937739491462708,330,1.85714157422493,"track4"
"Region_D",430,"track4",70,10,-20.3601725476841,-8.29393974999456,-22,-8,32.3456954956055,2152.16821289062,130.447113037109,326.839660644531,593.242004394531,4.10299682617188,3.47161626815796,1.64000809192657,1,430,1.66596358003283,"track4"
"Region_D",530,"track4",70,10,32.2188226436935,10.2075253766949,42,8,37.052848815918,195.847534179688,20.3932952880859,120,110.367111206055,-3.57134556770325,-25.439380645752,1.0012629032135,0.0625861883163452,530,10.0271929653455,"track4"
"Region_D",25,"track4",70,10,128.169863625613,42.7488490715592,130,44,-0.358942985534668,1437.35070800781,27.6614303588867,306.954559326172,148.077529907227,2.56896781921387,1.88836789131165,1.64148950576782,0.491571933031082,25,2.21692981273452,"track4"
"Region_D",125,"track4",70,10,107.814176948292,35.4673020951107,106,36,9.27536010742188,853.846252441406,24.7171440124512,1021.90893554688,1911.68334960938,-1.90581512451172,-3.8498854637146,1.03630828857422,1,125,1.89076837756161,"track4"
"Region_D",225,"track4",70,10,36.6700151550787,13.9571106028469,38,16,19.6565341949463,575.935546875,23.1641998291016,12.4933300018311,118.284492492676,-2.75323176383972,-2.054771900177,1.00259137153625,0.248748704791069,225,2.43767446077631,"track4"
"Region_D",325,"track4",70,10,-23.5420704488122,-5.7232481491417,-22,-4,25.0570335388184,1897.97583007812,45.2242393493652,418.945098876953,770.062866210938,1.78342568874359,0.290425509214401,1.17620587348938,1,325,2.31248036805076,"track4"
"Region_D",425,"track4",70,10,-22.136658479442,-8.71415850694477,-22,-8,31.3546295166016,2644.27416992188,139.256271362305,244.361297607422,607.874938964844,5.97241544723511,6.348708152771,1.74847853183746,1,425,0.727116162002315,"track4"
"Region_D",525,"track4",70,10,29.3733233532088,8.90947728946224,18,-4,36.915210723877,175.69140625,18.8428287506104,80.0076370239258,110.891716003418,-3.54313683509827,-2.4587664604187,1.00026440620422,0.124847427010536,525,17.2048565231968,"track4"
"Region_D",20,"track4",70,10,127.358661533876,42.5597712393158,126,44,1.47251224517822,1394.16625976562,28.7184925079346,555.448120117188,240.339111328125,2.45135879516602,2.28503894805908,1.55359601974487,0.935929298400879,20,1.97995455673526,"track4"
"Region_D",120,"track4",70,10,110.409398490697,36.2774327773203,110,36,8.05995178222656,1450.9521484375,64.4598922729492,1325.32397460938,1103.52685546875,-0.331522583961487,-2.93340134620667,1.16800677776337,1,120,0.494546327573586,"track4"
"Region_D",220,"track4",70,10,40.5566877011866,15.1373956883654,42,24,29.8957214355469,38.2304496765137,3.41217708587646,20,102.467437744141,-2.92962336540222,0.231961250305176,1.00001919269562,0.125971436500549,220,8.97935997588416,"track4"
"Region_D",320,"track4",70,10,-21.7825446932263,-5.04437887210386,-22,-4,23.3058280944824,2332.98608398438,56.8469123840332,355.135040283203,619.22607421875,2.78056693077087,1.06187808513641,1.18990337848663,1,320,1.06677740833829,"track4"
"Region_D",420,"track4",70,10,-23.7756784793486,-9.07975989121425,-22,-8,30.0070819854736,3249.3525390625,148.476013183594,178.688888549805,636.457946777344,6.36401796340942,5.80921459197998,1.82722413539886,1,420,2.07820005887225,"track4"
"Region_D",520,"track4",70,10,26.4949415619894,7.64066199117627,18,-4,36.5458526611328,1083.896484375,84.6043167114258,100,111.111854553223,-2.85518145561218,-2.52394366264343,1.03549551963806,0.0625476688146591,520,14.4107266900192,"track4"
"Region_D",15,"track4",70,10,126.383068970033,42.3152157200978,126,44,-2.24019455909729,1269.28649902344,27.7402877807617,523.775146484375,284.391357421875,1.9835000038147,2.01929998397827,1.60445427894592,1,15,1.72778468149471,"track4"
"Region_D",115,"track4",70,10,112.859475153854,37.0481986121539,114,36,7.57018136978149,1466.32995605469,61.4521331787109,307.879669189453,948.041015625,-0.0157545413821936,-1.75305867195129,1.230917096138,1,115,1.54903752543275,"track4"
"Region_D",215,"track4",70,10,44.463974081758,16.3202196501344,46,20,26.1397018432617,121.951606750488,8.03116035461426,35,109.382972717285,-3.01100587844849,-3.61010527610779,1.00145637989044,0.2475795596838,215,3.98750035044112,"track4"
"Region_D",315,"track4",70,10,-19.857454544983,-4.32273040473596,-18,-4,21.8843631744385,3179.7255859375,46.026985168457,281.903137207031,542.595642089844,10.0784749984741,7.26499080657959,1.50804305076599,1,315,1.88528308240939,"track4"
"Region_D",415,"track4",70,10,-25.2713086519093,-9.39036964899442,-26,-8,35.4626197814941,1135.26513671875,60.6988868713379,94.965950012207,148.261505126953,-0.131318733096123,2.0409049987793,1.59525895118713,0.374233394861221,415,1.5697512037349,"track4"
"Region_D",515,"track4",70,10,23.5930335082533,6.40302158850719,14,0,35.5198020935059,1030.47143554688,84.2667617797852,60,111.281341552734,-2.86009430885315,-3.6045184135437,1.05094742774963,0.0624904781579971,515,11.5336454494388,"track4"
"Region_D",10,"track4",70,10,125.247172504635,42.0153466490442,126,44,-6.12841606140137,1142.53283691406,32.7545890808105,511.136657714844,334.581573486328,1.41662454605103,1.81319189071655,1.68960762023926,1,10,2.12263943269628,"track4"
"Region_D",110,"track4",70,10,115.159006310204,37.7780012790735,114,36,6.84711837768555,1341.85485839844,48.7207298278809,158.863128662109,782.08447265625,-0.144326329231262,-1.06973516941071,1.23675119876862,1,110,2.12240056904408,"track4"
"Region_D",210,"track4",70,10,48.3824380089416,17.5032688924152,54,20,27.3945159912109,153.01008605957,12.4752016067505,37.5,109.382972717285,-3.07593631744385,-3.81847786903381,1.0019519329071,0.2475795596838,210,6.14741156479417,"track4"
"Region_D",310,"track4",70,10,-17.7707467110363,-3.5598158067049,-18,-4,22.3962154388428,3305.19506835938,52.0334739685059,187.539093017578,402.078094482422,11.0861053466797,8.82498931884766,1.54830944538116,1,310,0.496305545533738,"track4"
"Region_D",410,"track4",70,10,-26.6180222116855,-9.6457089842388,-26,-12,35.8339500427246,224.643936157227,21.1145610809326,60,108.24365234375,-3.93134212493896,-0.227347135543823,1.07019591331482,0.0621426589787006,410,2.43405785490619,"track4"
"Region_D",510,"track4",70,10,20.6770205848783,5.19844407287235,18,0,34.494140625,977.255615234375,84.1558380126953,211.991836547852,142.783294677734,-2.95684552192688,-5.37153577804565,1.06858646869659,0.312490493059158,510,5.84724379435676,"track4"
"Region_D",5,"track4",70,10,123.955502660868,41.6604241778735,122,40,-6.15667486190796,1155.84436035156,54.6089324951172,187.32942199707,194.153656005859,1.04682612419128,2.32860732078552,1.75300288200378,0.808409333229065,5,2.56534580653896,"track4"
"Region_D",105,"track4",70,10,117.303008259497,38.4653135638636,118,40,2.5806999206543,1208.53588867188,17.6576728820801,283.922210693359,324.612731933594,0.625579714775085,0.722262740135193,1.37412583827972,1,105,1.68554440570128,"track4"
"Region_D",205,"track4",70,10,52.3026122392999,18.6842294284141,54,24,26.0509395599365,214.184509277344,16.9410667419434,40,193.60400390625,-3.013831615448,-1.3859281539917,1.00211930274963,0.684371471405029,205,5.58019193038317,"track4"
"Region_D",305,"track4",70,10,-15.5268154894242,-2.75721976990116,-14,-4,22.6213855743408,3425.55126953125,67.0181579589844,208.116897583008,584.712219238281,11.6602468490601,8.04764366149902,1.62463223934174,1,305,1.96867169407961,"track4"
"Region_D",405,"track4",70,10,-27.810704789416,-9.84559504261397,-26,-12,36.5674743652344,473.671569824219,49.2508087158203,34.9496307373047,108.462623596191,-3.85475540161133,-0.168712079524994,1.07683956623077,0.124536223709583,405,2.81426945313054,"track4"
"Region_D",505,"track4",70,10,17.7563632473848,4.02876004314759,18,0,33.4683151245117,923.9501953125,84.2724990844727,428.175842285156,164.343765258789,-2.93916797637939,-3.60967135429382,1.0889949798584,0.687547624111176,505,4.03612021036136,"track4"
"Region_D",0,"track4",70,10,122.513021367518,41.2508040232968,122,40,-10.5712556838989,1054.50073242188,63.7680587768555,141.256439208984,172.05680847168,1.14772772789001,2.82765650749207,2.07973504066467,0.61861127614975,0,1.35192515629562,"track4"
"Region_D",100,"track4",70,10,119.286928030867,39.1086820096618,118,40,1.72954785823822,1141.2939453125,14.9018306732178,253.592147827148,184.028076171875,0.670966506004333,1.04235172271729,1.41482996940613,0.873169183731079,100,1.56544930180797,"track4"
"Region_D",200,"track4",70,10,56.2150247928069,19.8607908970386,58,24,24.8702545166016,235.380722045898,27.6694927215576,42.8471717834473,147.115325927734,-2.73619556427002,-2.40613150596619,1.00169837474823,0.433847606182098,200,4.5076810544151,"track4"
"Region_D",65,"track4",70,10,128.405317449349,42.2763354266794,130,44,-4.56233882904053,1346.13012695312,56.8819389343262,487.036224365234,97.8112335205078,3.06684327125549,-2.64452409744263,1.87484884262085,0.183803230524063,65,2.34819760639305,"track4"
"Region_D",165,"track4",70,10,82.6000125957452,27.7820827832972,82,28,19.8778705596924,134.983596801758,14.3421716690063,124.434860229492,713.46826171875,-2.81198787689209,-1.78175258636475,1.00212645530701,1,165,0.638359638752618,"track4"
"Region_D",75,"track4",70,10,126.677575815727,41.6209653061042,126,44,-3.55630588531494,1354.20751953125,57.6247215270996,661.031860351562,131.150726318359,3.78675532341003,-0.57514226436615,1.72688937187195,0.492625504732132,75,2.47364408531572,"track4"
"Region_D",85,"track4",70,10,124.239381676557,40.7617481566838,122,40,0.537611722946167,1333.06701660156,53.9605941772461,256.176544189453,102.147773742676,1.72907948493958,-1.80210447311401,1.27944040298462,0.184286579489708,85,2.36539437462569,"track4"
"Region_D",95,"track4",70,10,121.10665599203,39.7067294399557,118,40,1.18156123161316,1169.89184570312,21.2851867675781,183.223876953125,143.799194335938,0.85205066204071,1.61248552799225,1.34910464286804,0.620423018932343,95,3.12046776528852,"track4"
"Region_D",195,"track4",70,10,60.110225184964,21.0306505733612,62,24,24.1437530517578,259.425445556641,30.4117279052734,44.2846488952637,118.171775817871,-2.96435070037842,-1.27503132820129,1.0030677318573,0.624066650867462,195,3.51969954243609,"track4"
"Region_D",60,"track4",70,10,128.99994076393,42.5254491728117,130,44,-4.30001020431519,1402.55517578125,55.9565811157227,571.691284179688,111.007751464844,3.18029713630676,-0.375538885593414,1.94516265392303,0.431715250015259,60,1.781689820819,"track4"
"Region_D",160,"track4",70,10,86.1173678240095,28.8420279346355,86,28,19.2274913787842,144.83544921875,13.5142383575439,482.034820556641,901.958251953125,-2.62297511100769,-2.19456315040588,1.00119996070862,1,160,0.850168364983839,"track4"
"Region_D",70,"track4",70,10,127.630942511299,41.9745794093841,126,44,-3.43021607398987,1367.33435058594,57.2991943359375,383.758636474609,144.593597412109,3.13720750808716,1.94546318054199,1.74981439113617,0.555661797523499,70,2.60044266309663,"track4"
"Region_D",80,"track4",70,10,125.546472936178,41.2163673203932,126,44,-3.75998854637146,1346.93151855469,58.0035514831543,565.841125488281,128.646011352539,4.16659688949585,0.0459490455687046,1.72289800643921,0.429589182138443,80,2.82033645024733,"track4"
"Region_D",90,"track4",70,10,122.758537230679,40.2581573491687,122,40,0.53091436624527,1262.25073242188,36.5165901184082,140,83.3729019165039,1.35295951366425,0.496201515197754,1.32458233833313,0.0611174032092094,90,0.801263968524702,"track4"
"Region_D",190,"track4",70,10,63.9788105993843,22.1915173658273,66,24,24.0540390014648,266.194976806641,35.35205078125,127.624794006348,116.915267944336,-2.98351407051086,-0.333783596754074,1.01945698261261,0.252409517765045,190,2.71216076796072,"track4"
"Region_D",55,"track4",70,10,129.414550401098,42.7212278422127,130,44,-3.27837514877319,1426.40246582031,52.833381652832,568.283630371094,124.212005615234,2.97409391403198,0.368458718061447,1.84213709831238,0.680680871009827,55,1.40641724405905,"track4"
"Region_D",155,"track4",70,10,89.5457758098166,29.877598092035,90,28,19.5313968658447,140.607879638672,11.0486421585083,648.197509765625,1164.85278320312,-2.8398654460907,-2.36822175979614,1.00149488449097,1,155,1.93175935617285,"track4"
"Region_D",50,"track4",70,10,129.649382844656,42.8630712115378,130,44,-2.47743391990662,1442.53051757812,51.0018692016602,491.537445068359,99.2842407226562,3.05203938484192,2.00196647644043,1.7734454870224,0.557787895202637,50,1.18976445553549,"track4"
"Region_D",150,"track4",70,10,92.8771264920758,30.8867352717389,94,32,15.3088359832764,177.322265625,7.81872844696045,552.816589355469,444.760131835938,-2.84255003929138,-1.49628007411957,1.00164484977722,1,150,1.58120310839193,"track4"
"Region_D",175,"track4",70,10,75.3321091855488,25.597507345891,74,24,23.9390659332275,119.069702148438,18.9395885467529,10,100.47509765625,-2.89434456825256,-0.799256384372711,1.00447773933411,0.0617619194090366,175,2.08003475990167,"track4"
"Region_D",185,"track4",70,10,67.8114519283642,23.3411157932694,66,24,23.8058795928955,158.218383789062,16.7116146087646,24.1338844299316,151.410232543945,-2.92309784889221,0.414359778165817,1.01397943496704,0.748057126998901,185,1.92755972323909,"track4"
"Region_D",170,"track4",70,10,79.0020665204959,26.6998629333524,78,28,20.4987525939941,95.5903244018555,9.16593933105469,91.2841186523438,430.435943603516,-2.88151359558105,-1.2063672542572,1.00227797031403,1,170,1.64149130474999,"track4"
"Region_D",180,"track4",70,10,71.5989196093213,24.4771899348232,70,24,23.8797035217285,84.666862487793,9.3652458190918,37.3055648803711,264.88134765625,-2.68892097473145,0.0964171439409256,1.00307655334473,0.936780989170074,180,1.66860844747018,"track4"
"Region_D",45,"track4",70,10,129.705172461227,42.95047268157,130,44,-0.734741032123566,1518.1943359375,53.5260314941406,526.268615722656,103.658180236816,3.10119199752808,0.183581829071045,1.66260945796967,0.565162360668182,45,1.09015176454931,"track4"
"Region_D",145,"track4",70,10,96.1035786044354,31.8674273739378,98,32,16.5638980865479,188.752593994141,10.022292137146,329.033538818359,284.442199707031,-2.95432686805725,-1.66688787937164,1.00164663791656,1,145,1.90104960764734,"track4"
"Region_D",40,"track4",70,10,129.583149466465,42.9830201566047,130,44,0.350777506828308,1541.44702148438,54.9152221679688,326.381378173828,99.0862884521484,2.85610222816467,0.903609693050385,1.56573331356049,0.505248427391052,40,1.09909616011544,"track4"
"Region_D",140,"track4",70,10,99.2175813912292,32.8177116754935,98,32,17.7166404724121,173.699066162109,11.4109163284302,350.125305175781,214.556121826172,-2.95703172683716,-1.26081037521362,1.00178360939026,0.877064049243927,140,1.46668225205939,"track4"
"Region_E",385,"track5",120,45,22.1277688907268,31.0767518508583,22,32,21.1925029754639,1144.72680664062,23.4069538116455,321.147918701172,155.801895141602,-2.01350951194763,-1.34927892684937,1.06525814533234,0.621591567993164,385,0.932047227521841,"track5"
"Region_E",395,"track5",120,45,18.6766589701096,29.8530293154667,18,28,23.6524391174316,861.074645996094,36.201717376709,292.246673583984,158.131301879883,-3.11263585090637,-2.38893842697144,1.02900338172913,0.873278915882111,395,1.97271006633234,"track5"
"Region_E",390,"track5",120,45,20.3181864969128,30.4421005651341,22,32,21.1442184448242,1333.73083496094,44.3850631713867,314.713775634766,155.801895141602,-1.94412016868591,-1.92315065860748,1.08730065822601,0.621591567993164,390,2.29249804979681,"track5"
"Region_E",400,"track5",120,45,17.2063477065518,29.3108210260405,18,28,25.1646041870117,779.476257324219,39.5437812805176,434.419311523438,215.888519287109,-3.33818435668945,-2.47451591491699,1.00893867015839,1,400,1.53236279164088,"track5"
"Region_E",490,"track5",120,45,20.7069245483867,28.5060602500054,18,8,30.3507823944092,2033.18249511719,81.113525390625,462.180755615234,120.094734191895,4.05330324172974,-1.29940259456635,1.56101143360138,0.313468009233475,490,20.6839538649532,"track5"
"Region_E",500,"track5",120,45,24.3117984985745,29.5083796403899,18,4,33.1755218505859,1186.55493164062,56.6614990234375,190,111.26651763916,-2.08457899093628,-4.61413526535034,1.03954529762268,0.125209808349609,500,26.2776755472181,"track5"
"Region_E",380,"track5",120,45,24.1017793368222,31.7556211278961,26,32,20.9636783599854,1073.28393554688,12.9252777099609,165,102.073440551758,-1.76308703422546,-1.43182563781738,1.03392004966736,0.122935920953751,380,1.91388680941325,"track5"
"Region_E",480,"track5",120,45,17.6588002262756,27.7202401087857,18,12,28.2401466369629,5137.4267578125,114.517402648926,417.5,111.319488525391,17.6451835632324,10.6570043563843,2.6242790222168,0.251353204250336,480,15.7239424561229,"track5"
"Region_E",375,"track5",120,45,26.2361356462333,32.477269595264,26,32,19.9973564147949,1170.00463867188,14.7907876968384,267.790771484375,128.570587158203,-1.73082959651947,-2.63690185546875,1.02297067642212,0.370209127664566,375,0.532490666571258,"track5"
"Region_E",475,"track5",120,45,16.3577780981991,27.4096303510056,18,12,28.2183952331543,4112.2099609375,101.966575622559,971.755065917969,229.505493164062,16.0749340057373,8.01194667816162,2.19143843650818,0.937857329845428,475,15.4968900212071,"track5"
"Region_E",485,"track5",120,45,19.110317248522,28.0858414930552,18,8,28.6574954986572,2649.93798828125,99.6308822631836,1233.70825195312,230.856216430664,6.31547069549561,-0.251038044691086,1.70059680938721,0.875478982925415,485,20.1165064779276,"track5"
"Region_E",495,"track5",120,45,22.4428156899605,28.9804273177179,10,8,28.2524242401123,5347.21142578125,46.2214317321777,235,110.961692810059,32.3910064697266,17.0376377105713,2.47368979454041,0.25088182091713,495,24.3926626822159,"track5"
"Region_E",170,"track5",120,45,161.265188487136,74.5780012790734,162,76,-25.275318145752,376.060821533203,23.0775451660156,785.634094238281,362.713653564453,-1.47006261348724,-1.75763428211212,1.89149832725525,1,170,1.60063372504592,"track5"
"Region_E",270,"track5",120,45,96.8275816273228,54.3032688924153,98,40,16.7972183227539,831.638488769531,4.85274028778076,175,111.319488525391,-0.857317864894867,-0.0988435000181198,1.00171136856079,0.255454242229462,270,14.3512391746959,"track5"
"Region_E",370,"track5",120,45,28.5263115611512,33.2401841932951,30,32,18.3546981811523,1277.78686523438,27.1136779785156,390,102.073440551758,-1.53177714347839,-7.25258111953735,1.02814221382141,0.122935920953751,370,1.92608786094914,"track5"
"Region_E",470,"track5",120,45,15.2122386937054,27.1542910157612,14,16,28.6238327026367,4128.3076171875,117.540496826172,335.381622314453,135.889984130859,15.4994058609009,9.04737949371338,2.08224964141846,0.37717068195343,470,11.219970174417,"track5"
"Region_E",200,"track5",120,45,146.435808736067,69.6177116754935,146,64,-17.150520324707,526.806274414062,25.927282333374,100,77.1001205444336,-1.06925880908966,-4.46231126785278,1.34981799125671,0.131691068410873,200,5.63459082129381,"track5"
"Region_E",300,"track5",120,45,73.486488021769,47.2545344182151,74,40,15.5494689941406,919.319519042969,13.5425567626953,55.1584434509277,98.9594573974609,-1.37628555297852,-0.758635818958282,0.999695658683777,0.254557937383652,300,7.27268617340619,"track5"
"Region_E",165,"track5",120,45,163.20026174608,75.2653135638636,162,76,-25.2055473327637,372.816436767578,22.3944435119629,681.008483886719,450.966156005859,-1.52508318424225,-1.25248527526855,1.89014005661011,1,165,1.40726416089746,"track5"
"Region_E",265,"track5",120,45,100.735821169626,55.4842294284141,94,44,15.2942171096802,754.335083007812,14.4146356582642,80,104.007827758789,-1.00575065612793,-9.69215202331543,1.05837023258209,0.256282806396484,265,13.3138579079706,"track5"
"Region_E",365,"track5",120,45,30.96734929014,34.0427802300988,30,36,14.4848308563232,1658.09973144531,66.4297714233398,1516.25927734375,340.854736328125,-0.496267437934875,-2.47647595405579,1.16854274272919,1,365,2.18322556709705,"track5"
"Region_E",465,"track5",120,45,14.2267392415557,26.954404957386,14,16,29.0292701721191,4144.4052734375,134.809341430664,931.761962890625,255.01985168457,14.7496461868286,8.07850646972656,1.98415684700012,1,465,10.9567512819296,"track5"
"Region_E",195,"track5",120,45,149.264252283236,70.5356782369506,150,72,-21.7559585571289,361.610870361328,21.2007789611816,505.501892089844,165.39045715332,-1.56111299991608,-4.81590938568115,1.56834721565247,0.473139405250549,195,1.63876872329928,"track5"
"Region_E",295,"track5",120,45,77.3166352315211,48.4133853994191,70,48,4.95604038238525,1442.19287109375,35.1839942932129,704.105407714844,110.272354125977,1.27012574672699,-3.53185772895813,1.26067733764648,0.5,295,7.32830393744615,"track5"
"Region_E",160,"track5",120,45,164.969998490358,75.9086820096618,166,76,-24.853551864624,371.450469970703,21.4051094055176,176.598892211914,302.463684082031,-1.51683294773102,-0.563642561435699,1.86616206169128,1,160,1.03404162644651,"track5"
"Region_E",260,"track5",120,45,104.624021512469,56.6607908970386,98,44,9.81615924835205,799.270263671875,21.4119396209717,40,82.0728607177734,-1.52311658859253,-4.31536817550659,0.999661386013031,0.0640707015991211,260,14.2889218325312,"track5"
"Region_E",360,"track5",120,45,33.5538732384607,34.8834041323644,34,36,14.7661323547363,1804.29479980469,68.6363220214844,1353.74096679688,237.990478515625,-0.142356604337692,-2.80843877792358,1.12239944934845,0.936320602893829,360,1.20242064976545,"track5"
"Region_E",460,"track5",120,45,13.4053937488713,26.810058771091,14,20,25.6040210723877,2053.00537109375,97.9650955200195,563.388000488281,173.739196777344,2.07050514221191,1.61539506912231,1.49402165412903,0.627798497676849,460,6.83596789486277,"track5"
"Region_E",190,"track5",120,45,151.95764597841,71.4194732179251,150,72,-22.8386135101318,372.291412353516,23.7245655059814,549.054016113281,199.428649902344,-1.56931161880493,-2.55611562728882,1.61598932743073,0.729893147945404,190,2.04190820594099,"track5"
"Region_E",290,"track5",120,45,81.1832930279717,49.5816735821837,74,48,3.67601299285889,1612.71838378906,51.270679473877,30,75.2058410644531,3.11526417732239,0.902881860733032,1.45440471172333,0.0631153732538223,290,7.35536471198297,"track5"
"Region_E",155,"track5",120,45,166.570882255523,76.5067294399557,166,76,-23.6853351593018,385.071228027344,20.8160552978516,118.620582580566,428.743438720703,-1.54198110103607,-0.120430916547775,1.90610933303833,1,155,0.763335624079677,"track5"
"Region_E",255,"track5",120,45,108.482799225708,57.8306505733612,110,40,14.0659914016724,950.194152832031,32.0924453735352,188.501037597656,112.241111755371,-0.640271067619324,0.563254535198212,1.10637319087982,0.318421483039856,255,17.8950830693467,"track5"
"Region_E",355,"track5",120,45,36.280104895479,35.7603363157322,38,36,14.3743648529053,1957.27954101562,73.223014831543,917.065124511719,188.801864624023,0.0417854487895966,-3.95660400390625,1.10113131999969,0.682376623153687,355,1.73651313041738,"track5"
"Region_E",455,"track5",120,45,12.7518616076219,26.7212426426473,14,24,28.298864364624,1197.99768066406,81.2778701782227,404.699249267578,157.085159301758,-1.11147594451904,-1.20430648326874,1.28717589378357,0.503885746002197,455,2.99382881385859,"track5"
"Region_E",185,"track5",120,45,154.509915341206,72.2673020951107,154,72,-23.4303512573242,393.814239501953,24.4962825775146,577.630981445312,214.803253173828,-1.23433911800385,-2.17297196388245,1.79752588272095,1,185,0.575729159629307,"track5"
"Region_E",285,"track5",120,45,85.0771376418462,50.7571106028469,74,52,1.22658681869507,1434.15649414062,52.3130722045898,427.860198974609,118.892448425293,3.74042248725891,2.6138014793396,1.75821661949158,0.567396640777588,285,11.1466475852591,"track5"
"Region_E",150,"track5",120,45,167.999864205952,77.0581573491687,166,76,-22.5171203613281,398.691986083984,20.2604026794434,111.365097045898,391.437377929688,-1.43944215774536,-0.0492323487997055,1.94493782520294,1,150,2.26255471046468,"track5"
"Region_E",250,"track5",120,45,112.302852363516,58.9915173658273,114,44,12.5136070251465,1244.27124023438,48.2586135864258,222.003051757812,156.759857177734,0.348120927810669,0.057496216148138,1.1958931684494,0.632393538951874,250,15.0872761965149,"track5"
"Region_E",350,"track5",120,45,39.1398788379245,36.6717941697515,38,36,13.4462881088257,1804.46948242188,63.5256538391113,1171.84289550781,205.827697753906,0.128701820969582,-4.07626914978027,1.10363924503326,0.872641265392303,350,1.32311419448977,"track5"
"Region_E",450,"track5",120,45,12.2693374601461,26.6878503654225,14,28,29.8226509094238,937.529663085938,62.0587997436523,292.5,111.319488525391,-2.03375244140625,-1.6847859621048,1.23468267917633,0.253442227840424,450,2.17184932497061,"track5"
"Region_E",180,"track5",120,45,156.915376727136,73.0774327773203,158,72,-24.3492527008057,402.918304443359,26.4215488433838,581.412902832031,205.228271484375,-1.15842974185944,-0.453844904899597,1.78485906124115,1,180,1.52881294921315,"track5"
"Region_E",280,"track5",120,45,88.9887700115098,51.9373956883654,78,52,2.20093059539795,1377.35131835938,48.4270133972168,146.714385986328,90.6956558227539,1.91073870658875,2.38385367393494,1.43276023864746,0.192377626895905,280,10.9889483421159,"track5"
"Region_E",145,"track5",120,45,169.254371578419,77.5617481566838,170,76,-21.0864772796631,421.954833984375,17.9491100311279,240.133163452148,309.834136962891,-1.23437511920929,0.0909098610281944,2.09614419937134,1,145,1.73061233324339,"track5"
"Region_E",245,"track5",120,45,116.074986225596,60.1411157932694,110,52,6.88514041900635,1387.42321777344,35.1264915466309,140,101.191459655762,1.62992680072784,-7.99256134033203,1.30759572982788,0.258339762687683,245,10.157914352888,"track5"
"Region_E",345,"track5",120,45,42.1266598046839,37.6159351522427,42,36,11.2257614135742,1944.15795898438,77.2322692871094,698.926330566406,150.802169799805,0.867386758327484,-1.59873819351196,1.17646217346191,0.556564927101135,345,1.62089145915946,"track5"
"Region_E",445,"track5",120,45,11.9605423517687,26.7096795247407,10,28,31.4047985076904,658.1162109375,43.8271522521973,1072.63244628906,243.336685180664,-2.86854410171509,-3.84666752815247,1.14879703521729,0.93837958574295,445,2.34705203222089,"track5"
"Region_E",175,"track5",120,45,159.168753068142,73.8481986121539,158,72,-24.2898406982422,407.560699462891,25.8331394195557,453.020843505859,282.740325927734,-1.33230757713318,-1.09230935573578,1.83935213088989,1,175,2.18673771729926,"track5"
"Region_E",275,"track5",120,45,92.908741813139,53.1202196501344,94,40,16.1124057769775,1016.99884033203,11.3245086669922,74.1151351928711,100.414260864258,-0.54839700460434,-4.65574979782104,1.00593435764313,0.308390140533447,275,13.1655234646467,"track5"
"Region_E",140,"track5",120,45,170.332314807226,78.0163673203932,170,80,-20.8202228546143,382.07666015625,15.7483081817627,43.6036720275879,59.8262481689453,-1.40076315402985,1.86237418651581,1.93988811969757,0.483893007040024,140,2.01127614680474,"track5"
"Region_E",240,"track5",120,45,119.790138821392,61.2771899348232,122,56,-0.383606135845184,1075.40942382812,22.9591789245605,80,80.2018356323242,-0.627475798130035,-7.57589817047119,1.04538238048553,0.194749504327774,240,5.7212079176445,"track5"
"Region_E",340,"track5",120,45,45.2335607958385,38.5908599876921,46,40,12.7326755523682,1939.77380371094,64.5659484863281,488.709259033203,160.01057434082,1.35264718532562,0.457632690668106,1.23877882957458,0.87776517868042,340,1.60408996878692,"track5"
"Region_E",440,"track5",120,45,11.8277161950191,26.7864318492455,10,28,22.4232330322266,1316.03210449219,59.9410133361816,2199.28076171875,277.594573974609,-0.0985830798745155,-5.32459354400635,1.3066577911377,1,440,2.19392209206732,"track5"
"Region_E",540,"track5",120,45,43.1990902001747,35.5634043024981,42,8,33.1996421813965,5905.06494140625,42.501953125,50,110.603897094727,36.7238922119141,11.5357694625854,2.58320713043213,0.0627204552292824,540,27.5894739719902,"track5"
"Region_E",35,"track5",120,45,153.682475370245,75.2012860388353,154,76,-19.2893104553223,418.87841796875,19.3672542572021,76.9411087036133,286.056091308594,-1.19290220737457,0.899893045425415,1.83740758895874,1,35,0.859514911017038,"track5"
"Region_E",135,"track5",120,45,171.232093311129,78.4209653061042,170,80,-19.5721569061279,370.985046386719,13.5029516220093,73.3190612792969,176.341522216797,-1.77563619613647,-0.138774156570435,1.775230884552,1,135,2.00284909363017,"track5"
"Region_E",235,"track5",120,45,123.439405966754,62.397507345891,122,56,-0.92549329996109,1038.17492675781,21.9729766845703,635,111.319488525391,-0.508637547492981,-7.58649063110352,1.12620711326599,0.259665995836258,235,6.55743774487077,"track5"
"Region_E",335,"track5",120,45,48.4533621458233,39.5946159641288,50,40,11.270209312439,1832.97668457031,64.0581207275391,311.280334472656,137.134719848633,0.941629707813263,-0.0587914288043976,1.19582581520081,0.506407797336578,335,1.59888238107482,"track5"
"Region_E",435,"track5",120,45,11.8726115663199,26.9177137286577,10,28,22.3475379943848,1114.25500488281,28.4281806945801,40,96.8872528076172,-0.439495712518692,-2.4334704875946,1.24445128440857,0.061620406806469,435,2.16287254627985,"track5"
"Region_E",535,"track5",120,45,40.5284743700045,34.6379230855724,54,8,37.190486907959,216.003646850586,22.1493339538574,20,110.096710205078,-3.49391412734985,-20.6937236785889,1.0020763874054,0.0624328553676605,535,29.8506440317876,"track5"
"Region_E",30,"track5",120,45,151.326243352004,74.4762030300505,150,76,-17.9914474487305,424.877471923828,18.5156879425049,41.2501907348633,313.229156494141,-1.31136047840118,0.500537633895874,1.7702808380127,1,30,2.02011847037773,"track5"
"Region_E",130,"track5",120,45,171.952599926063,78.7745794093841,170,80,-18.0057544708252,397.227264404297,13.0321073532104,144.041763305664,184.890472412109,-1.61153495311737,-0.35492342710495,1.8710173368454,0.946789860725403,130,2.30527701050616,"track5"
"Region_E",230,"track5",120,45,127.014065943579,63.4998629333524,126,56,-0.569851279258728,989.497802734375,18.1393070220947,555.57275390625,167.672927856445,-0.198743775486946,-4.13762474060059,1.22159481048584,0.512939095497131,230,7.56810899478865,"track5"
"Region_E",330,"track5",120,45,51.778531517884,40.6252003227586,50,40,8.45705413818359,1761.72131347656,62.2039947509766,714.144775390625,224.90510559082,1.68713331222534,-0.334616720676422,1.30196344852448,0.93888258934021,330,1.88521876812329,"track5"
"Region_E",430,"track5",120,45,12.0964888523245,27.1030368970277,14,28,23.3246002197266,974.490478515625,22.4274291992188,150.813873291016,132.941177368164,-1.22419667243958,-0.32992035150528,1.179856300354,0.436639457941055,430,2.10425699414748,"track5"
"Region_E",530,"track5",120,45,37.9297852182549,33.7582895352159,42,8,37.052848815918,195.847534179688,20.3932952880859,120,110.367111206055,-3.57134556770325,-25.439380645752,1.0012629032135,0.0625861883163452,530,26.0778858067434,"track5"
"Region_E",25,"track5",120,45,148.874946734857,73.7015157348409,150,72,-15.4729681015015,522.340881347656,19.4671325683594,88.0848007202148,174.312301635742,-0.707627713680267,1.60236918926239,2.04775977134705,1,25,2.03982858233708,"track5"
"Region_E",125,"track5",120,45,172.49322397137,79.0763354266794,174,80,-16.3199443817139,440.541442871094,12.7024869918823,255.198760986328,182.678680419922,-1.26945436000824,-0.691849768161774,2.13473176956177,0.787159383296967,125,1.767351194432,"track5"
"Region_E",225,"track5",120,45,130.505603654121,64.5820827832972,130,56,-1.439532995224,985.871704101562,19.227144241333,566.063659667969,209.196197509766,0.211761862039566,-2.04185652732849,1.38513243198395,0.759742140769958,225,8.59696341474277,"track5"
"Region_E",325,"track5",120,45,55.2012447644597,41.6805637344734,54,40,6.67910385131836,1628.36987304688,61.3418006896973,344.159698486328,159.827102661133,1.36704254150391,0.156842410564423,1.29688084125519,0.753661632537842,325,2.06574041199974,"track5"
"Region_E",425,"track5",120,45,12.5001127593477,27.3418192802964,14,28,24.3016605377197,834.725952148438,17.074275970459,30,96.8872528076172,-1.96745109558105,-1.60311615467072,1.10340297222137,0.061620406806469,425,1.63794493022848,"track5"
"Region_E",525,"track5",120,45,35.4116043901215,32.9257701930885,54,8,36.915210723877,175.69140625,18.8428287506104,120,109.792770385742,-3.54313683509827,-23.1878757476807,1.00026440620422,0.0622605010867119,525,31.0937690071179,"track5"
"Region_E",20,"track5",120,45,146.336758968673,72.8783085228649,146,72,-14.4843130111694,543.391479492188,21.5668525695801,77.4855499267578,168.389907836914,-0.471819788217545,1.67426240444183,2.03863096237183,0.526860594749451,20,0.940655337686922,"track5"
"Region_E",120,"track5",120,45,172.853852941043,79.3254491728117,174,80,-14.747522354126,466.290954589844,12.3071918487549,388.808502197266,160.397827148438,-1.07070422172546,-0.525381028652191,2.2138946056366,0.787159383296967,120,1.32991424506097,"track5"
"Region_E",220,"track5",120,45,133.905734203068,65.6420279346355,130,60,-5.65165615081787,572.47900390625,11.3539276123047,102.5,98.0305480957031,-2.07857751846313,-3.53429937362671,1.01980543136597,0.261299014091492,220,6.86201419994331,"track5"
"Region_E",320,"track5",120,45,58.7134075957194,42.7586138571988,58,40,10.4490785598755,1517.11267089844,49.7688522338867,323.530120849609,107.740852355957,-0.2376958578825,-1.33629596233368,1.08649921417236,0.380473285913467,320,2.84936849332607,"track5"
"Region_E",420,"track5",120,45,13.0837501955545,27.6333860066945,10,28,25.2787208557129,694.96142578125,13.1827669143677,55,104.103370666504,-2.44877147674561,-1.93893265724182,1.01149606704712,0.123240813612938,420,3.10546632386665,"track5"
"Region_E",520,"track5",120,45,32.982290567529,32.1415498171827,42,8,33.2038612365723,5036.3056640625,119.36939239502,70,110.096710205078,24.0724945068359,-3.79739880561829,2.17160964012146,0.0624328553676605,520,25.7707879387493,"track5"
"Region_E",15,"track5",120,45,143.720094143464,72.0077499875613,142,72,-18.9006576538086,431.191345214844,21.3730907440186,104.05118560791,165.961883544922,-1.38814151287079,1.1405394077301,1.8891453742981,1,15,1.72011160239292,"track5"
"Region_E",115,"track5",120,45,173.034872815305,79.5212278422127,174,80,-15.3386945724487,438.218078613281,12.5355672836304,531.098510742188,216.330810546875,-1.28169822692871,-1.40258479118347,2.24810481071472,0.840369522571564,115,1.07735475202413,"track5"
"Region_E",215,"track5",120,45,137.2064258421,66.677598092035,138,60,-4.99957466125488,1100.13146972656,32.5549545288086,167.5,98.0305480957031,2.68352508544922,-0.580989837646484,2.09894227981567,0.261299014091492,215,6.72458743885723,"track5"
"Region_E",315,"track5",120,45,62.3066779962421,43.8572189679076,62,40,11.1501932144165,1524.11340332031,42.3152122497559,270.739410400391,106.400932312012,-0.685910224914551,-2.32237887382507,1.03447997570038,0.254557937383652,315,3.86939136813081,"track5"
"Region_E",415,"track5",120,45,13.8471695317729,27.9769705782256,14,28,24.6436252593994,907.984191894531,21.6652793884277,130,96.8872528076172,-2.37613272666931,-3.30586314201355,1.05520284175873,0.061620406806469,415,0.154555835495748,"track5"
"Region_E",515,"track5",120,45,30.6499563202322,31.4067293252498,58,12,35.5200271606445,1030.591796875,84.266731262207,40,109.455390930176,-2.860032081604,-25.5218505859375,1.05092239379883,0.0628383010625839,515,33.5357426097696,"track5"
"Region_E",10,"track5",120,45,141.033583687042,71.0910909176348,142,72,-22.4828052520752,356.535980224609,19.5952777862549,123.539260864258,381.597595214844,-1.93745708465576,-0.291922241449356,1.7952938079834,1,10,1.32667863853951,"track5"
"Region_E",110,"track5",120,45,173.037166991662,79.6630712115378,174,80,-16.0413036346436,408.447967529297,13.2868938446045,757.956359863281,209.970596313477,-1.39548528194427,-1.04958343505859,2.27815461158752,1,110,1.02008255079699,"track5"
"Region_E",210,"track5",120,45,140.39992221336,67.6867352717389,142,60,-7.26426792144775,1043.5302734375,35.578670501709,381.541748046875,112.854888916016,2.66139912605286,1.6577353477478,2.04141521453857,0.388207793235779,210,7.85150610144915,"track5"
"Region_E",310,"track5",120,45,65.9724893277587,44.9742116629921,62,44,5.15250587463379,1567.25659179688,55.4459075927734,617.124938964844,120.132392883301,2.74892997741699,-3.33175468444824,1.48656034469604,0.5,310,4.09020290737101,"track5"
"Region_E",410,"track5",120,45,14.7896412429777,28.3717162011989,14,28,24.0085296630859,1121.00695800781,39.3309097290039,202.770889282227,142.63005065918,-2.1752941608429,-2.05267548561096,1.08424746990204,0.558739185333252,410,0.872757828292095,"track5"
"Region_E",510,"track5",120,45,28.4224456385105,30.7223238837612,18,0,34.494140625,977.255615234375,84.1558380126953,211.991836547852,142.783294677734,-2.95684552192688,-5.37153577804565,1.06858646869659,0.312490493059158,510,32.4420800490109,"track5"
"Region_E",5,"track5",120,45,138.286052460763,70.1296621258617,138,72,-26.1912136077881,288.987030029297,19.0519866943359,135.269439697266,150.09114074707,-2.29805850982666,0.230802476406097,1.704470038414,0.648521780967712,5,1.89208609046853,"track5"
"Region_E",105,"track5",120,45,172.862113838377,79.75047268157,174,80,-16.6082553863525,389.481201171875,14.6244039535522,933.827331542969,219.261367797852,-1.44437956809998,-0.779690504074097,2.41870665550232,1,105,1.16492437499424,"track5"
"Region_E",205,"track5",120,45,143.478763830252,68.6674273739379,138,64,-12.0512342453003,742.000244140625,34.4409332275391,55,77.1001205444336,0.272191345691681,-5.8689022064209,1.69202661514282,0.131691068410873,205,7.19734196760572,"track5"
"Region_E",305,"track5",120,45,69.7020740539749,46.1073926205731,66,48,3.63166117668152,1743.54406738281,54.6198043823242,60,76.6267700195312,4.78072500228882,-2.98600339889526,1.78151655197144,0.0643078535795212,305,4.15780170207467,"track5"
"Region_E",405,"track5",120,45,15.9099399286695,28.8166772735033,14,28,23.3734340667725,1334.02966308594,58.3643226623535,208.478256225586,181.011474609375,-1.78917574882507,-0.730818808078766,1.10494816303253,0.810479342937469,405,2.07721744171928,"track5"
"Region_E",505,"track5",120,45,26.3073122096787,30.0892611457207,10,4,34.1959114074707,441.304992675781,34.2151679992676,603.333312988281,111.284172058105,-3.45275855064392,-9.68514728546143,1.02021884918213,0.187814712524414,505,30.76650741689,"track5"
"Region_E",0,"track5",120,45,135.486494319569,69.1248721389858,134,68,-29.1015701293945,255.003936767578,20.9718627929688,422.974792480469,400.709899902344,-1.75373363494873,-0.770483434200287,1.596794962883,1,0,1.86413591006067,"track5"
"Region_E",100,"track5",120,45,172.511582877164,79.7830201566047,174,80,-17.1752071380615,370.514465332031,16.143404006958,1079.0859375,372.166931152344,-1.45155906677246,-0.945891261100769,2.60001683235168,1,100,1.50414952181978,"track5"
"Region_E",55,"track5",120,45,162.002957574114,77.5869368495431,162,76,-23.9302577972412,388.910125732422,21.3205623626709,368.999053955078,214.375396728516,-1.02182972431183,0.200908601284027,1.9572696685791,0.832217931747437,55,1.58693960555602,"track5"
"Region_E",65,"track5",120,45,165.401662320527,78.4604241778735,166,80,-25.3795566558838,328.904998779297,20.6193733215332,197.689407348633,111.901847839355,-1.40437054634094,0.770906031131744,1.69965887069702,0.946789860725403,65,1.65175715247546,"track5"
"Region_E",50,"track5",120,45,160.103129124596,77.0693674860696,162,76,-22.7387886047363,403.891967773438,20.7903842926025,236.824523925781,96.836051940918,-0.981370806694031,0.639682590961456,1.99895858764648,0.758713662624359,50,2.17753666747968,"track5"
"Region_E",75,"track5",120,45,168.225810213257,79.1152157200978,170,80,-25.0335178375244,360.257690429688,20.5016994476318,142.5,111.319488525391,-0.988958418369293,-1.90363657474518,1.83953976631165,0.287083208560944,75,1.982572223488,"track5"
"Region_E",85,"track5",120,45,170.43306753344,79.5488490715592,170,80,-23.0600776672363,367.988739013672,19.3313255310059,216.69303894043,94.7942123413086,-0.937727093696594,-4.79253721237183,2.011714220047,0.35268646478653,85,0.625367610891706,"track5"
"Region_E",95,"track5",120,45,171.987929605648,79.7603967597908,170,80,-19.3011341094971,362.771911621094,17.0563011169434,648.216674804688,182.648223876953,-1.36160004138947,-1.83421063423157,2.3225462436676,0.946789860725403,95,2.00231711517672,"track5"
"Region_E",80,"track5",120,45,169.408934279456,79.3597712393158,170,80,-25.0260524749756,368.050170898438,20.6460247039795,50,22.193265914917,-0.555027306079865,-4.29919481277466,1.88100862503052,0.0717708021402359,80,0.871350418608567,"track5"
"Region_E",60,"track5",120,45,163.771229256342,78.0508040232967,162,80,-25.4303779602051,319.673797607422,20.4335708618164,112.894515991211,84.200927734375,-1.29080522060394,1.21277070045471,1.68045735359192,0.856458425521851,60,2.63374600789806,"track5"
"Region_E",45,"track5",120,45,158.078390097605,76.4987339818142,158,76,-21.6035823822021,396.772338867188,20.621654510498,161.752380371094,129.820938110352,-1.23534739017487,0.765137135982513,1.80150818824768,0.805907666683197,45,0.504857001554594,"track5"
"Region_E",70,"track5",120,45,166.888356652208,78.8153466490442,166,80,-25.5196304321289,334.167816162109,21.1183338165283,263.413696289062,190.54801940918,-1.36151444911957,-0.105777449905872,1.71290850639343,0.946789860725403,70,1.48073667593328,"track5"
"Region_E",40,"track5",120,45,155.93573261577,75.8757664976312,154,76,-20.7316493988037,395.391296386719,20.0507183074951,70.0357437133789,285.911529541016,-1.17194771766663,0.734758913516998,1.73368155956268,1,40,1.93971511384165,"track5"
"Region_E",90,"track5",120,45,171.293988973947,79.682381383184,170,80,-21.0006847381592,369.208740234375,17.4455223083496,586.091674804688,166.669052124023,-1.12068808078766,-2.15094351768494,2.20095324516296,0.549496293067932,90,1.33239973373009,"track5"
"Region_F",295,"track6",-20,0,-18.5793632842512,19.197507345891,-18,20,27.4219036102295,495.700500488281,59.1460266113281,269.917175292969,1092.56787109375,-2.68294191360474,-1.10823237895966,1.03492176532745,1,295,0.989775871112851,"track6"
"Region_F",100,"track6",-20,0,6.33606352590488,32.6757664976312,6,32,17.2321548461914,951.711608886719,22.6756229400635,250.356567382812,135.495758056641,-1.90017402172089,-1.18740487098694,1.00543856620789,0.6202472448349,100,0.754717863021922,"track6"
"Region_F",300,"track6",-20,0,-22.12997064285,18.0771899348232,-22,20,28.8243141174316,45.1477546691895,4.39037466049194,129.909439086914,726.757263183594,-2.69753503799438,-0.781282961368561,0.999450981616974,1,300,1.92719768439771,"track6"
"Region_F",390,"track6",-20,0,-90.4041236183686,-2.57479967724137,-50,-28,26.4832191467285,338.415283203125,15.2717123031616,64.9274368286133,97.3605041503906,-3.81758880615234,-0.648674607276917,1.00125861167908,0.123839870095253,390,47.7381819597355,"track6"
"Region_F",400,"track6",-20,0,-97.2098001394305,-4.60914001230789,-82,-56,11.7941045761108,1103.21313476562,23.0572395324707,23.3333339691162,76.9807510375977,0.0199024826288223,1.79213011264801,1.51036024093628,0.18019337952137,400,53.5943887972985,"track6"
"Region_F",500,"track6",-20,0,-134.729062752626,-16.4135681507545,-138,-16,28.6706256866455,583.162658691406,23.1869163513184,102.598518371582,119.049331665039,-2.55947113037109,-2.95207142829895,0.999252021312714,0.250644683837891,500,3.29697878239687,"track6"
"Region_F",290,"track6",-20,0,-15.1143888886635,20.2998629333524,-14,20,27.9615612030029,581.830261230469,70.5875244140625,229.13410949707,1522.08447265625,-2.44649791717529,-1.50142550468445,1.1022937297821,1,290,1.15402789133343,"track6"
"Region_F",95,"track6",-20,0,3.95046915032657,32.0012860388353,2,32,18.4934959411621,683.1044921875,21.8776454925537,288.269744873047,108.428886413574,-2.04765582084656,-2.27654552459717,1.05554890632629,0.312812298536301,95,1.95046957430039,"track6"
"Region_F",285,"track6",-20,0,-11.7432587857915,21.3820827832972,-10,20,29.6955852508545,239.431350708008,29.7702674865723,116.166236877441,1810.20947265625,-2.77252125740051,-2.15287470817566,1.02333080768585,1,285,2.22465817916499,"track6"
"Region_F",385,"track6",-20,0,-86.8667419318289,-1.51943626552662,-50,-24,25.928991317749,310.318054199219,11.9483976364136,30,100.47509765625,-3.57678151130676,-0.775382280349731,1.00029873847961,0.0617619194090366,385,43.1802316632019,"track6"
"Region_F",395,"track6",-20,0,-93.8545333521336,-3.60538403587123,-46,-24,29.6510238647461,290.943206787109,11.5721626281738,67.8924789428711,110.72452545166,-3.94636702537537,-1.52645087242126,0.999944686889648,0.309819042682648,395,52.0191957134553,"track6"
"Region_F",495,"track6",-20,0,-134.45131915337,-16.2822862713423,-138,-16,24.1589756011963,689.987548828125,68.134147644043,40,107.270751953125,-3.03078150749207,-2.96306085586548,1.08521842956543,0.0626659467816353,495,3.55989062897015,"track6"
"Region_F",80,"track6",-20,0,-3.72892320823721,29.6783085228649,-2,28,24.4656467437744,754.384582519531,75.4010467529297,340.490997314453,160.203002929688,-1.55707049369812,-1.42964243888855,1.13196432590485,0.558159053325653,80,2.40954247895782,"track6"
"Region_F",90,"track6",-20,0,1.47223558320161,31.2762030300505,2,32,22.7779979705811,343.660766601562,15.7883920669556,408.714477539062,139.644439697266,-2.70938849449158,-2.405348777771,1.00093519687653,0.441258817911148,90,0.895777502143635,"track6"
"Region_F",280,"track6",-20,0,-8.47392440885295,22.4420279346355,-10,24,28.0766105651855,73.0408401489258,4.64285564422607,237.100387573242,1626.62707519531,-2.4293909072876,-1.96077156066895,1.00050175189972,1,280,2.18086764072258,"track6"
"Region_F",380,"track6",-20,0,-83.2508001501357,-0.441386142801219,-50,-20,30.4331512451172,207.85563659668,13.8812885284424,30,103.573432922363,-3.44526600837708,-0.171041995286942,1.00030481815338,0.0618948899209499,380,38.5766132085136,"track6"
"Region_F",480,"track6",-20,0,-132.538843262804,-15.5666139933055,-134,-20,25.8694076538086,739.262329101562,28.0768909454346,50,103.573432922363,-1.94387722015381,-0.891082346439362,0.999065339565277,0.0618948899209499,480,4.66796427739214,"track6"
"Region_F",490,"track6",-20,0,-133.993696531513,-16.0969631029723,-134,-20,13.3361148834229,1352.47985839844,67.7403793334961,283.801544189453,135.644744873047,-0.743825078010559,-2.58550310134888,1.13764357566833,0.31030660867691,490,3.90304198712676,"track6"
"Region_F",75,"track6",-20,0,-6.43467467231153,28.8077499875613,-6,28,23.4854278564453,436.911834716797,36.2787551879883,124.769668579102,113.443077087402,-2.56001734733582,-4.4369945526123,1.00611805915833,0.247080683708191,75,0.917279735497561,"track6"
"Region_F",85,"track6",-20,0,-1.09038912523633,30.5015157348409,-2,32,13.4944877624512,1151.28369140625,40.064338684082,688.088439941406,181.058868408203,0.530396938323975,-1.71386575698853,1.17528998851776,0.754128158092499,85,1.75295380327543,"track6"
"Region_F",275,"track6",-20,0,-5.3140552735324,23.477598092035,-6,24,27.9148941040039,56.0941734313965,3.41199445724487,60.5834274291992,1544.0888671875,-2.67561721801758,-1.91150498390198,1.00025022029877,1,275,0.862220343771903,"track6"
"Region_F",375,"track6",-20,0,-79.5649276986721,0.657218967907603,-50,-20,11.0440311431885,2207.47094726562,21.2433891296387,10,103.573432922363,5.18979835510254,5.16223287582397,1.70402550697327,0.0618948899209499,375,36.066683314602,"track6"
"Region_F",475,"track6",-20,0,-131.542872306476,-15.2230294217744,-138,-20,12.9223756790161,1224.08142089844,70.6239318847656,411.357513427734,126.488967895508,-1.02966904640198,-3.88149547576904,1.13006401062012,0.501229286193848,475,8.03205739245585,"track6"
"Region_F",485,"track6",-20,0,-133.356077525294,-15.8581807197036,-134,-20,12.7949190139771,1296.68688964844,69.2355499267578,490.4248046875,120.009010314941,-0.667899131774902,-5.54237699508667,1.15836536884308,0.186100751161575,485,4.19157525329868,"track6"
"Region_F",70,"track6",-20,0,-9.19876536921547,27.8910909176348,-6,28,23.4010448455811,468.848175048828,38.210620880127,10,96.8872528076172,-2.43072700500488,-0.374039381742477,1.00677251815796,0.061620406806469,70,3.20061885820755,"track6"
"Region_F",170,"track6",-20,0,26.1252818895921,36.4630712115378,26,40,7.16402816772461,1762.794921875,44.2382736206055,144.112548828125,146.947265625,3.37039852142334,3.04405355453491,1.49934053421021,0.556559443473816,170,3.53914690377673,"track6"
"Region_F",270,"track6",-20,0,-2.27101773768888,24.4867352717389,-2,24,26.8972473144531,57.1214294433594,3.12438488006592,149.015228271484,1505.40893554688,-2.68427801132202,-2.05602526664734,0.999656021595001,1,270,0.557101282440402,"track6"
"Region_F",370,"track6",-20,0,-75.8179476718752,1.77421166299207,-50,-24,9.47204208374023,2199.75854492188,21.7097587585449,34.9902267456055,113.452568054199,4.60187292098999,5.09018611907959,1.69584739208221,0.248542875051498,370,36.4811788301365,"track6"
"Region_F",470,"track6",-20,0,-130.36953821996,-14.8282837988011,-138,-16,12.8980178833008,1229.36145019531,70.3804244995117,70,106.16716003418,-1.07217442989349,-4.02687406539917,1.12744998931885,0.0620212592184544,470,7.71990063620039,"track6"
"Region_F",200,"track6",-20,0,24.8171062512289,34.8163673203932,26,36,13.3344144821167,1138.51147460938,55.5812301635742,61.7582664489746,155.389862060547,-0.418071150779724,-0.67643791437149,1.25634574890137,0.619470775127411,200,1.67338696693712,"track6"
"Region_F",65,"track6",-20,0,-12.0121555834839,26.9296621258617,-10,24,23.4180240631104,476.575653076172,45.8754959106445,417.645568847656,145.735336303711,-2.37523531913757,-3.2091805934906,1.03446054458618,0.440180957317352,65,3.55410892684141,"track6"
"Region_F",165,"track6",-20,0,25.7225449549119,36.5504726815699,26,40,6.4589729309082,1892.75183105469,41.4334106445312,150.82633972168,135.262191772461,3.75718855857849,3.35569095611572,1.52572059631348,0.493592202663422,165,3.46066756892945,"track6"
"Region_F",265,"track6",-20,0,0.648145399357361,25.4674273739378,2,24,25.8121929168701,155.423233032227,11.0538997650146,321.206665039062,1568.98327636719,-2.62675285339355,-2.16754078865051,0.999640285968781,1,265,1.99520774834622,"track6"
"Region_F",365,"track6",-20,0,-72.0188523981723,2.90739262057309,-46,-20,13.6211795806885,959.468627929688,23.6386528015137,10,103.573432922363,-0.546947419643402,1.99048674106598,1.38611340522766,0.0618948899209499,365,34.6659677030797,"track6"
"Region_F",465,"track6",-20,0,-129.020705764108,-14.3833227264967,-142,-16,12.6209182739258,1240.34143066406,70.5751037597656,346.298736572266,122.282135009766,-0.945017397403717,-4.54728174209595,1.13684701919556,0.372791230678558,465,13.0795918999227,"track6"
"Region_F",195,"track6",-20,0,25.4836895702412,35.2209653061042,26,36,12.949520111084,1167.81640625,55.0829162597656,20,88.3152770996094,-0.460786044597626,-0.078505352139473,1.2430979013443,0.0613015852868557,195,0.934596979543061,"track6"
"Region_F",60,"track6",-20,0,-14.8656690674132,25.9248721389857,-10,24,23.0586681365967,485.765167236328,47.9722213745117,492.584228515625,164.381378173828,-2.08435773849487,-1.6894166469574,1.03790783882141,0.565666615962982,60,5.23257758901145,"track6"
"Region_F",160,"track6",-20,0,25.1474861841853,36.5830201566047,26,40,5.82157802581787,2043.37475585938,38.0682258605957,173.702163696289,123.911560058594,4.02820825576782,4.0692982673645,1.54799151420593,0.307455778121948,160,3.52172273984262,"track6"
"Region_F",260,"track6",-20,0,3.43673440146117,26.4177116754935,2,28,23.0785942077637,89.7100830078125,5.51258325576782,292.824462890625,1082.79870605469,-2.25672888755798,-1.65172803401947,0.999008536338806,1,260,2.13725105736589,"track6"
"Region_F",360,"track6",-20,0,-68.1767785362339,4.05453441821505,-46,-20,24.5492210388184,141.845352172852,9.10688781738281,79.9329986572266,117.708488464355,-2.35165238380432,0.181785136461258,0.999456763267517,0.24841171503067,360,32.7174285713633,"track6"
"Region_F",460,"track6",-20,0,-127.498725732631,-13.8891789739596,-142,-16,28.9757137298584,395.562774658203,16.4885540008545,560.841552734375,140.083374023438,-2.58446478843689,-5.31573820114136,0.999463200569153,0.373435914516449,460,14.6540956998867,"track6"
"Region_F",190,"track6",-20,0,25.9703042186063,35.5745794093841,26,40,9.32344532012939,1405.91650390625,48.8113250732422,49.4761734008789,187.031753540039,1.71516895294189,2.96311640739441,1.43241763114929,0.809305608272552,190,4.4255202228981,"track6"
"Region_F",55,"track6",-20,0,-17.7500184541626,24.8782047527127,-14,24,23.3831348419189,128.176834106445,11.907154083252,195,107.082550048828,-2.4235520362854,-1.96302103996277,1.0046489238739,0.126438081264496,55,3.85147789741121,"track6"
"Region_F",155,"track6",-20,0,24.4030828921679,36.5603967597908,26,40,6.09157419204712,1983.22766113281,35.0953254699707,144.746490478516,126.457672119141,4.03070020675659,4.08393669128418,1.53879618644714,0.368573158979416,155,3.79223083413234,"track6"
"Region_F",255,"track6",-20,0,6.08841115019493,27.3356782369507,6,28,22.9993133544922,364.798583984375,18.9381771087646,438.613159179688,934.049377441406,-2.25067090988159,-2.50984120368958,1.00444674491882,1,255,0.670179033049963,"track6"
"Region_F",355,"track6",-20,0,-64.3009817715113,5.21338539941913,-46,-16,24.8789253234863,448.885162353516,27.1817474365234,20,106.16716003418,-2.11829924583435,0.481746792793274,1.12172985076904,0.0620212592184544,355,28.0166674303972,"track6"
"Region_F",455,"track6",-20,0,-125.806428441703,-13.3469706845333,-142,-16,18.0494766235352,1246.01318359375,74.7644119262695,286.441162109375,122.282135009766,-2.29003262519836,-4.09117221832275,1.06685161590576,0.186395615339279,455,16.4094583811414,"track6"
"Region_F",185,"track6",-20,0,26.2769872663024,35.8763354266794,26,40,9.30340003967285,1443.57397460938,49.077751159668,53.3236274719238,201.453247070312,1.70300161838531,1.86710464954376,1.40014100074768,0.872272908687592,185,4.13295674535227,"track6"
"Region_F",50,"track6",-20,0,-20.6558309785943,23.7912164560487,-18,20,27.1944274902344,121.303825378418,13.1755247116089,173.308944702148,165.977096557617,-2.60111570358276,-1.58906590938568,1.00083100795746,0.626985311508179,50,4.62890488166215,"track6"
"Region_F",150,"track6",-20,0,23.4927813837357,36.482381383184,22,40,7.86650514602661,1803.61499023438,33.3982353210449,306.625244140625,209.700546264648,2.29490923881531,1.83998775482178,1.30025744438171,0.808409333229065,150,3.82126117832824,"track6"
"Region_F",250,"track6",-20,0,8.59721669791045,28.2194732179251,10,28,24.122989654541,552.737487792969,25.6144676208496,1187.93774414062,348.451477050781,-2.15557813644409,-3.11861443519592,1.00874173641205,1,250,1.41984840247389,"track6"
"Region_F",350,"track6",-20,0,-60.4008111831373,6.38167358218368,-46,-16,16.3766994476318,308.479095458984,17.1197986602783,20,107.270751953125,-2.4921703338623,0.192058682441711,1.00655817985535,0.0626659467816353,350,26.6143321364973,"track6"
"Region_F",450,"track6",-20,0,-123.947115891563,-12.7578994348659,-138,-28,19.4171829223633,1198.36437988281,70.4193267822266,577.857971191406,184.246398925781,-2.48587369918823,-3.40523290634155,1.049760222435,0.810479342937469,450,20.731743327632,"track6"
"Region_F",180,"track6",-20,0,26.4042740937479,36.1254491728117,26,40,9.60057163238525,1443.66516113281,51.6681022644043,109.686515808105,237.608016967773,1.15401363372803,0.297110050916672,1.33504366874695,1,180,3.8955848925856,"track6"
"Region_F",45,"track6",-20,0,-23.5736744346183,22.6655337294537,-18,24,24.7215194702148,119.402526855469,13.5465936660767,130,102.845611572266,-2.72364377975464,-3.62364077568054,0.998507738113403,0.0632190406322479,45,5.73119943208606,"track6"
"Region_F",145,"track6",-20,0,22.420487409537,36.3488490715592,22,40,8.53341770172119,1707.62414550781,31.1950702667236,298.413787841797,222.300811767578,1.80018866062164,1.09550702571869,1.25237667560577,0.936136424541473,145,3.67528403852451,"track6"
"Region_F",245,"track6",-20,0,10.9575877707094,29.0673020951107,10,28,25.0905017852783,617.962158203125,27.8000526428223,423.573059082031,222.000457763672,-2.28563046455383,-2.55456256866455,1.01116669178009,0.876160144805908,245,1.43391356114649,"track6"
"Region_F",345,"track6",-20,0,-56.4856833521772,7.55711060284688,-42,-12,23.5707912445068,623.71826171875,45.8046226501465,83.7273330688477,128.473007202148,-2.28131103515625,0.209822550415993,1.0258195400238,0.498144894838333,345,24.3375347418659,"track6"
"Region_F",445,"track6",-20,0,-121.92455262181,-12.1232481491417,-138,-28,20.6821556091309,1174.6552734375,68.5707092285156,484.797180175781,169.875549316406,-2.48755407333374,-2.67177438735962,1.04182696342468,0.810479342937469,445,22.5940535925426,"track6"
"Region_F",175,"track6",-20,0,26.353196909096,36.3212278422127,26,40,8.03146743774414,1624.80493164062,47.2268104553223,128.002593994141,149.120559692383,2.71088361740112,1.80562055110931,1.45441913604736,0.683390259742737,175,3.695688385877,"track6"
"Region_F",40,"track6",-20,0,-26.4940832971575,21.5028502214987,-22,20,28.3599376678467,134.538681030273,18.2046508789062,110,105.566772460938,-2.58036160469055,-4.94985485076904,1.00328314304352,0.0630860701203346,40,4.73870694072217,"track6"
"Region_F",140,"track6",-20,0,21.1905553492367,36.1597712393158,22,40,9.40911483764648,1609.94470214844,31.020471572876,309.555786132812,199.369262695312,1.25519454479218,-0.125587478280067,1.20466017723083,0.936136424541473,140,3.92460922602941,"track6"
"Region_F",240,"track6",-20,0,13.1643721756168,29.8774327773203,14,28,27.3865451812744,525.557800292969,28.6769142150879,498.472991943359,456.28515625,-2.43357253074646,-1.45346367359161,1.00071096420288,1,240,2.05500065553277,"track6"
"Region_F",340,"track6",-20,0,-52.5650562829377,8.73739568836542,-42,-8,28.4371013641357,1155.6884765625,86.0758743286133,86.6052093505859,125.398956298828,-1.91766560077667,0.464045345783234,1.05124735832214,0.373907715082169,340,19.7929489639759,"track6"
"Region_F",440,"track6",-20,0,-119.742955285721,-11.4443788721038,-138,-24,25.9346485137939,955.837158203125,51.3677597045898,30,100.47509765625,-2.86163878440857,-0.616155982017517,1.00263071060181,0.0617619194090366,440,22.1576917481594,"track6"
"Region_F",540,"track6",-20,0,-130.652425206883,-15.4797598912143,-122,-20,33.1753463745117,149.805053710938,10.8608484268188,99.7965774536133,104.59130859375,-3.29988646507263,-0.902575671672821,1.00211834907532,0.25,540,9.7620199037793,"track6"
"Region_F",35,"track6",-20,0,-29.407584936385,20.3049238089294,-22,12,31.5493144989014,425.846588134766,51.264461517334,43.356330871582,109.074508666992,-2.74100756645203,-6.29001903533936,1.02925145626068,0.18785734474659,35,11.1285252420022,"track6"
"Region_F",135,"track6",-20,0,19.8077761523062,35.9152157200978,18,36,12.1048851013184,1566.54223632812,16.6703491210938,45,99.8173828125,0.926723122596741,-0.85714465379715,1.12101006507874,0.122603170573711,135,1.80976324168812,"track6"
"Region_F",235,"track6",-20,0,15.21284306929,30.6481986121539,14,32,22.3470249176025,657.134155273438,20.922492980957,171.946487426758,651.411560058594,-2.44005632400513,-1.50791609287262,1.00229239463806,1,235,1.81613746806441,"track6"
"Region_F",335,"track6",-20,0,-48.6484032095565,9.92021965013437,-34,8,26.0623836517334,3747.82055664062,39.2935104370117,36.2517242431641,157.269317626953,11.6543817520142,8.99706554412842,1.56051516532898,0.5,335,14.7737253289245,"track6"
"Region_F",435,"track6",-20,0,-117.40698097247,-10.722730404736,-138,-28,14.5965490341187,1300.75891113281,25.2732257843018,86.6666641235352,106.508743286133,-0.404971271753311,-0.739179849624634,1.11711609363556,0.184861212968826,435,26.8807826771405,"track6"
"Region_F",535,"track6",-20,0,-131.750411201382,-15.7903696489944,-118,-16,29.3579292297363,445.282379150391,45.932186126709,83.7328109741211,165.805938720703,-3.42167806625366,-0.72680276632309,1.02280426025391,0.498454958200455,535,13.7520090565401,"track6"
"Region_F",30,"track6",-20,0,-32.3047258516405,19.0735735452382,-18,20,27.7274913787842,135.10139465332,15.1521558761597,254.528335571289,208.552597045898,-2.87656140327454,-0.999400019645691,1.00067722797394,0.75,30,14.3346938462834,"track6"
"Region_F",130,"track6",-20,0,18.2773640697589,35.6153466490442,18,36,12.7249946594238,1527.46875,18.4285907745361,117.5,105.568435668945,-0.0381139032542706,-2.47425723075867,1.06526517868042,0.245206341147423,130,0.474224659412362,"track6"
"Region_F",230,"track6",-20,0,17.0987120487448,31.3780012790735,18,32,20.5568218231201,775.195251464844,20.8015766143799,72.9994659423828,170.400344848633,-2.17821383476257,0.375844478607178,1.00356328487396,0.746610641479492,230,1.09508099239828,"track6"
"Region_F",330,"track6",-20,0,-44.7451863604135,11.1032688924153,-34,12,26.8556270599365,2013.54162597656,113.000396728516,100,108.867980957031,1.96842241287231,4.59441137313843,1.42222058773041,0.25,330,10.7825394318466,"track6"
"Region_F",430,"track6",-20,0,-114.921714309579,-9.95981580670491,-134,-32,8.50126552581787,1682.25402832031,18.8730812072754,50,102.073440551758,4.66049909591675,4.71149301528931,1.71674299240112,0.122935920953751,430,29.1504837723101,"track6"
"Region_F",530,"track6",-20,0,-132.687075960693,-16.0457089842388,-118,-16,31.425745010376,275.572357177734,28.6578750610352,10,107.773612976074,-3.57711815834045,-0.627484440803528,1.00541317462921,0.0629597008228302,530,14.6871470880634,"track6"
"Region_F",25,"track6",-20,0,-35.1760978523681,17.8106765030422,-18,16,31.1141338348389,231.61979675293,26.4356689453125,78.8816299438477,162.821105957031,-2.83904457092285,-0.698092818260193,1.00550723075867,0.562959730625153,25,17.271273457183,"track6"
"Region_F",125,"track6",-20,0,16.6049422135754,35.2604241778735,18,36,13.188325881958,1515.03125,15.8048458099365,217.5,105.568435668945,-0.384115099906921,-1.98618984222412,1.04629683494568,0.245206341147423,125,1.57897391496444,"track6"
"Region_F",225,"track6",-20,0,18.8181410278467,32.0653135638636,18,32,20.9825038909912,821.852294921875,20.0848751068115,160.496139526367,183.241729736328,-2.18138408660889,-0.0902675539255142,1.00341105461121,0.877064049243927,225,0.82074393270407,"track6"
"Region_F",325,"track6",-20,0,-40.8648307530218,12.2842294284141,-34,12,25.6308135986328,2360.6162109375,149.66096496582,39.9597053527832,108.462623596191,3.53335213661194,6.26842594146729,1.55523765087128,0.124536223709583,325,6.87071230918679,"track6"
"Region_F",425,"track6",-20,0,-112.292653381329,-9.15721976990115,-134,-36,13.6526336669922,1772.69104003906,24.3036479949951,131.307846069336,125.335296630859,2.66035437583923,1.54296553134918,1.35801029205322,0.369432717561722,425,34.5216417295658,"track6"
"Region_F",525,"track6",-20,0,-133.458440722628,-16.245595042614,-142,-28,19.3177337646484,1138.64331054688,76.5664901733398,45,104.103370666504,-2.03985285758972,-0.109599433839321,1.08569288253784,0.123240813612938,525,14.5301159937244,"track6"
"Region_F",20,"track6",-20,0,-38.0123641135696,16.5181645157477,-46,4,28.5806732177734,2453.59106445312,99.8869552612305,80.0045700073242,111.162719726562,1.9054582118988,3.19847130775452,1.25090527534485,0.125152572989464,20,14.8494703574746,"track6"
"Region_F",120,"track6",-20,0,14.796526983811,34.8508040232968,14,36,15.0609474182129,1390.12780761719,14.183521270752,161.389694213867,132.826141357422,-0.710419476032257,-0.600484788417816,1.03989434242249,0.686282575130463,120,1.39825127527564,"track6"
"Region_F",220,"track6",-20,0,20.3677528666735,32.7086820096618,18,32,19.2765274047852,1023.31353759766,27.7705459594727,131.629119873047,107.558395385742,-1.97549390792847,-2.24235248565674,1.00671982765198,0.309422940015793,220,2.47153471115804,"track6"
"Region_F",320,"track6",-20,0,-37.0166980919723,13.4607908970385,-34,16,26.8175315856934,742.804443359375,87.0134887695312,20,106.735214233398,-1.99857687950134,1.58529996871948,1.12879192829132,0.0623530969023705,320,3.94310160237743,"track6"
"Region_F",420,"track6",-20,0,-109.525694502128,-8.31659586763558,-130,-40,14.3840398788452,1862.42919921875,35.6425285339355,126.176544189453,102.40372467041,1.31607604026794,1.3542628288269,1.34440040588379,0.184286579489708,420,37.7231398883353,"track6"
"Region_F",520,"track6",-20,0,-134.060984514037,-16.389941228909,-142,-28,21.7062911987305,1077.77770996094,77.1364059448242,81.4658813476562,135.532257080078,-2.48975777626038,-0.668850004673004,1.03372180461884,0.372099727392197,520,14.0649006947987,"track6"
"Region_F",15,"track6",-20,0,-40.8042850336173,15.1980208241584,-46,4,27.7293186187744,3054.279296875,61.020320892334,20,111.213539123535,8.26389503479004,6.74244928359985,1.43747508525848,0.0626049041748047,15,12.3446800035553,"track6"
"Region_F",115,"track6",-20,0,12.8585114065154,34.3869368495431,14,36,13.6494722366333,1456.41979980469,16.0443744659424,163.302291870117,110.993667602539,-0.524533927440643,-0.803196132183075,1.07903206348419,0.43311208486557,115,1.97609942472982,"track6"
"Region_F",215,"track6",-20,0,21.7446407243155,33.3067294399557,22,36,14.7805843353271,1270.54675292969,48.2879104614258,124.483131408691,221.680480957031,-1.14871871471405,-0.16680334508419,1.14517712593079,0.745282530784607,215,2.70534926936973,"track6"
"Region_F",315,"track6",-20,0,-33.2100608422193,14.6306505733612,-30,16,27.655366897583,568.335632324219,57.8852272033691,171.465377807617,223.637023925781,-2.603764295578,0.0292438752949238,1.06046390533447,0.874374330043793,315,3.48992957851388,"track6"
"Region_F",415,"track6",-20,0,-106.627115886995,-7.43966368426778,-126,-44,7.3062481880188,1181.02868652344,10.7660617828369,160,78.0243606567383,1.47468948364258,1.32619631290436,1.8938159942627,0.0609102547168732,415,41.3759209006322,"track6"
"Region_F",515,"track6",-20,0,-134.491653901947,-16.4787573573527,-142,-28,18.6306324005127,1247.59118652344,91.7622146606445,46.645133972168,114.148651123047,-1.69851684570312,0.643329322338104,1.13642370700836,0.185460284352303,515,13.7518832586267,"track6"
"Region_F",10,"track6",-20,0,-43.5427438228091,13.8522766338467,-50,4,27.1886806488037,2414.76342773438,65.6826858520508,150.891479492188,185.89762878418,4.97249221801758,3.22714400291443,1.35483741760254,0.750400483608246,10,11.7797925367008,"track6"
"Region_F",110,"track6",-20,0,10.7976474286054,33.8693674860696,10,32,17.9524612426758,902.536926269531,18.9078407287598,126.433235168457,123.302871704102,-2.12511491775513,-1.18706345558167,1.003453373909,0.370209127664566,110,2.03243111035408,"track6"
"Region_F",210,"track6",-20,0,22.9463761092065,33.8581573491687,22,36,14.2374248504639,1285.79931640625,49.3666496276855,66.1266937255859,166.613204956055,-1.04781198501587,-0.511755108833313,1.15252232551575,0.49365907907486,210,2.34160579111793,"track6"
"Region_F",310,"track6",-20,0,-29.4540765495117,15.7915173658274,-30,16,28.8190841674805,391.815551757812,39.6909790039062,90.8614730834961,184.702484130859,-2.83567023277283,0.233453914523125,1.05578315258026,0.687040269374847,310,0.584377808052862,"track6"
"Region_F",410,"track6",-20,0,-103.6035602644,-6.52820583024848,-126,-48,10.7056102752686,1431.52209472656,16.0745944976807,529.434265136719,129.463287353516,2.92370343208313,1.30703520774841,1.89075183868408,0.428403437137604,410,47.1328995977184,"track6"
"Region_F",510,"track6",-20,0,-134.747871449872,-16.5121496345775,-146,-28,19.0074939727783,1321.20581054688,114.000961303711,52.6702842712402,130.307434082031,-1.40471363067627,1.69768834114075,1.23658561706543,0.435460269451141,510,16.0804571740652,"track6"
"Region_F",5,"track6",-20,0,-46.2187717518059,12.4830075892658,-50,4,26.6314792633057,1782.37927246094,71.5521011352539,105.748016357422,153.280471801758,1.43577396869659,0.922089040279388,1.23201310634613,0.437852799892426,5,9.28757798483983,"track6"
"Region_F",105,"track6",-20,0,8.62102721872964,33.2987339818142,10,32,17.6101303100586,932.263305664062,20.231330871582,153.169296264648,110.602333068848,-2.03003883361816,-1.23445522785187,1.00473725795746,0.185104563832283,105,1.89427450149216,"track6"
"Region_F",205,"track6",-20,0,23.9710156046954,34.3617481566838,22,36,13.805947303772,1285.77233886719,51.8317642211914,50,111.319488525391,-0.978301763534546,-0.218518599867821,1.15372836589813,0.245206341147423,205,2.56296149328895,"track6"
"Region_F",305,"track6",-20,0,-25.7577624790842,16.9411157932694,-26,16,30.1674251556396,262.216033935547,25.3898868560791,194.37353515625,391.186431884766,-2.84004426002502,-0.318015843629837,1.06466042995453,1,305,0.971791105577995,"track6"
"Region_F",405,"track6",-20,0,-100.462016479601,-5.58406484775733,-98,-56,3.42052054405212,819.959106445312,7.30752563476562,125,85.5654296875,0.736602067947388,0.379173547029495,2.30572056770325,0.12012892216444,405,50.4760145259208,"track6"
"Region_F",505,"track6",-20,0,-134.827542855876,-16.4903204752593,-134,-32,9.5671911239624,1385.75170898438,68.6252365112305,40,92.8273849487305,-0.0292254742234945,-1.8323620557785,1.25939726829529,0.0614679604768753,505,15.5317412461859,"track6"
"Region_F",0,"track6",-20,0,-48.8235729900213,11.0923301707208,-50,4,28.7488746643066,156.372482299805,12.165093421936,46.6917457580566,111.100654602051,-2.3384861946106,-1.31066679954529,1.00030612945557,0.18762394785881,0,7.1892369386691,"track6"
